/*M!999999\- enable the sandbox mode */ 
-- MariaDB dump 10.19  Distrib 10.11.13-MariaDB, for debian-linux-gnu (x86_64)
--
-- Host: 127.0.0.1    Database: ensotek
-- ------------------------------------------------------
-- Server version	10.11.13-MariaDB-0ubuntu0.24.04.1

/*!40101 SET @OLD_CHARACTER_SET_CLIENT=@@CHARACTER_SET_CLIENT */;
/*!40101 SET @OLD_CHARACTER_SET_RESULTS=@@CHARACTER_SET_RESULTS */;
/*!40101 SET @OLD_COLLATION_CONNECTION=@@COLLATION_CONNECTION */;
/*!40101 SET NAMES utf8mb4 */;
/*!40103 SET @OLD_TIME_ZONE=@@TIME_ZONE */;
/*!40103 SET TIME_ZONE='+00:00' */;
/*!40014 SET @OLD_UNIQUE_CHECKS=@@UNIQUE_CHECKS, UNIQUE_CHECKS=0 */;
/*!40014 SET @OLD_FOREIGN_KEY_CHECKS=@@FOREIGN_KEY_CHECKS, FOREIGN_KEY_CHECKS=0 */;
/*!40101 SET @OLD_SQL_MODE=@@SQL_MODE, SQL_MODE='NO_AUTO_VALUE_ON_ZERO' */;
/*!40111 SET @OLD_SQL_NOTES=@@SQL_NOTES, SQL_NOTES=0 */;

--
-- Table structure for table `audit_auth_events`
--

DROP TABLE IF EXISTS `audit_auth_events`;
/*!40101 SET @saved_cs_client     = @@character_set_client */;
/*!40101 SET character_set_client = utf8mb4 */;
CREATE TABLE `audit_auth_events` (
  `id` bigint(20) unsigned NOT NULL AUTO_INCREMENT,
  `event` varchar(32) NOT NULL,
  `user_id` varchar(64) DEFAULT NULL,
  `email` varchar(255) DEFAULT NULL,
  `ip` varchar(64) NOT NULL,
  `user_agent` longtext DEFAULT NULL,
  `country` varchar(8) DEFAULT NULL,
  `city` varchar(64) DEFAULT NULL,
  `created_at` datetime(3) NOT NULL DEFAULT current_timestamp(3),
  PRIMARY KEY (`id`),
  KEY `audit_auth_events_created_idx` (`created_at`),
  KEY `audit_auth_events_event_idx` (`event`),
  KEY `audit_auth_events_user_idx` (`user_id`),
  KEY `audit_auth_events_ip_idx` (`ip`)
) ENGINE=InnoDB DEFAULT CHARSET=utf8mb4 COLLATE=utf8mb4_unicode_ci;
/*!40101 SET character_set_client = @saved_cs_client */;

--
-- Dumping data for table `audit_auth_events`
--

LOCK TABLES `audit_auth_events` WRITE;
/*!40000 ALTER TABLE `audit_auth_events` DISABLE KEYS */;
/*!40000 ALTER TABLE `audit_auth_events` ENABLE KEYS */;
UNLOCK TABLES;

--
-- Table structure for table `audit_events`
--

DROP TABLE IF EXISTS `audit_events`;
/*!40101 SET @saved_cs_client     = @@character_set_client */;
/*!40101 SET character_set_client = utf8mb4 */;
CREATE TABLE `audit_events` (
  `id` bigint(20) unsigned NOT NULL AUTO_INCREMENT,
  `ts` datetime(3) NOT NULL DEFAULT current_timestamp(3),
  `level` varchar(16) NOT NULL,
  `topic` varchar(128) NOT NULL,
  `message` longtext DEFAULT NULL,
  `actor_user_id` varchar(64) DEFAULT NULL,
  `ip` varchar(64) DEFAULT NULL,
  `entity_type` varchar(64) DEFAULT NULL,
  `entity_id` varchar(64) DEFAULT NULL,
  `meta_json` longtext DEFAULT NULL,
  PRIMARY KEY (`id`),
  KEY `audit_events_ts_idx` (`ts`),
  KEY `audit_events_topic_ts_idx` (`topic`,`ts`),
  KEY `audit_events_level_ts_idx` (`level`,`ts`)
) ENGINE=InnoDB DEFAULT CHARSET=utf8mb4 COLLATE=utf8mb4_unicode_ci;
/*!40101 SET character_set_client = @saved_cs_client */;

--
-- Dumping data for table `audit_events`
--

LOCK TABLES `audit_events` WRITE;
/*!40000 ALTER TABLE `audit_events` DISABLE KEYS */;
/*!40000 ALTER TABLE `audit_events` ENABLE KEYS */;
UNLOCK TABLES;

--
-- Table structure for table `audit_request_logs`
--

DROP TABLE IF EXISTS `audit_request_logs`;
/*!40101 SET @saved_cs_client     = @@character_set_client */;
/*!40101 SET character_set_client = utf8mb4 */;
CREATE TABLE `audit_request_logs` (
  `id` bigint(20) unsigned NOT NULL AUTO_INCREMENT,
  `req_id` varchar(64) NOT NULL,
  `method` varchar(16) NOT NULL,
  `url` longtext NOT NULL,
  `path` varchar(255) NOT NULL,
  `status_code` int(11) NOT NULL,
  `response_time_ms` int(11) NOT NULL DEFAULT 0,
  `ip` varchar(64) NOT NULL,
  `user_agent` longtext DEFAULT NULL,
  `referer` longtext DEFAULT NULL,
  `user_id` varchar(64) DEFAULT NULL,
  `is_admin` int(11) NOT NULL DEFAULT 0,
  `country` varchar(8) DEFAULT NULL,
  `city` varchar(64) DEFAULT NULL,
  `created_at` datetime(3) NOT NULL DEFAULT current_timestamp(3),
  PRIMARY KEY (`id`),
  KEY `audit_request_logs_created_idx` (`created_at`),
  KEY `audit_request_logs_user_idx` (`user_id`),
  KEY `audit_request_logs_path_idx` (`path`),
  KEY `audit_request_logs_ip_idx` (`ip`)
) ENGINE=InnoDB DEFAULT CHARSET=utf8mb4 COLLATE=utf8mb4_unicode_ci;
/*!40101 SET character_set_client = @saved_cs_client */;

--
-- Dumping data for table `audit_request_logs`
--

LOCK TABLES `audit_request_logs` WRITE;
/*!40000 ALTER TABLE `audit_request_logs` DISABLE KEYS */;
/*!40000 ALTER TABLE `audit_request_logs` ENABLE KEYS */;
UNLOCK TABLES;

--
-- Table structure for table `catalog_requests`
--

DROP TABLE IF EXISTS `catalog_requests`;
/*!40101 SET @saved_cs_client     = @@character_set_client */;
/*!40101 SET character_set_client = utf8mb4 */;
CREATE TABLE `catalog_requests` (
  `id` char(36) NOT NULL,
  `status` enum('new','sent','failed','archived') NOT NULL DEFAULT 'new',
  `locale` varchar(10) DEFAULT NULL,
  `country_code` char(2) DEFAULT NULL,
  `customer_name` varchar(255) NOT NULL,
  `company_name` varchar(255) DEFAULT NULL,
  `email` varchar(255) NOT NULL,
  `phone` varchar(50) DEFAULT NULL,
  `message` longtext DEFAULT NULL,
  `consent_marketing` tinyint(1) NOT NULL DEFAULT 0,
  `consent_terms` tinyint(1) NOT NULL DEFAULT 0,
  `admin_notes` longtext DEFAULT NULL,
  `email_sent_at` datetime(3) DEFAULT NULL,
  `created_at` datetime(3) NOT NULL DEFAULT current_timestamp(3),
  `updated_at` datetime(3) NOT NULL DEFAULT current_timestamp(3) ON UPDATE current_timestamp(3),
  PRIMARY KEY (`id`),
  KEY `catalog_requests_status_created_idx` (`status`,`created_at`),
  KEY `catalog_requests_email_idx` (`email`),
  KEY `catalog_requests_locale_idx` (`locale`),
  KEY `catalog_requests_country_idx` (`country_code`)
) ENGINE=InnoDB DEFAULT CHARSET=utf8mb4 COLLATE=utf8mb4_unicode_ci;
/*!40101 SET character_set_client = @saved_cs_client */;

--
-- Dumping data for table `catalog_requests`
--

LOCK TABLES `catalog_requests` WRITE;
/*!40000 ALTER TABLE `catalog_requests` DISABLE KEYS */;
INSERT INTO `catalog_requests` VALUES
('2a0e9d9a-3a3a-4c8e-9af3-2d6f86b0a901','new','tr','TR','Ahmet Yılmaz','Yılmaz Makina','ahmet.yilmaz@example.com','+90 532 111 22 33','Merhaba, soğutma kulesi kataloğunu paylaşabilir misiniz? Proje için teknik döküman da lazım.',1,1,NULL,NULL,'2025-12-10 09:15:00.000','2025-12-10 09:15:00.000'),
('5c1f4c2e-6ed5-4e10-8e5d-4e1b52c7b7b2','sent','en','DE','John Carter','Carter HVAC GmbH','john.carter@example.com','+49 170 123 45 67','Please send the latest product catalog and price list.',0,1,'Sent catalog PDF link via template catalog_sent_customer.','2025-12-09 14:05:12.123','2025-12-09 13:58:00.000','2025-12-09 14:05:12.123'),
('8d3e7b6a-9f26-4df2-8b8c-5b7c9e2b3c13','failed','de','DE','Max Mustermann','Mustermann Industrie','max.mustermann@example.com','+49 152 222 33 44','Bitte senden Sie mir den aktuellen Katalog.',0,1,'SMTP timeout on send. Needs resend.',NULL,'2025-12-08 11:22:00.000','2025-12-08 11:30:00.000'),
('c6e1e9d4-2b7a-4b25-9a67-7a4d9e1b0d44','archived','tr','TR','Ayşe Demir',NULL,'ayse.demir@example.com',NULL,'Katalog talebi artık gerekmiyor, teşekkürler.',0,1,'User requested no longer needed. Archived.','2025-11-25 10:10:00.000','2025-11-25 09:55:00.000','2025-12-01 08:00:00.000');
/*!40000 ALTER TABLE `catalog_requests` ENABLE KEYS */;
UNLOCK TABLES;

--
-- Table structure for table `categories`
--

DROP TABLE IF EXISTS `categories`;
/*!40101 SET @saved_cs_client     = @@character_set_client */;
/*!40101 SET character_set_client = utf8mb4 */;
CREATE TABLE `categories` (
  `id` char(36) NOT NULL,
  `module_key` varchar(64) NOT NULL DEFAULT 'general',
  `image_url` longtext DEFAULT NULL,
  `storage_asset_id` char(36) DEFAULT NULL,
  `alt` varchar(255) DEFAULT NULL,
  `icon` varchar(255) DEFAULT NULL,
  `is_active` tinyint(1) NOT NULL DEFAULT 1,
  `is_featured` tinyint(1) NOT NULL DEFAULT 0,
  `display_order` int(11) NOT NULL DEFAULT 0,
  `created_at` datetime(3) NOT NULL DEFAULT current_timestamp(3),
  `updated_at` datetime(3) NOT NULL DEFAULT current_timestamp(3) ON UPDATE current_timestamp(3),
  PRIMARY KEY (`id`),
  KEY `categories_module_idx` (`module_key`),
  KEY `categories_active_idx` (`is_active`),
  KEY `categories_featured_idx` (`is_featured`),
  KEY `categories_order_idx` (`display_order`),
  KEY `categories_storage_asset_idx` (`storage_asset_id`)
) ENGINE=InnoDB DEFAULT CHARSET=utf8mb4 COLLATE=utf8mb4_unicode_ci;
/*!40101 SET character_set_client = @saved_cs_client */;

--
-- Dumping data for table `categories`
--

LOCK TABLES `categories` WRITE;
/*!40000 ALTER TABLE `categories` DISABLE KEYS */;
INSERT INTO `categories` VALUES
('aaaa0001-1111-4111-8111-aaaaaaaa0001','product',NULL,NULL,NULL,NULL,1,1,10,'2026-01-02 03:32:20.028','2026-01-02 03:32:20.028'),
('aaaa0002-1111-4111-8111-aaaaaaaa0002','product',NULL,NULL,NULL,NULL,1,0,11,'2026-01-02 03:32:20.028','2026-01-02 03:32:20.028'),
('aaaa0003-1111-4111-8111-aaaaaaaa0003','product',NULL,NULL,NULL,NULL,1,0,12,'2026-01-02 03:32:20.028','2026-01-02 03:32:20.028'),
('aaaa0004-1111-4111-8111-aaaaaaaa0004','product',NULL,NULL,NULL,NULL,1,0,13,'2026-01-02 03:32:20.028','2026-01-02 03:32:20.028'),
('aaaa0005-1111-4111-8111-aaaaaaaa0005','product',NULL,NULL,NULL,NULL,1,0,14,'2026-01-02 03:32:20.028','2026-01-02 03:32:20.028'),
('aaaa1001-1111-4111-8111-aaaaaaaa1001','sparepart',NULL,NULL,NULL,NULL,1,0,15,'2026-01-02 03:32:20.028','2026-01-02 03:32:20.028'),
('aaaa1501-1111-4111-8111-aaaaaaaa1501','solutions',NULL,NULL,NULL,NULL,1,0,25,'2026-01-02 03:32:20.028','2026-01-02 03:32:20.028'),
('aaaa2001-1111-4111-8111-aaaaaaaa2001','news',NULL,NULL,NULL,NULL,1,0,16,'2026-01-02 03:32:20.028','2026-01-02 03:32:20.028'),
('aaaa2002-1111-4111-8111-aaaaaaaa2002','news',NULL,NULL,NULL,NULL,1,0,17,'2026-01-02 03:32:20.028','2026-01-02 03:32:20.028'),
('aaaa2003-1111-4111-8111-aaaaaaaa2003','news',NULL,NULL,NULL,NULL,1,0,18,'2026-01-02 03:32:20.028','2026-01-02 03:32:20.028'),
('aaaa2004-1111-4111-8111-aaaaaaaa2004','news',NULL,NULL,NULL,NULL,1,0,19,'2026-01-02 03:32:20.028','2026-01-02 03:32:20.028'),
('aaaa3001-1111-4111-8111-aaaaaaaa3001','blog',NULL,NULL,NULL,NULL,1,0,20,'2026-01-02 03:32:20.028','2026-01-02 03:32:20.028'),
('aaaa3002-1111-4111-8111-aaaaaaaa3002','blog',NULL,NULL,NULL,NULL,1,0,21,'2026-01-02 03:32:20.028','2026-01-02 03:32:20.028'),
('aaaa3003-1111-4111-8111-aaaaaaaa3003','blog',NULL,NULL,NULL,NULL,1,0,22,'2026-01-02 03:32:20.028','2026-01-02 03:32:20.028'),
('aaaa3004-1111-4111-8111-aaaaaaaa3004','blog',NULL,NULL,NULL,NULL,1,0,23,'2026-01-02 03:32:20.028','2026-01-02 03:32:20.028'),
('aaaa4001-1111-4111-8111-aaaaaaaa4001','slider',NULL,NULL,NULL,NULL,1,0,24,'2026-01-02 03:32:20.028','2026-01-02 03:32:20.028'),
('aaaa5002-1111-4111-8111-aaaaaaaa5002','references',NULL,NULL,NULL,NULL,1,0,26,'2026-01-02 03:32:20.028','2026-01-02 03:32:20.028'),
('aaaa5003-1111-4111-8111-aaaaaaaa5003','references',NULL,NULL,NULL,NULL,1,0,27,'2026-01-02 03:32:20.028','2026-01-02 03:32:20.028'),
('aaaa6001-1111-4111-8111-aaaaaaaa6001','library',NULL,NULL,NULL,NULL,1,0,35,'2026-01-02 03:32:20.028','2026-01-02 03:32:20.028'),
('aaaa7001-1111-4111-8111-aaaaaaaa7001','about',NULL,NULL,NULL,NULL,1,0,36,'2026-01-02 03:32:20.028','2026-01-02 03:32:20.028'),
('aaaa7101-1111-4111-8111-aaaaaaaa7101','legal',NULL,NULL,NULL,NULL,1,0,44,'2026-01-02 03:32:20.028','2026-01-02 03:32:20.028'),
('aaaa8001-1111-4111-8111-aaaaaaaa8001','services',NULL,NULL,NULL,NULL,1,0,40,'2026-01-02 03:32:20.028','2026-01-02 03:32:20.028'),
('aaaa9001-1111-4111-8111-aaaaaaaa9001','faq',NULL,NULL,NULL,NULL,1,0,41,'2026-01-02 03:32:20.028','2026-01-02 03:32:20.028'),
('aaaa9101-1111-4111-8111-aaaaaaaa9101','team',NULL,NULL,NULL,NULL,1,0,42,'2026-01-02 03:32:20.028','2026-01-02 03:32:20.028');
/*!40000 ALTER TABLE `categories` ENABLE KEYS */;
UNLOCK TABLES;

--
-- Table structure for table `category_i18n`
--

DROP TABLE IF EXISTS `category_i18n`;
/*!40101 SET @saved_cs_client     = @@character_set_client */;
/*!40101 SET character_set_client = utf8mb4 */;
CREATE TABLE `category_i18n` (
  `category_id` char(36) NOT NULL,
  `locale` varchar(8) NOT NULL DEFAULT 'de',
  `name` varchar(255) NOT NULL,
  `slug` varchar(255) NOT NULL,
  `description` text DEFAULT NULL,
  `alt` varchar(255) DEFAULT NULL,
  `created_at` datetime(3) NOT NULL DEFAULT current_timestamp(3),
  `updated_at` datetime(3) NOT NULL DEFAULT current_timestamp(3) ON UPDATE current_timestamp(3),
  PRIMARY KEY (`category_id`,`locale`),
  UNIQUE KEY `category_i18n_locale_slug_uq` (`locale`,`slug`),
  KEY `category_i18n_locale_idx` (`locale`),
  KEY `category_i18n_name_idx` (`name`),
  CONSTRAINT `fk_category_i18n_category` FOREIGN KEY (`category_id`) REFERENCES `categories` (`id`) ON DELETE CASCADE ON UPDATE CASCADE
) ENGINE=InnoDB DEFAULT CHARSET=utf8mb4 COLLATE=utf8mb4_unicode_ci;
/*!40101 SET character_set_client = @saved_cs_client */;

--
-- Dumping data for table `category_i18n`
--

LOCK TABLES `category_i18n` WRITE;
/*!40000 ALTER TABLE `category_i18n` DISABLE KEYS */;
INSERT INTO `category_i18n` VALUES
('aaaa0001-1111-4111-8111-aaaaaaaa0001','de','KÜHLTÜRME','kuehltuerme',NULL,NULL,'2026-01-02 03:32:20.031','2026-01-02 03:32:20.031'),
('aaaa0001-1111-4111-8111-aaaaaaaa0001','en','Cooling Towers','cooling-towers',NULL,NULL,'2026-01-02 03:32:20.031','2026-01-02 03:32:20.031'),
('aaaa0001-1111-4111-8111-aaaaaaaa0001','tr','SOĞUTMA KULELERİ','sogutma-kuleleri',NULL,NULL,'2026-01-02 03:32:20.031','2026-01-02 03:32:20.031'),
('aaaa0002-1111-4111-8111-aaaaaaaa0002','de','OFFENE KREISLAUF-KÜHLTÜRME','offene-kreislauf-kuehltuerme',NULL,NULL,'2026-01-02 03:32:20.031','2026-01-02 03:32:20.031'),
('aaaa0002-1111-4111-8111-aaaaaaaa0002','en','Open Circuit Cooling Towers','open-circuit-cooling-towers',NULL,NULL,'2026-01-02 03:32:20.031','2026-01-02 03:32:20.031'),
('aaaa0002-1111-4111-8111-aaaaaaaa0002','tr','AÇIK DEVRE SOĞUTMA KULELERİ','acik-devre-sogutma-kuleleri',NULL,NULL,'2026-01-02 03:32:20.031','2026-01-02 03:32:20.031'),
('aaaa0003-1111-4111-8111-aaaaaaaa0003','de','GESCHLOSSENE KREISLAUF-KÜHLTÜRME','geschlossene-kreislauf-kuehltuerme',NULL,NULL,'2026-01-02 03:32:20.031','2026-01-02 03:32:20.031'),
('aaaa0003-1111-4111-8111-aaaaaaaa0003','en','Closed Circuit Cooling Towers','closed-circuit-cooling-towers',NULL,NULL,'2026-01-02 03:32:20.031','2026-01-02 03:32:20.031'),
('aaaa0003-1111-4111-8111-aaaaaaaa0003','tr','KAPALI DEVRE SOĞUTMA KULELERİ','kapali-devre-sogutma-kuleleri',NULL,NULL,'2026-01-02 03:32:20.031','2026-01-02 03:32:20.031'),
('aaaa0004-1111-4111-8111-aaaaaaaa0004','de','HYBRID-KÜHLSYSTEME','hybrid-kuehlsysteme',NULL,NULL,'2026-01-02 03:32:20.031','2026-01-02 03:32:20.031'),
('aaaa0004-1111-4111-8111-aaaaaaaa0004','en','Hybrid Cooling Systems','hybrid-cooling-systems',NULL,NULL,'2026-01-02 03:32:20.031','2026-01-02 03:32:20.031'),
('aaaa0004-1111-4111-8111-aaaaaaaa0004','tr','HİBRİT SOĞUTMA SİSTEMLERİ','hibrit-sogutma-sistemleri',NULL,NULL,'2026-01-02 03:32:20.031','2026-01-02 03:32:20.031'),
('aaaa0005-1111-4111-8111-aaaaaaaa0005','de','WÄRMEÜBERTRAGUNGS-LÖSUNGEN','waermeuebertragungs-loesungen',NULL,NULL,'2026-01-02 03:32:20.031','2026-01-02 03:32:20.031'),
('aaaa0005-1111-4111-8111-aaaaaaaa0005','en','Heat Transfer Solutions','heat-transfer-solutions',NULL,NULL,'2026-01-02 03:32:20.031','2026-01-02 03:32:20.031'),
('aaaa0005-1111-4111-8111-aaaaaaaa0005','tr','ISI TRANSFER ÇÖZÜMLERİ','isi-transfer-cozumleri',NULL,NULL,'2026-01-02 03:32:20.031','2026-01-02 03:32:20.031'),
('aaaa1001-1111-4111-8111-aaaaaaaa1001','de','ERSATZTEILE FÜR KÜHLTÜRME','ersatzteile-fuer-kuehltuerme',NULL,NULL,'2026-01-02 03:32:20.031','2026-01-02 03:32:20.031'),
('aaaa1001-1111-4111-8111-aaaaaaaa1001','en','Cooling Tower Spare Parts','cooling-tower-spare-parts',NULL,NULL,'2026-01-02 03:32:20.031','2026-01-02 03:32:20.031'),
('aaaa1001-1111-4111-8111-aaaaaaaa1001','tr','SOĞUTMA KULESİ YEDEK PARÇALARI','sogutma-kulesi-yedek-parcalari',NULL,NULL,'2026-01-02 03:32:20.031','2026-01-02 03:32:20.031'),
('aaaa1501-1111-4111-8111-aaaaaaaa1501','de','LÖSUNGEN','loesungen',NULL,NULL,'2026-01-02 03:32:20.031','2026-01-02 03:32:20.031'),
('aaaa1501-1111-4111-8111-aaaaaaaa1501','en','Solutions','solutions',NULL,NULL,'2026-01-02 03:32:20.031','2026-01-02 03:32:20.031'),
('aaaa1501-1111-4111-8111-aaaaaaaa1501','tr','ÇÖZÜMLER','cozumler',NULL,NULL,'2026-01-02 03:32:20.031','2026-01-02 03:32:20.031'),
('aaaa2001-1111-4111-8111-aaaaaaaa2001','de','ALLGEMEINE NEWS','allgemeine-news',NULL,NULL,'2026-01-02 03:32:20.031','2026-01-02 03:32:20.031'),
('aaaa2001-1111-4111-8111-aaaaaaaa2001','en','General News','general-news',NULL,NULL,'2026-01-02 03:32:20.031','2026-01-02 03:32:20.031'),
('aaaa2001-1111-4111-8111-aaaaaaaa2001','tr','GENEL HABERLER','genel-haberler',NULL,NULL,'2026-01-02 03:32:20.031','2026-01-02 03:32:20.031'),
('aaaa2002-1111-4111-8111-aaaaaaaa2002','de','UNTERNEHMENSNEWS','unternehmensnews',NULL,NULL,'2026-01-02 03:32:20.031','2026-01-02 03:32:20.031'),
('aaaa2002-1111-4111-8111-aaaaaaaa2002','en','Company News','company-news',NULL,NULL,'2026-01-02 03:32:20.031','2026-01-02 03:32:20.031'),
('aaaa2002-1111-4111-8111-aaaaaaaa2002','tr','ŞİRKET HABERLERİ','sirket-haberleri',NULL,NULL,'2026-01-02 03:32:20.031','2026-01-02 03:32:20.031'),
('aaaa2003-1111-4111-8111-aaaaaaaa2003','de','ANKÜNDIGUNGEN','ankuendigungen',NULL,NULL,'2026-01-02 03:32:20.031','2026-01-02 03:32:20.031'),
('aaaa2003-1111-4111-8111-aaaaaaaa2003','en','Announcements','announcements',NULL,NULL,'2026-01-02 03:32:20.031','2026-01-02 03:32:20.031'),
('aaaa2003-1111-4111-8111-aaaaaaaa2003','tr','DUYURULAR','duyurular',NULL,NULL,'2026-01-02 03:32:20.031','2026-01-02 03:32:20.031'),
('aaaa2004-1111-4111-8111-aaaaaaaa2004','de','ENSOTEK IN DEN MEDIEN','ensotek-in-den-medien',NULL,NULL,'2026-01-02 03:32:20.031','2026-01-02 03:32:20.031'),
('aaaa2004-1111-4111-8111-aaaaaaaa2004','en','Ensotek in the Media','ensotek-in-the-media',NULL,NULL,'2026-01-02 03:32:20.031','2026-01-02 03:32:20.031'),
('aaaa2004-1111-4111-8111-aaaaaaaa2004','tr','BASINDA ENSOTEK','basinda-ensotek',NULL,NULL,'2026-01-02 03:32:20.031','2026-01-02 03:32:20.031'),
('aaaa3001-1111-4111-8111-aaaaaaaa3001','de','ALLGEMEINE BLOGBEITRÄGE','allgemeine-blogbeitraege',NULL,NULL,'2026-01-02 03:32:20.031','2026-01-02 03:32:20.031'),
('aaaa3001-1111-4111-8111-aaaaaaaa3001','en','General Blog Posts','general-blog-posts',NULL,NULL,'2026-01-02 03:32:20.031','2026-01-02 03:32:20.031'),
('aaaa3001-1111-4111-8111-aaaaaaaa3001','tr','GENEL BLOG YAZILARI','genel-blog-yazilari',NULL,NULL,'2026-01-02 03:32:20.031','2026-01-02 03:32:20.031'),
('aaaa3002-1111-4111-8111-aaaaaaaa3002','de','TECHNISCHE ARTIKEL','technische-artikel',NULL,NULL,'2026-01-02 03:32:20.031','2026-01-02 03:32:20.031'),
('aaaa3002-1111-4111-8111-aaaaaaaa3002','en','Technical Articles','technical-articles',NULL,NULL,'2026-01-02 03:32:20.031','2026-01-02 03:32:20.031'),
('aaaa3002-1111-4111-8111-aaaaaaaa3002','tr','TEKNİK YAZILAR','teknik-yazilar',NULL,NULL,'2026-01-02 03:32:20.031','2026-01-02 03:32:20.031'),
('aaaa3003-1111-4111-8111-aaaaaaaa3003','de','BRANCHENARTIKEL','branchenartikel',NULL,NULL,'2026-01-02 03:32:20.031','2026-01-02 03:32:20.031'),
('aaaa3003-1111-4111-8111-aaaaaaaa3003','en','Sector Articles','sector-articles',NULL,NULL,'2026-01-02 03:32:20.031','2026-01-02 03:32:20.031'),
('aaaa3003-1111-4111-8111-aaaaaaaa3003','tr','SEKTÖREL YAZILAR','sektorel-yazilar',NULL,NULL,'2026-01-02 03:32:20.031','2026-01-02 03:32:20.031'),
('aaaa3004-1111-4111-8111-aaaaaaaa3004','de','ENERGIEEFFIZIENZ & ALLGEMEINE ARTIKEL','energieeffizienz-allgemeine-artikel',NULL,NULL,'2026-01-02 03:32:20.031','2026-01-02 03:32:20.031'),
('aaaa3004-1111-4111-8111-aaaaaaaa3004','en','Energy Efficiency & General Articles','energy-efficiency-general-articles',NULL,NULL,'2026-01-02 03:32:20.031','2026-01-02 03:32:20.031'),
('aaaa3004-1111-4111-8111-aaaaaaaa3004','tr','ENERJİ VERİMLİLİĞİ & GENEL YAZILAR','enerji-verimliligi-genel-yazilar',NULL,NULL,'2026-01-02 03:32:20.031','2026-01-02 03:32:20.031'),
('aaaa4001-1111-4111-8111-aaaaaaaa4001','de','HAUPTSLIDER','hauptslider',NULL,NULL,'2026-01-02 03:32:20.031','2026-01-02 03:32:20.031'),
('aaaa4001-1111-4111-8111-aaaaaaaa4001','en','Main Slider','main-slider',NULL,NULL,'2026-01-02 03:32:20.031','2026-01-02 03:32:20.031'),
('aaaa4001-1111-4111-8111-aaaaaaaa4001','tr','ANA SLIDER','ana-slider',NULL,NULL,'2026-01-02 03:32:20.031','2026-01-02 03:32:20.031'),
('aaaa5002-1111-4111-8111-aaaaaaaa5002','de','INLANDSREFERENZEN','inlandsreferenzen',NULL,NULL,'2026-01-02 03:32:20.031','2026-01-02 03:32:20.031'),
('aaaa5002-1111-4111-8111-aaaaaaaa5002','en','Domestic References','domestic-references',NULL,NULL,'2026-01-02 03:32:20.031','2026-01-02 03:32:20.031'),
('aaaa5002-1111-4111-8111-aaaaaaaa5002','tr','YURT İÇİ REFERANSLAR','yurt-ici-referanslar',NULL,NULL,'2026-01-02 03:32:20.031','2026-01-02 03:32:20.031'),
('aaaa5003-1111-4111-8111-aaaaaaaa5003','de','AUSLANDSREFERENZEN','auslandsreferenzen',NULL,NULL,'2026-01-02 03:32:20.031','2026-01-02 03:32:20.031'),
('aaaa5003-1111-4111-8111-aaaaaaaa5003','en','International References','international-references',NULL,NULL,'2026-01-02 03:32:20.031','2026-01-02 03:32:20.031'),
('aaaa5003-1111-4111-8111-aaaaaaaa5003','tr','YURT DIŞI REFERANSLAR','yurt-disi-referanslar',NULL,NULL,'2026-01-02 03:32:20.031','2026-01-02 03:32:20.031'),
('aaaa6001-1111-4111-8111-aaaaaaaa6001','de','DOKUMENTENBIBLIOTHEK','dokumentenbibliothek',NULL,NULL,'2026-01-02 03:32:20.031','2026-01-02 03:32:20.031'),
('aaaa6001-1111-4111-8111-aaaaaaaa6001','en','Document Library','document-library',NULL,NULL,'2026-01-02 03:32:20.031','2026-01-02 03:32:20.031'),
('aaaa6001-1111-4111-8111-aaaaaaaa6001','tr','DÖKÜMAN KÜTÜPHANESİ','dokuman-kutuphanesi',NULL,NULL,'2026-01-02 03:32:20.031','2026-01-02 03:32:20.031'),
('aaaa7001-1111-4111-8111-aaaaaaaa7001','de','UNTERNEHMEN','unternehmen',NULL,NULL,'2026-01-02 03:32:20.031','2026-01-02 03:32:20.031'),
('aaaa7001-1111-4111-8111-aaaaaaaa7001','en','Corporate','corporate',NULL,NULL,'2026-01-02 03:32:20.031','2026-01-02 03:32:20.031'),
('aaaa7001-1111-4111-8111-aaaaaaaa7001','tr','KURUMSAL','kurumsal',NULL,NULL,'2026-01-02 03:32:20.031','2026-01-02 03:32:20.031'),
('aaaa7101-1111-4111-8111-aaaaaaaa7101','de','RECHTLICHES & DATENSCHUTZ','rechtliches-und-datenschutz',NULL,NULL,'2026-01-02 03:32:20.031','2026-01-02 03:32:20.031'),
('aaaa7101-1111-4111-8111-aaaaaaaa7101','en','Legal & Compliance','legal-and-compliance',NULL,NULL,'2026-01-02 03:32:20.031','2026-01-02 03:32:20.031'),
('aaaa7101-1111-4111-8111-aaaaaaaa7101','tr','YASAL & KVKK','yasal-ve-kvkk',NULL,NULL,'2026-01-02 03:32:20.031','2026-01-02 03:32:20.031'),
('aaaa8001-1111-4111-8111-aaaaaaaa8001','de','DIENSTLEISTUNGEN','dienstleistungen','Ensotek bietet Wartung und Reparatur, Modernisierung, Ersatzteile, Anwendungen und Engineering-Support für industrielle Kühltürme.',NULL,'2026-01-02 03:32:20.031','2026-01-02 03:32:20.031'),
('aaaa8001-1111-4111-8111-aaaaaaaa8001','en','Services','services','Ensotek provides maintenance and repair, modernization, spare parts, applications and engineering support for industrial cooling towers.',NULL,'2026-01-02 03:32:20.031','2026-01-02 03:32:20.031'),
('aaaa8001-1111-4111-8111-aaaaaaaa8001','tr','HİZMETLER','hizmetler','Ensotek, su soğutma kuleleri için bakım ve onarım, modernizasyon, yedek parça tedariki, uygulamalar ve mühendislik desteği sunar.',NULL,'2026-01-02 03:32:20.031','2026-01-02 03:32:20.031'),
('aaaa9001-1111-4111-8111-aaaaaaaa9001','de','HÄUFIG GESTELLTE FRAGEN','haeufig-gestellte-fragen',NULL,NULL,'2026-01-02 03:32:20.031','2026-01-02 03:32:20.031'),
('aaaa9001-1111-4111-8111-aaaaaaaa9001','en','Frequently Asked Questions','frequently-asked-questions',NULL,NULL,'2026-01-02 03:32:20.031','2026-01-02 03:32:20.031'),
('aaaa9001-1111-4111-8111-aaaaaaaa9001','tr','SIKÇA SORULAN SORULAR','sikca-sorulan-sorular',NULL,NULL,'2026-01-02 03:32:20.031','2026-01-02 03:32:20.031'),
('aaaa9101-1111-4111-8111-aaaaaaaa9101','de','UNSER TEAM','unser-team','Unser Expertenteam bei Ensotek besteht aus Fachkräften aus Engineering, Projektleitung, Außendienst und Service.',NULL,'2026-01-02 03:32:20.031','2026-01-02 03:32:20.031'),
('aaaa9101-1111-4111-8111-aaaaaaaa9101','en','Our Team','our-team','Our expert team consisting of engineering, project, field and service professionals at Ensotek.',NULL,'2026-01-02 03:32:20.031','2026-01-02 03:32:20.031'),
('aaaa9101-1111-4111-8111-aaaaaaaa9101','tr','EKİBİMİZ','ekibimiz','Ensotek mühendislik, proje, saha ve servis ekiplerinden oluşan uzman kadromuz.',NULL,'2026-01-02 03:32:20.031','2026-01-02 03:32:20.031');
/*!40000 ALTER TABLE `category_i18n` ENABLE KEYS */;
UNLOCK TABLES;

--
-- Table structure for table `contact_messages`
--

DROP TABLE IF EXISTS `contact_messages`;
/*!40101 SET @saved_cs_client     = @@character_set_client */;
/*!40101 SET character_set_client = utf8mb4 */;
CREATE TABLE `contact_messages` (
  `id` char(36) NOT NULL,
  `name` varchar(255) NOT NULL,
  `email` varchar(255) NOT NULL,
  `phone` varchar(64) NOT NULL,
  `subject` varchar(255) NOT NULL,
  `message` longtext NOT NULL,
  `status` varchar(32) NOT NULL DEFAULT 'new',
  `is_resolved` tinyint(1) NOT NULL DEFAULT 0,
  `admin_note` varchar(2000) DEFAULT NULL,
  `ip` varchar(64) DEFAULT NULL,
  `user_agent` varchar(512) DEFAULT NULL,
  `website` varchar(255) DEFAULT NULL,
  `created_at` datetime(3) NOT NULL DEFAULT current_timestamp(3),
  `updated_at` datetime(3) NOT NULL DEFAULT current_timestamp(3) ON UPDATE current_timestamp(3),
  PRIMARY KEY (`id`),
  KEY `contact_created_idx` (`created_at`),
  KEY `contact_updated_idx` (`updated_at`),
  KEY `contact_status_idx` (`status`),
  KEY `contact_resolved_idx` (`is_resolved`),
  KEY `contact_status_resolved_created_idx` (`status`,`is_resolved`,`created_at`)
) ENGINE=InnoDB DEFAULT CHARSET=utf8mb4 COLLATE=utf8mb4_unicode_ci;
/*!40101 SET character_set_client = @saved_cs_client */;

--
-- Dumping data for table `contact_messages`
--

LOCK TABLES `contact_messages` WRITE;
/*!40000 ALTER TABLE `contact_messages` DISABLE KEYS */;
INSERT INTO `contact_messages` VALUES
('a7177603-e78b-11f0-9483-e768515de04d','Elif Koç','elif@example.com','+90 530 333 33 44','Özel tasarım mezar','Modern tasarım granit mezar için görsel ve fiyat bilgisi rica ediyorum.','new',0,NULL,NULL,NULL,NULL,'2024-01-05 14:20:00.000','2024-01-05 14:20:00.000');
/*!40000 ALTER TABLE `contact_messages` ENABLE KEYS */;
UNLOCK TABLES;

--
-- Table structure for table `custom_pages`
--

DROP TABLE IF EXISTS `custom_pages`;
/*!40101 SET @saved_cs_client     = @@character_set_client */;
/*!40101 SET character_set_client = utf8mb4 */;
CREATE TABLE `custom_pages` (
  `id` char(36) NOT NULL,
  `module_key` varchar(100) NOT NULL DEFAULT '',
  `is_published` tinyint(1) NOT NULL DEFAULT 0,
  `display_order` int(11) NOT NULL DEFAULT 0,
  `order_num` int(11) NOT NULL DEFAULT 0,
  `featured_image` varchar(500) DEFAULT NULL,
  `featured_image_asset_id` char(36) DEFAULT NULL,
  `image_url` longtext DEFAULT NULL,
  `storage_asset_id` char(36) DEFAULT NULL,
  `images` longtext NOT NULL DEFAULT '[]',
  `storage_image_ids` longtext NOT NULL DEFAULT '[]',
  `category_id` char(36) DEFAULT NULL,
  `sub_category_id` char(36) DEFAULT NULL,
  `created_at` datetime(3) NOT NULL DEFAULT current_timestamp(3),
  `updated_at` datetime(3) NOT NULL DEFAULT current_timestamp(3) ON UPDATE current_timestamp(3),
  PRIMARY KEY (`id`),
  KEY `custom_pages_module_key_idx` (`module_key`),
  KEY `custom_pages_is_published_idx` (`is_published`),
  KEY `custom_pages_display_order_idx` (`display_order`),
  KEY `custom_pages_order_num_idx` (`order_num`),
  KEY `custom_pages_featured_asset_idx` (`featured_image_asset_id`),
  KEY `custom_pages_storage_asset_idx` (`storage_asset_id`),
  KEY `custom_pages_created_idx` (`created_at`),
  KEY `custom_pages_updated_idx` (`updated_at`),
  KEY `custom_pages_category_id_idx` (`category_id`),
  KEY `custom_pages_sub_category_id_idx` (`sub_category_id`),
  CONSTRAINT `fk_custom_pages_category` FOREIGN KEY (`category_id`) REFERENCES `categories` (`id`) ON DELETE SET NULL ON UPDATE CASCADE,
  CONSTRAINT `fk_custom_pages_sub_category` FOREIGN KEY (`sub_category_id`) REFERENCES `sub_categories` (`id`) ON DELETE SET NULL ON UPDATE CASCADE,
  CONSTRAINT `chk_custom_pages_images_json` CHECK (json_valid(`images`)),
  CONSTRAINT `chk_custom_pages_storage_image_ids_json` CHECK (json_valid(`storage_image_ids`))
) ENGINE=InnoDB DEFAULT CHARSET=utf8mb4 COLLATE=utf8mb4_unicode_ci;
/*!40101 SET character_set_client = @saved_cs_client */;

--
-- Dumping data for table `custom_pages`
--

LOCK TABLES `custom_pages` WRITE;
/*!40000 ALTER TABLE `custom_pages` DISABLE KEYS */;
INSERT INTO `custom_pages` VALUES
('11111111-2222-3333-4444-555555555571','mission',1,10,10,'https://res.cloudinary.com/dbozv7wqd/image/upload/v1757875082/uploads/ensotek/about-images/russia-cooling-tower-1757875080869-645546842.webp',NULL,'https://res.cloudinary.com/dbozv7wqd/image/upload/v1757875082/uploads/ensotek/about-images/russia-cooling-tower-1757875080869-645546842.webp',NULL,'[\"https://res.cloudinary.com/dbozv7wqd/image/upload/v1757875082/uploads/ensotek/about-images/russia-cooling-tower-1757875080869-645546842.webp\", \"https://images.unsplash.com/photo-1531297484001-80022131f5a1?auto=format&fit=crop&w=1200&q=80\", \"https://images.unsplash.com/photo-1517245386807-bb43f82c33c4?auto=format&fit=crop&w=1200&q=80\"]','[]','aaaa7001-1111-4111-8111-aaaaaaaa7001','bbbb7002-1111-4111-8111-bbbbbbbb7002','2026-01-02 03:32:22.124','2026-01-02 03:41:33.538'),
('11111111-2222-3333-4444-555555555572','vision',1,20,20,NULL,NULL,NULL,NULL,'[]','[]','aaaa7001-1111-4111-8111-aaaaaaaa7001','bbbb7003-1111-4111-8111-bbbbbbbb7003','2026-01-02 03:32:22.150','2026-01-02 03:32:22.150'),
('11111111-2222-3333-4444-555555555573','about',1,30,30,'https://res.cloudinary.com/dbozv7wqd/image/upload/v1752786288/uploads/metahub/about-images/closed-circuit-water-cooling-towers1-1752786287184-840184158.webp',NULL,'https://res.cloudinary.com/dbozv7wqd/image/upload/v1752786288/uploads/metahub/about-images/closed-circuit-water-cooling-towers1-1752786287184-840184158.webp',NULL,'[\"https://res.cloudinary.com/dbozv7wqd/image/upload/v1752786288/uploads/metahub/about-images/closed-circuit-water-cooling-towers1-1752786287184-840184158.webp\", \"https://images.unsplash.com/photo-1486406146926-c627a92ad1ab?auto=format&fit=crop&w=1200&q=80\", \"https://images.unsplash.com/photo-1503387762-592deb58ef4e?auto=format&fit=crop&w=1200&q=80\"]','[]','aaaa7001-1111-4111-8111-aaaaaaaa7001','bbbb7001-1111-4111-8111-bbbbbbbb7001','2026-01-02 03:32:22.103','2026-01-02 03:32:22.103'),
('11111111-2222-3333-4444-555555555574','quality',1,40,40,'https://res.cloudinary.com/dbozv7wqd/image/upload/v1757875082/uploads/ensotek/about-images/russia-cooling-tower-1757875080869-645546842.webp?v=1',NULL,'https://res.cloudinary.com/dbozv7wqd/image/upload/v1757875082/uploads/ensotek/about-images/russia-cooling-tower-1757875080869-645546842.webp?v=1',NULL,'[\"https://res.cloudinary.com/dbozv7wqd/image/upload/v1757875082/uploads/ensotek/about-images/russia-cooling-tower-1757875080869-645546842.webp?v=1\", \"https://www.ensotek.de/uploads/zertifika/14001_1.jpg?v=1\", \"https://www.ensotek.de/uploads/zertifika/45001_1.jpg?v=1\", \"https://www.ensotek.de/uploads/zertifika/ce-belgesi-ce-declaration.jpg?v=1\", \"https://www.ensotek.de/uploads/zertifika/eac-ensotek.jpg?v=1\", \"https://www.ensotek.de/uploads/zertifika/iso-9001.jpg?v=1\", \"https://www.ensotek.de/uploads/zertifika/iso-10002.jpg?v=1\"]','[]','aaaa7001-1111-4111-8111-aaaaaaaa7001','bbbb7004-1111-4111-8111-bbbbbbbb7004','2026-01-02 03:32:22.166','2026-01-02 03:32:22.166'),
('11111111-2222-3333-4444-555555555590','solutions',1,40,40,'https://res.cloudinary.com/dbozv7wqd/image/upload/v1752786288/uploads/metahub/about-images/closed-circuit-water-cooling-towers1-1752786287184-840184158.webp',NULL,'https://res.cloudinary.com/dbozv7wqd/image/upload/v1752786288/uploads/metahub/about-images/closed-circuit-water-cooling-towers1-1752786287184-840184158.webp',NULL,'[\"https://res.cloudinary.com/dbozv7wqd/image/upload/v1752786288/uploads/metahub/about-images/closed-circuit-water-cooling-towers1-1752786287184-840184158.webp\", \"https://images.unsplash.com/photo-1581090700227-1e37b190418e?auto=format&fit=crop&w=1200&q=80\", \"https://images.unsplash.com/photo-1582719478250-c89cae4dc85b?auto=format&fit=crop&w=1200&q=80\"]','[]','aaaa1501-1111-4111-8111-aaaaaaaa1501','bbbb2001-1111-4111-8111-bbbbbbbb2001','2026-01-02 03:32:22.545','2026-01-02 03:32:22.545'),
('11111111-2222-3333-4444-555555555591','solutions',1,41,41,'https://images.unsplash.com/photo-1541888946425-d81bb19240f5?auto=format&fit=crop&w=1400&q=80',NULL,'https://images.unsplash.com/photo-1541888946425-d81bb19240f5?auto=format&fit=crop&w=1400&q=80',NULL,'[\"https://images.unsplash.com/photo-1541888946425-d81bb19240f5?auto=format&fit=crop&w=1400&q=80\", \"https://images.unsplash.com/photo-1581090700227-1e37b190418e?auto=format&fit=crop&w=1400&q=80\", \"https://images.unsplash.com/photo-1582719478250-c89cae4dc85b?auto=format&fit=crop&w=1400&q=80\"]','[]','aaaa1501-1111-4111-8111-aaaaaaaa1501','bbbb2001-1111-4111-8111-bbbbbbbb2001','2026-01-02 03:32:22.555','2026-01-02 03:32:22.555'),
('11111111-2222-3333-4444-555555555592','solutions',1,42,42,'https://images.unsplash.com/photo-1486406146926-c627a92ad1ab?auto=format&fit=crop&w=1400&q=80',NULL,'https://images.unsplash.com/photo-1486406146926-c627a92ad1ab?auto=format&fit=crop&w=1400&q=80',NULL,'[\"https://images.unsplash.com/photo-1486406146926-c627a92ad1ab?auto=format&fit=crop&w=1400&q=80\", \"https://images.unsplash.com/photo-1503387762-592deb58ef4e?auto=format&fit=crop&w=1400&q=80\", \"https://images.unsplash.com/photo-1520607162513-77705c0f0d4a?auto=format&fit=crop&w=1400&q=80\"]','[]','aaaa1501-1111-4111-8111-aaaaaaaa1501','bbbb2002-1111-4111-8111-bbbbbbbb2002','2026-01-02 03:32:22.565','2026-01-02 03:32:22.565'),
('11111111-2222-3333-4444-555555555593','solutions',1,43,43,'https://images.unsplash.com/photo-1504917595217-d4dc5ebe6122?auto=format&fit=crop&w=1400&q=80',NULL,'https://images.unsplash.com/photo-1504917595217-d4dc5ebe6122?auto=format&fit=crop&w=1400&q=80',NULL,'[\"https://images.unsplash.com/photo-1504917595217-d4dc5ebe6122?auto=format&fit=crop&w=1400&q=80\", \"https://images.unsplash.com/photo-1581092162384-8987c1d64718?auto=format&fit=crop&w=1400&q=80\", \"https://images.unsplash.com/photo-1516575150278-77136aed6920?auto=format&fit=crop&w=1400&q=80\"]','[]','aaaa1501-1111-4111-8111-aaaaaaaa1501','bbbb2003-1111-4111-8111-bbbbbbbb2003','2026-01-02 03:32:22.572','2026-01-02 03:32:22.572'),
('22220001-2222-4222-8222-222222220001','news',1,101,101,'https://www.ensotek.de/uploads/news/site1.png',NULL,'https://www.ensotek.de/uploads/news/site1.png',NULL,'[\"https://www.ensotek.de/uploads/news/site1.png\", \"https://www.ensotek.de/uploads/news/site2.png\", \"https://www.ensotek.de/uploads/news/site3.png\", \"https://www.ensotek.de/uploads/news/site4.png\", \"https://www.ensotek.de/uploads/news/site5.png\"]','[]','aaaa2003-1111-4111-8111-aaaaaaaa2003','bbbb2001-1111-4111-8111-bbbbbbbb2001','2026-01-02 03:32:22.318','2026-01-02 03:32:22.318'),
('22220003-2222-4222-8222-222222220003','news',1,102,102,'https://res.cloudinary.com/dbozv7wqd/image/upload/v1752958173/uploads/metahub/news-images/img-20240520-wa0183-1752958172132-879111355.webp',NULL,'https://res.cloudinary.com/dbozv7wqd/image/upload/v1752958173/uploads/metahub/news-images/img-20240520-wa0183-1752958172132-879111355.webp',NULL,'[\"https://res.cloudinary.com/dbozv7wqd/image/upload/v1752958173/uploads/metahub/news-images/img-20240520-wa0183-1752958172132-879111355.webp\", \"https://res.cloudinary.com/dbozv7wqd/image/upload/v1752958173/uploads/metahub/news-images/img-20240520-wa0183-1752958172132-879111355.webp\", \"https://res.cloudinary.com/dbozv7wqd/image/upload/v1752958174/uploads/metahub/news-images/img-20240520-wa0185-1752958173126-9783021.webp\", \"https://res.cloudinary.com/dbozv7wqd/image/upload/v1752958175/uploads/metahub/news-images/img-20240515-wa0016-1752958173920-597814699.webp\", \"https://res.cloudinary.com/dbozv7wqd/image/upload/v1752958175/uploads/metahub/news-images/img-20240515-wa0016-1752958173920-597814699.webp\"]','[]','aaaa2003-1111-4111-8111-aaaaaaaa2003','bbbb2001-1111-4111-8111-bbbbbbbb2001','2025-07-19 17:20:06.428','2025-07-19 20:49:51.752'),
('22220004-2222-4222-8222-222222220004','news',1,103,103,'https://res.cloudinary.com/dbozv7wqd/image/upload/v1752958291/uploads/metahub/news-images/img-20241017-wa0040-1752958289686-74069766.webp',NULL,'https://res.cloudinary.com/dbozv7wqd/image/upload/v1752958291/uploads/metahub/news-images/img-20241017-wa0040-1752958289686-74069766.webp',NULL,'[\"https://res.cloudinary.com/dbozv7wqd/image/upload/v1752958291/uploads/metahub/news-images/img-20241017-wa0040-1752958289686-74069766.webp\", \"https://res.cloudinary.com/dbozv7wqd/image/upload/v1752958291/uploads/metahub/news-images/baku-fuar-1-1752958289688-847911396.webp\", \"https://res.cloudinary.com/dbozv7wqd/image/upload/v1752958291/uploads/metahub/news-images/img-20241017-wa0033-1752958290248-519948162.webp\", \"https://res.cloudinary.com/dbozv7wqd/image/upload/v1752958291/uploads/metahub/news-images/img-20241017-wa0042-1752958290250-566260910.webp\", \"https://res.cloudinary.com/dbozv7wqd/image/upload/v1752958292/uploads/metahub/news-images/img-20241127-wa0007-1752958291068-704255418.webp\"]','[]','aaaa2003-1111-4111-8111-aaaaaaaa2003','bbbb2001-1111-4111-8111-bbbbbbbb2001','2025-07-19 17:20:06.428','2025-07-19 20:51:33.294'),
('22220005-2222-4222-8222-222222220005','news',1,104,104,'https://res.cloudinary.com/dbozv7wqd/image/upload/v1752958402/uploads/metahub/news-images/img-20250618-wa0024-1752958401251-408905732.webp',NULL,'https://res.cloudinary.com/dbozv7wqd/image/upload/v1752958402/uploads/metahub/news-images/img-20250618-wa0024-1752958401251-408905732.webp',NULL,'[\"https://res.cloudinary.com/dbozv7wqd/image/upload/v1752958402/uploads/metahub/news-images/img-20250618-wa0024-1752958401251-408905732.webp\", \"https://res.cloudinary.com/dbozv7wqd/image/upload/v1752958400/uploads/metahub/news-images/img-20250618-wa0021-1752958399183-255418708.webp\", \"https://res.cloudinary.com/dbozv7wqd/image/upload/v1752958402/uploads/metahub/news-images/img-20250618-wa0012-1752958400227-284317921.webp\", \"https://res.cloudinary.com/dbozv7wqd/image/upload/v1752958401/uploads/metahub/news-images/img-20250618-wa0023-1752958401249-770223355.webp\", \"https://res.cloudinary.com/dbozv7wqd/image/upload/v1752958402/uploads/metahub/news-images/img-20250618-wa0024-1752958401251-408905732.webp\"]','[]','aaaa2003-1111-4111-8111-aaaaaaaa2003','bbbb2001-1111-4111-8111-bbbbbbbb2001','2025-07-19 17:20:06.428','2025-07-19 20:53:23.466'),
('22220006-2222-4222-8222-222222220006','news',1,105,105,'https://res.cloudinary.com/dbozv7wqd/image/upload/v1752945605/uploads/metahub/news-images/ensotek-email-imza-1752945605003-245572109.webp',NULL,'https://res.cloudinary.com/dbozv7wqd/image/upload/v1752945605/uploads/metahub/news-images/ensotek-email-imza-1752945605003-245572109.webp',NULL,'[\"https://res.cloudinary.com/dbozv7wqd/image/upload/v1752945605/uploads/metahub/news-images/ensotek-email-imza-1752945605003-245572109.webp\", \"https://res.cloudinary.com/dbozv7wqd/image/upload/v1752945605/uploads/metahub/news-images/ensotek-email-imza-1752945605003-245572109.webp\", \"https://res.cloudinary.com/dbozv7wqd/image/upload/v1752945605/uploads/metahub/news-images/ensotek-email-imza-1752945605003-245572109.webp\", \"https://res.cloudinary.com/dbozv7wqd/image/upload/v1752945605/uploads/metahub/news-images/ensotek-email-imza-1752945605003-245572109.webp\", \"https://res.cloudinary.com/dbozv7wqd/image/upload/v1752945605/uploads/metahub/news-images/ensotek-email-imza-1752945605003-245572109.webp\"]','[]','aaaa2003-1111-4111-8111-aaaaaaaa2003','bbbb2001-1111-4111-8111-bbbbbbbb2001','2025-07-19 17:20:06.428','2025-07-19 20:46:40.260'),
('33330001-3333-4333-8333-333333330001','blog',1,201,201,'https://images.unsplash.com/photo-1581090700227-1e37b190418e?auto=format&fit=crop&w=1400&q=80',NULL,'https://images.unsplash.com/photo-1581090700227-1e37b190418e?auto=format&fit=crop&w=1400&q=80',NULL,'[\"https://images.unsplash.com/photo-1581090700227-1e37b190418e?auto=format&fit=crop&w=1400&q=80\", \"https://images.unsplash.com/photo-1558655146-d09347e92766?auto=format&fit=crop&w=1400&q=80\", \"https://images.unsplash.com/photo-1531297484001-80022131f5a1?auto=format&fit=crop&w=1400&q=80\", \"https://images.unsplash.com/photo-1582719478250-c89cae4dc85b?auto=format&fit=crop&w=1400&q=80\", \"https://images.unsplash.com/photo-1521737604893-d14cc237f11d?auto=format&fit=crop&w=1400&q=80\"]','[]','aaaa3001-1111-4111-8111-aaaaaaaa3001','bbbb3001-1111-4111-8111-bbbbbbbb3001','2026-01-02 03:32:22.461','2026-01-02 03:32:22.461'),
('33330002-3333-4333-8333-333333330002','blog',1,202,202,'https://images.unsplash.com/photo-1519710164239-da123dc03ef4?auto=format&fit=crop&w=1400&q=80',NULL,'https://images.unsplash.com/photo-1519710164239-da123dc03ef4?auto=format&fit=crop&w=1400&q=80',NULL,'[\"https://images.unsplash.com/photo-1519710164239-da123dc03ef4?auto=format&fit=crop&w=1400&q=80\", \"https://images.unsplash.com/photo-1558655146-d09347e92766?auto=format&fit=crop&w=1400&q=80\", \"https://images.unsplash.com/photo-1553877522-43269d4ea984?auto=format&fit=crop&w=1400&q=80\", \"https://images.unsplash.com/photo-1526374965328-7f61d4dc18c5?auto=format&fit=crop&w=1400&q=80\", \"https://images.unsplash.com/photo-1521737604893-d14cc237f11d?auto=format&fit=crop&w=1400&q=80\"]','[]','aaaa3001-1111-4111-8111-aaaaaaaa3001','bbbb3002-1111-4111-8111-bbbbbbbb3002','2026-01-02 03:32:22.461','2026-01-02 03:32:22.461'),
('33331001-3333-4333-8333-333333331001','blog',1,203,203,'https://images.unsplash.com/photo-1518770660439-4636190af475?auto=format&fit=crop&w=1400&q=80',NULL,'https://images.unsplash.com/photo-1518770660439-4636190af475?auto=format&fit=crop&w=1400&q=80',NULL,'[\"https://images.unsplash.com/photo-1518770660439-4636190af475?auto=format&fit=crop&w=1400&q=80\", \"https://images.unsplash.com/photo-1531297484001-80022131f5a1?auto=format&fit=crop&w=1400&q=80\", \"https://images.unsplash.com/photo-1553877522-43269d4ea984?auto=format&fit=crop&w=1400&q=80\", \"https://images.unsplash.com/photo-1526374965328-7f61d4dc18c5?auto=format&fit=crop&w=1400&q=80\", \"https://images.unsplash.com/photo-1582719478250-c89cae4dc85b?auto=format&fit=crop&w=1400&q=80\"]','[]','aaaa3002-1111-4111-8111-aaaaaaaa3002','bbbb3101-1111-4111-8111-bbbbbbbb3101','2026-01-02 03:32:22.461','2026-01-02 03:32:22.461'),
('44440001-4444-4444-8444-444444440001','team',1,801,801,'https://www.ensotek.de/uploads/team/1.jpeg',NULL,'https://www.ensotek.de/uploads/team/1.jpeg',NULL,'[\"https://www.ensotek.de/uploads/team/1.jpeg\", \"https://images.unsplash.com/photo-1521737604893-d14cc237f11d?auto=format&fit=crop&w=1400&h=900&q=80\", \"https://images.unsplash.com/photo-1552664730-d307ca884978?auto=format&fit=crop&w=1400&h=900&q=80\"]','[]','aaaa9101-1111-4111-8111-aaaaaaaa9101','bbbb9101-1111-4111-8111-bbbbbbbb9101','2026-01-02 03:32:22.516','2026-01-02 03:32:22.516'),
('44440002-4444-4444-8444-444444440002','team',1,811,811,'https://www.ensotek.de/uploads/team/5.jpeg',NULL,'https://www.ensotek.de/uploads/team/5.jpeg',NULL,'[\"https://www.ensotek.de/uploads/team/5.jpeg\", \"https://images.unsplash.com/photo-1521737604893-d14cc237f11d?auto=format&fit=crop&w=1400&h=900&q=80\", \"https://images.unsplash.com/photo-1522071901873-411886a10004?auto=format&fit=crop&w=1400&h=900&q=80\"]','[]','aaaa9101-1111-4111-8111-aaaaaaaa9101','bbbb9102-1111-4111-8111-bbbbbbbb9102','2026-01-02 03:32:22.516','2026-01-02 03:32:22.516'),
('44440003-4444-4444-8444-444444440003','team',1,821,821,'https://www.ensotek.de/uploads/team/5.jpeg',NULL,'https://www.ensotek.de/uploads/team/5.jpeg',NULL,'[\"https://www.ensotek.de/uploads/team/5.jpeg\", \"https://images.unsplash.com/photo-1552664730-d307ca884978?auto=format&fit=crop&w=1400&h=900&q=80\", \"https://www.ensotek.de/uploads/team/9.jpeg\"]','[]','aaaa9101-1111-4111-8111-aaaaaaaa9101','bbbb9103-1111-4111-8111-bbbbbbbb9103','2026-01-02 03:32:22.516','2026-01-02 03:32:22.516'),
('44440004-4444-4444-8444-444444440004','team',1,802,802,'https://www.ensotek.de/uploads/team/2.jpeg',NULL,'https://www.ensotek.de/uploads/team/2.jpeg',NULL,'[\"https://www.ensotek.de/uploads/team/2.jpeg\", \"https://www.ensotek.de/uploads/team/9.jpeg\", \"https://images.unsplash.com/photo-1521737604893-d14cc237f11d?auto=format&fit=crop&w=1400&h=900&q=80\"]','[]','aaaa9101-1111-4111-8111-aaaaaaaa9101','bbbb9101-1111-4111-8111-bbbbbbbb9101','2026-01-02 03:32:22.516','2026-01-02 03:32:22.516'),
('44440005-4444-4444-8444-444444440005','team',1,803,803,'https://www.ensotek.de/uploads/team/3.jpeg',NULL,'https://www.ensotek.de/uploads/team/3.jpeg',NULL,'[\"https://www.ensotek.de/uploads/team/3.jpeg\", \"https://images.unsplash.com/photo-1522071901873-411886a10004?auto=format&fit=crop&w=1400&h=900&q=80\", \"https://images.unsplash.com/photo-1552664730-d307ca884978?auto=format&fit=crop&w=1400&h=900&q=80\"]','[]','aaaa9101-1111-4111-8111-aaaaaaaa9101','bbbb9101-1111-4111-8111-bbbbbbbb9101','2026-01-02 03:32:22.516','2026-01-02 03:32:22.516'),
('44440006-4444-4444-8444-444444440006','team',1,831,831,'https://www.ensotek.de/uploads/team/5.jpeg',NULL,'https://www.ensotek.de/uploads/team/5.jpeg',NULL,'[\"https://www.ensotek.de/uploads/team/5.jpeg\", \"https://images.unsplash.com/photo-1522071901873-411886a10004?auto=format&fit=crop&w=1400&h=900&q=80\", \"https://images.unsplash.com/photo-1521737604893-d14cc237f11d?auto=format&fit=crop&w=1400&h=900&q=80\"]','[]','aaaa9101-1111-4111-8111-aaaaaaaa9101','bbbb9104-1111-4111-8111-bbbbbbbb9104','2026-01-02 03:32:22.516','2026-01-02 03:32:22.516'),
('55550002-5555-4555-8555-555555550002','privacy',1,10,10,'https://images.unsplash.com/photo-1555949963-ff9fe0c870eb?auto=format&fit=crop&w=1400&q=80',NULL,'https://images.unsplash.com/photo-1555949963-ff9fe0c870eb?auto=format&fit=crop&w=1400&q=80',NULL,'[\"https://images.unsplash.com/photo-1555949963-ff9fe0c870eb?auto=format&fit=crop&w=1400&q=80\", \"https://images.unsplash.com/photo-1550751827-4bd374c3f58b?auto=format&fit=crop&w=1400&q=80\", \"https://images.unsplash.com/photo-1542744173-8e7e53415bb0?auto=format&fit=crop&w=1400&q=80\"]','[]','aaaa7001-1111-4111-8111-aaaaaaaa7001','bbbb7005-1111-4111-8111-bbbbbbbb7005','2026-01-02 03:32:22.180','2026-01-02 03:32:22.180'),
('55550003-5555-4555-8555-555555550003','kvkk',1,20,20,'https://images.unsplash.com/photo-1526374965328-7f61d4dc18c5?auto=format&fit=crop&w=1400&q=80',NULL,'https://images.unsplash.com/photo-1526374965328-7f61d4dc18c5?auto=format&fit=crop&w=1400&q=80',NULL,'[\"https://images.unsplash.com/photo-1526374965328-7f61d4dc18c5?auto=format&fit=crop&w=1400&q=80\", \"https://images.unsplash.com/photo-1563013544-824ae1b704d3?auto=format&fit=crop&w=1400&q=80\", \"https://images.unsplash.com/photo-1551288049-bebda4e38f71?auto=format&fit=crop&w=1400&q=80\"]','[]','aaaa7101-1111-4111-8111-aaaaaaaa7101','bbbb7006-1111-4111-8111-bbbbbbbb7006','2026-01-02 03:32:22.203','2026-01-02 03:32:22.203'),
('55550004-5555-4555-8555-555555550004','terms',1,30,30,'https://images.unsplash.com/photo-1450101499163-c8848c66ca85?auto=format&fit=crop&w=1400&q=80',NULL,'https://images.unsplash.com/photo-1450101499163-c8848c66ca85?auto=format&fit=crop&w=1400&q=80',NULL,'[\"https://images.unsplash.com/photo-1450101499163-c8848c66ca85?auto=format&fit=crop&w=1400&q=80\", \"https://images.unsplash.com/photo-1521791136064-7986c2920216?auto=format&fit=crop&w=1400&q=80\", \"https://images.unsplash.com/photo-1523287562758-66c7fc58967f?auto=format&fit=crop&w=1400&q=80\"]','[]','aaaa7101-1111-4111-8111-aaaaaaaa7101','bbbb7007-1111-4111-8111-bbbbbbbb7007','2026-01-02 03:32:22.230','2026-01-02 03:32:22.230'),
('55550005-5555-4555-8555-555555550005','cookies',1,40,40,'https://images.unsplash.com/photo-1556155092-490a1ba16284?auto=format&fit=crop&w=1400&q=80',NULL,'https://images.unsplash.com/photo-1556155092-490a1ba16284?auto=format&fit=crop&w=1400&q=80',NULL,'[\"https://images.unsplash.com/photo-1556155092-490a1ba16284?auto=format&fit=crop&w=1400&q=80\", \"https://images.unsplash.com/photo-1516321497487-e288fb19713f?auto=format&fit=crop&w=1400&q=80\", \"https://images.unsplash.com/photo-1526378722484-bd91ca387e72?auto=format&fit=crop&w=1400&q=80\"]','[]','aaaa7101-1111-4111-8111-aaaaaaaa7101','bbbb7008-1111-4111-8111-bbbbbbbb7008','2026-01-02 03:32:22.251','2026-01-02 03:32:22.251'),
('55550006-5555-4555-8555-555555550006','privacy_notice',1,50,50,'https://images.unsplash.com/photo-1556761175-4b46a572b786?auto=format&fit=crop&w=1400&q=80',NULL,'https://images.unsplash.com/photo-1556761175-4b46a572b786?auto=format&fit=crop&w=1400&q=80',NULL,'[\"https://images.unsplash.com/photo-1556761175-4b46a572b786?auto=format&fit=crop&w=1400&q=80\", \"https://images.unsplash.com/photo-1454165205744-3b78555e5572?auto=format&fit=crop&w=1400&q=80\", \"https://images.unsplash.com/photo-1551836022-4c4c79ecde51?auto=format&fit=crop&w=1400&q=80\"]','[]','aaaa7101-1111-4111-8111-aaaaaaaa7101','bbbb7009-1111-4111-8111-bbbbbbbb7009','2026-01-02 03:32:22.277','2026-01-02 03:32:22.277'),
('55550007-5555-4555-8555-555555550007','legal_notice',1,60,60,'https://images.unsplash.com/photo-1521791136064-7986c2920216?auto=format&fit=crop&w=1400&q=80',NULL,'https://images.unsplash.com/photo-1521791136064-7986c2920216?auto=format&fit=crop&w=1400&q=80',NULL,'[\"https://images.unsplash.com/photo-1521791136064-7986c2920216?auto=format&fit=crop&w=1400&q=80\", \"https://images.unsplash.com/photo-1528747045269-390fe33c19d1?auto=format&fit=crop&w=1400&q=80\", \"https://images.unsplash.com/photo-1450101215322-bf5cd27642fc?auto=format&fit=crop&w=1400&q=80\"]','[]','aaaa7101-1111-4111-8111-aaaaaaaa7101','bbbb7010-1111-4111-8111-bbbbbbbb7010','2026-01-02 03:32:22.295','2026-01-02 03:32:22.295');
/*!40000 ALTER TABLE `custom_pages` ENABLE KEYS */;
UNLOCK TABLES;

--
-- Table structure for table `custom_pages_i18n`
--

DROP TABLE IF EXISTS `custom_pages_i18n`;
/*!40101 SET @saved_cs_client     = @@character_set_client */;
/*!40101 SET character_set_client = utf8mb4 */;
CREATE TABLE `custom_pages_i18n` (
  `id` char(36) NOT NULL,
  `page_id` char(36) NOT NULL,
  `locale` varchar(10) NOT NULL,
  `title` varchar(255) NOT NULL,
  `slug` varchar(255) NOT NULL,
  `content` longtext NOT NULL,
  `summary` varchar(1000) DEFAULT NULL,
  `featured_image_alt` varchar(255) DEFAULT NULL,
  `meta_title` varchar(255) DEFAULT NULL,
  `meta_description` varchar(500) DEFAULT NULL,
  `tags` varchar(1000) DEFAULT NULL,
  `created_at` datetime(3) NOT NULL DEFAULT current_timestamp(3),
  `updated_at` datetime(3) NOT NULL DEFAULT current_timestamp(3) ON UPDATE current_timestamp(3),
  PRIMARY KEY (`id`),
  UNIQUE KEY `ux_custom_pages_i18n_parent_locale` (`page_id`,`locale`),
  UNIQUE KEY `ux_custom_pages_i18n_locale_slug` (`locale`,`slug`),
  KEY `custom_pages_i18n_page_idx` (`page_id`),
  KEY `custom_pages_i18n_locale_idx` (`locale`),
  KEY `custom_pages_i18n_slug_idx` (`slug`),
  CONSTRAINT `fk_custom_pages_i18n_page` FOREIGN KEY (`page_id`) REFERENCES `custom_pages` (`id`) ON DELETE CASCADE ON UPDATE CASCADE,
  CONSTRAINT `chk_custom_pages_i18n_content_json` CHECK (json_valid(`content`))
) ENGINE=InnoDB DEFAULT CHARSET=utf8mb4 COLLATE=utf8mb4_unicode_ci;
/*!40101 SET character_set_client = @saved_cs_client */;

--
-- Dumping data for table `custom_pages_i18n`
--

LOCK TABLES `custom_pages_i18n` WRITE;
/*!40000 ALTER TABLE `custom_pages_i18n` DISABLE KEYS */;
INSERT INTO `custom_pages_i18n` VALUES
('11111111-2222-3333-4444-555555555571','11111111-2222-3333-4444-555555555574','tr','Kalite Belgelerimiz & Kalite Standartlarımız','kalite-belgelerimiz-kalite-standartlarimiz','{\"html\": \"\"}','Ensotek kalite belgeleri ve sertifikaları sayfası','Ensotek kalite belgeleri – sertifikalar','Kalite Belgelerimiz & Kalite Standartlarımız | Ensotek','Ensotek kalite belgeleri ve kalite standartları: ISO 9001, ISO 14001, iş sağlığı ve güvenliği yaklaşımı ve uygunluk dokümantasyonları. Sertifikaları ayrı görsellerle inceleyin.','ensotek,kalite,sertifika,iso 9001,iso 14001,iso 45001,ohsas,standartlar','2026-01-02 03:32:22.167','2026-01-02 03:32:22.167'),
('11111111-2222-3333-4444-555555555572','11111111-2222-3333-4444-555555555574','en','Quality Certificates & Quality Standards','quality-certificates-quality-standards','{\"html\": \"\"}','Ensotek quality certificates and standards page','Ensotek quality certificates – certifications','Quality Certificates & Quality Standards | Ensotek','Ensotek quality certificates and standards: ISO 9001, ISO 14001, occupational health & safety approach and compliance documentation. Review certificates as individual visuals.','ensotek,quality,certificate,iso 9001,iso 14001,iso 45001,ohsas,standards','2026-01-02 03:32:22.167','2026-01-02 03:32:22.167'),
('11111111-2222-3333-4444-555555555573','11111111-2222-3333-4444-555555555574','de','Qualitätszertifikate & Qualitätsstandards','qualitaetszertifikate-qualitaetsstandards','{\"html\": \"\"}','Ensotek Qualitätszertifikate und Qualitätsstandards','Ensotek Qualitätszertifikate – Zertifizierungen','Qualitätszertifikate & Qualitätsstandards | Ensotek','Ensotek Qualitätszertifikate und Standards: ISO 9001, ISO 14001, Arbeitsschutz-Ansatz sowie Konformitäts- und Dokumentationsprozesse. Zertifikate als einzelne Visuals prüfen.','ensotek,qualität,zertifikat,iso 9001,iso 14001,iso 45001,ohsas,standards','2026-01-02 03:32:22.167','2026-01-02 03:32:22.167'),
('66660003-5555-4555-8555-5555555500de','55550003-5555-4555-8555-555555550003','de','DSGVO / KVKK','dsgvo-kvkk','{\"html\": \"<section class=\\\"container mx-auto px-4 py-10\\\"><h1 class=\\\"text-3xl md:text-4xl font-semibold text-slate-900 mb-4\\\">DSGVO / KVKK</h1><p class=\\\"text-slate-700 mb-8\\\">Ensotek verarbeitet personenbezogene Daten im Einklang mit den anwendbaren gesetzlichen Vorgaben (u. a. DSGVO/KVKK-Kontext). Diese Seite bietet eine allgemeine Übersicht zu Kategorien, Zwecken, Rechtsgrundlagen und Rechten.</p><div class=\\\"bg-white border border-slate-200 rounded-2xl p-6 mb-6\\\"><h2 class=\\\"text-xl font-semibold text-slate-900 mb-3\\\">1. Verantwortlicher</h2><p class=\\\"text-slate-700\\\">Ensotek kann personenbezogene Daten als Verantwortlicher rechtskonform verarbeiten.</p></div><div class=\\\"grid md:grid-cols-2 gap-6 mb-6\\\"><div class=\\\"bg-white border border-slate-200 rounded-2xl p-6\\\"><h2 class=\\\"text-xl font-semibold text-slate-900 mb-3\\\">2. Datenkategorien</h2><ul class=\\\"list-disc pl-6 text-slate-700 space-y-2\\\"><li>Kontakt- und Identifikationsdaten</li><li>Inhalte von Anfragen/Korrespondenz</li><li>Sicherheits- und technische Logdaten</li><li>Unternehmensbezogene Angaben (falls angegeben)</li></ul></div><div class=\\\"bg-white border border-slate-200 rounded-2xl p-6\\\"><h2 class=\\\"text-xl font-semibold text-slate-900 mb-3\\\">3. Zwecke</h2><ul class=\\\"list-disc pl-6 text-slate-700 space-y-2\\\"><li>Bearbeitung von Anfragen und Kundenkommunikation</li><li>Qualitätsmanagement und Prozessverbesserung</li><li>Informationssicherheit und Systemschutz</li><li>Erfüllung gesetzlicher Pflichten und Streitbeilegung</li></ul></div></div><div class=\\\"bg-white border border-slate-200 rounded-2xl p-6 mb-6\\\"><h2 class=\\\"text-xl font-semibold text-slate-900 mb-3\\\">4. Rechtsgrundlagen</h2><p class=\\\"text-slate-700\\\">Die Verarbeitung kann auf Grundlage vertraglicher Erforderlichkeit, berechtigter Interessen, gesetzlicher Pflichten und – sofern erforderlich – Einwilligung erfolgen. Weitere Details sind in der Informationspflicht/Aydınlatma Metni beschrieben.</p></div><div class=\\\"bg-gradient-to-br from-slate-50 to-blue-50 border border-slate-200 rounded-2xl p-6 mb-6\\\"><h2 class=\\\"text-xl font-semibold text-slate-900 mb-3\\\">5. Sicherheit</h2><ul class=\\\"list-disc pl-6 text-slate-700 space-y-2\\\"><li>Zugriffskontrollen und Berechtigungen</li><li>Protokollierung, Monitoring und Incident-Management</li><li>Backups und Notfallmaßnahmen</li><li>Ggf. vertragliche Vertraulichkeitsregelungen</li></ul></div><div class=\\\"bg-slate-900 text-white rounded-2xl p-6\\\"><h2 class=\\\"text-xl font-semibold mb-3\\\">6. Betroffenenrechte</h2><p class=\\\"text-white/90\\\">Sie haben Rechte wie Auskunft, Berichtigung, Löschung und Widerspruch. Anträge werden nach anwendbarem Recht bearbeitet.</p></div></section>\"}','Ensotek DSGVO/KVKK Übersicht: Datenkategorien, Zwecke, Rechtsgrundlagen und Rechte.','Ensotek DSGVO/KVKK Hinweis','DSGVO / KVKK | Ensotek','Übersicht zu personenbezogenen Daten bei Ensotek: Verarbeitung, Rechtsgrundlagen, Sicherheitsmaßnahmen und Betroffenenrechte.','ensotek,legal,datenschutz,dsgvo,kvkk,personenbezogene daten','2026-01-02 03:32:22.204','2026-01-02 03:32:22.204'),
('66660003-5555-4555-8555-5555555500en','55550003-5555-4555-8555-555555550003','en','PDPL (KVKK)','pdpl-kvkk','{\"html\": \"<section class=\\\"container mx-auto px-4 py-10\\\"><h1 class=\\\"text-3xl md:text-4xl font-semibold text-slate-900 mb-4\\\">PDPL (KVKK)</h1><p class=\\\"text-slate-700 mb-8\\\">Ensotek processes and protects personal data in accordance with Turkish PDPL (KVKK No. 6698) and applicable regulations. This page provides a general overview of data categories, purposes, legal grounds and rights.</p><div class=\\\"bg-white border border-slate-200 rounded-2xl p-6 mb-6\\\"><h2 class=\\\"text-xl font-semibold text-slate-900 mb-3\\\">1. Data Controller</h2><p class=\\\"text-slate-700\\\">Ensotek may process personal data as the data controller in line with applicable laws.</p></div><div class=\\\"grid md:grid-cols-2 gap-6 mb-6\\\"><div class=\\\"bg-white border border-slate-200 rounded-2xl p-6\\\"><h2 class=\\\"text-xl font-semibold text-slate-900 mb-3\\\">2. Data Categories</h2><ul class=\\\"list-disc pl-6 text-slate-700 space-y-2\\\"><li>Identity and contact data (contact forms, etc.)</li><li>Request/correspondence content</li><li>Security and technical log data</li><li>Business visitor data (company/title – if provided)</li></ul></div><div class=\\\"bg-white border border-slate-200 rounded-2xl p-6\\\"><h2 class=\\\"text-xl font-semibold text-slate-900 mb-3\\\">3. Purposes</h2><ul class=\\\"list-disc pl-6 text-slate-700 space-y-2\\\"><li>Responding to requests and managing customer relations</li><li>Improving service processes and quality management</li><li>Operating information security and system protection</li><li>Complying with legal obligations and dispute handling</li></ul></div></div><div class=\\\"bg-white border border-slate-200 rounded-2xl p-6 mb-6\\\"><h2 class=\\\"text-xl font-semibold text-slate-900 mb-3\\\">4. Legal Grounds</h2><p class=\\\"text-slate-700\\\">Data may be processed based on contract performance, legitimate interests, compliance with legal obligations, and consent where required. Details for specific processes are also outlined in our Information Notice.</p></div><div class=\\\"bg-gradient-to-br from-slate-50 to-blue-50 border border-slate-200 rounded-2xl p-6 mb-6\\\"><h2 class=\\\"text-xl font-semibold text-slate-900 mb-3\\\">5. Security</h2><ul class=\\\"list-disc pl-6 text-slate-700 space-y-2\\\"><li>Access controls and authorisation</li><li>Logging, monitoring and incident management</li><li>Backups and business continuity measures</li><li>Confidentiality obligations with providers where applicable</li></ul></div><div class=\\\"bg-slate-900 text-white rounded-2xl p-6\\\"><h2 class=\\\"text-xl font-semibold mb-3\\\">6. Data Subject Rights</h2><p class=\\\"text-white/90\\\">You have rights such as requesting information, rectification, deletion and objection. Requests are handled according to applicable laws.</p></div></section>\"}','Ensotek PDPL/KVKK overview: data categories, purposes, legal grounds and rights.','Ensotek PDPL/KVKK notice page','PDPL (KVKK) | Ensotek','Ensotek PDPL/KVKK overview covering processing purposes, legal grounds, security measures and data subject rights.','ensotek,legal,pdpl,kvkk,personal data,data protection','2026-01-02 03:32:22.204','2026-01-02 03:32:22.204'),
('66660003-5555-4555-8555-5555555500tr','55550003-5555-4555-8555-555555550003','tr','KVKK','kvkk','{\"html\": \"<section class=\\\"container mx-auto px-4 py-10\\\"><h1 class=\\\"text-3xl md:text-4xl font-semibold text-slate-900 mb-4\\\">KVKK</h1><p class=\\\"text-slate-700 mb-8\\\">Ensotek, 6698 sayılı Kişisel Verilerin Korunması Kanunu (KVKK) kapsamında kişisel verilerin işlenmesi ve korunmasına önem verir. Bu sayfa; veri sorumlusu, işlenen veri kategorileri, amaçlar, hukuki sebepler ve başvuru haklarına ilişkin genel bilgilendirme sunar.</p><div class=\\\"bg-white border border-slate-200 rounded-2xl p-6 mb-6\\\"><h2 class=\\\"text-xl font-semibold text-slate-900 mb-3\\\">1. Veri Sorumlusu</h2><p class=\\\"text-slate-700\\\">Kişisel verileriniz, veri sorumlusu sıfatıyla Ensotek tarafından KVKK ve ilgili mevzuata uygun olarak işlenebilir.</p></div><div class=\\\"grid md:grid-cols-2 gap-6 mb-6\\\"><div class=\\\"bg-white border border-slate-200 rounded-2xl p-6\\\"><h2 class=\\\"text-xl font-semibold text-slate-900 mb-3\\\">2. Veri Kategorileri</h2><ul class=\\\"list-disc pl-6 text-slate-700 space-y-2\\\"><li>Kimlik ve iletişim verileri (iletişim formları vb.)</li><li>Talep/iletişim içerikleri ve yazışmalar</li><li>İşlem güvenliği ve teknik log verileri</li><li>Kurumsal ziyaretçi bilgileri (firma/ünvan vb. – varsa)</li></ul></div><div class=\\\"bg-white border border-slate-200 rounded-2xl p-6\\\"><h2 class=\\\"text-xl font-semibold text-slate-900 mb-3\\\">3. İşleme Amaçları</h2><ul class=\\\"list-disc pl-6 text-slate-700 space-y-2\\\"><li>Taleplere dönüş ve müşteri ilişkilerinin yönetimi</li><li>Hizmet süreçlerinin iyileştirilmesi ve kalite yönetimi</li><li>Bilgi güvenliği ve sistem güvenliğinin sağlanması</li><li>Hukuki yükümlülükler ve uyuşmazlık yönetimi</li></ul></div></div><div class=\\\"bg-white border border-slate-200 rounded-2xl p-6 mb-6\\\"><h2 class=\\\"text-xl font-semibold text-slate-900 mb-3\\\">4. Hukuki Sebepler</h2><p class=\\\"text-slate-700 mb-3\\\">Veriler; sözleşmenin kurulması/ifası, meşru menfaat, hukuki yükümlülüklerin yerine getirilmesi ve gerektiğinde açık rıza gibi hukuki sebeplere dayanılarak işlenebilir.</p><p class=\\\"text-slate-700\\\">Somut süreçlere göre hukuki sebep değişebilir. İlgili detaylar Aydınlatma Metni sayfamızda ayrıca yer alır.</p></div><div class=\\\"bg-gradient-to-br from-slate-50 to-blue-50 border border-slate-200 rounded-2xl p-6 mb-6\\\"><h2 class=\\\"text-xl font-semibold text-slate-900 mb-3\\\">5. Veri Güvenliği</h2><ul class=\\\"list-disc pl-6 text-slate-700 space-y-2\\\"><li>Yetkilendirme ve erişim kontrolü</li><li>Loglama, izleme ve olay yönetimi</li><li>Yedekleme ve iş sürekliliği önlemleri</li><li>Gerekli hallerde sözleşmesel gizlilik yükümlülükleri</li></ul></div><div class=\\\"bg-slate-900 text-white rounded-2xl p-6\\\"><h2 class=\\\"text-xl font-semibold mb-3\\\">6. Başvuru Hakları</h2><p class=\\\"text-white/90\\\">KVKK kapsamında; bilgi talep etme, düzeltme, silme, işleme itiraz etme gibi haklara sahipsiniz. Başvurularınız, mevzuat çerçevesinde değerlendirilir.</p></div></section>\"}','Ensotek KVKK sayfası: 6698 sayılı kanun kapsamında veri işleme ve ilgili kişi haklarına ilişkin genel bilgilendirme.','Ensotek KVKK bilgilendirme sayfası','KVKK | Ensotek','Ensotek KVKK bilgilendirmesi: kişisel verilerin işlenmesi, hukuki sebepler, güvenlik önlemleri ve başvuru hakları.','ensotek,legal,kvkk,kisisel veri,veri guvenligi,aydinlatma','2026-01-02 03:32:22.204','2026-01-02 03:32:22.204'),
('66662001-0001-4001-8001-666666662001','22220001-2222-4222-8222-222222220001','tr','Ensotek Web Sitemiz Yenilendi!','ensotek-web-sitemiz-yenilendi','{\"html\": \"<section class=\\\"container mx-auto px-4 py-8\\\"><h1 class=\\\"text-3xl md:text-4xl font-semibold text-slate-900 mb-4\\\">Ensotek Web Sitemiz Yenilendi!</h1><p class=\\\"text-slate-700 mb-4\\\">Dijital dönüşüm vizyonumuz doğrultusunda, Ensotek web sitemizi tamamen yeniledik. Yeni arayüzümüzle sizlere daha hızlı, modern ve etkileşimli bir kullanıcı deneyimi sunmayı hedefliyoruz.</p><p class=\\\"text-slate-700 mb-4\\\">Artık çok dilli altyapımızla global erişim sağlıyor, güncel haberlerimizi ve teknolojik gelişmelerimizi daha kolay duyurabiliyoruz.</p><div class=\\\"bg-white border border-slate-200 rounded-xl p-6 mb-6\\\"><h2 class=\\\"text-xl font-semibold text-slate-900 mb-3\\\">Neler Değişti?</h2><ul class=\\\"list-disc pl-6 text-slate-700 space-y-2\\\"><li>Modern ve hızlı kullanıcı arayüzü</li><li>Çok dilli içerik altyapısı (TR/EN/DE)</li><li>Haberler ve duyurular için güçlendirilmiş içerik yönetimi</li><li>Mobil uyumluluk ve SEO iyileştirmeleri</li></ul></div></section>\"}','Modern arayüz, çok dilli destek ve kullanıcı odaklı tasarımıyla yeni Ensotek web sitemiz yayında!','Ensotek web sitesi yenilendi – duyuru görseli','Ensotek Web Sitemiz Yenilendi! | Ensotek','Ensotek web sitesi yenilendi: modern arayüz, çok dilli altyapı, daha hızlı ve etkileşimli deneyim.','ensotek,web sitesi,yenilendi,duyuru,çok dilli,etkileşim','2026-01-02 03:32:22.319','2026-01-02 03:32:22.319'),
('66662001-0002-4002-8002-666666662001','22220001-2222-4222-8222-222222220001','en','Our Ensotek Website Has Been Renewed!','ensotek-website-has-been-renewed','{\"html\": \"<section class=\\\"container mx-auto px-4 py-8\\\"><h1 class=\\\"text-3xl md:text-4xl font-semibold text-slate-900 mb-4\\\">Our Ensotek Website Has Been Renewed!</h1><p class=\\\"text-slate-700 mb-4\\\">In line with our digital transformation vision, we have completely renewed our Ensotek website. With the new interface, we aim to provide a faster, modern, and more interactive experience.</p><div class=\\\"bg-white border border-slate-200 rounded-xl p-6 mb-6\\\"><h2 class=\\\"text-xl font-semibold text-slate-900 mb-3\\\">What’s New?</h2><ul class=\\\"list-disc pl-6 text-slate-700 space-y-2\\\"><li>Modern and faster UI</li><li>Multilingual content (TR/EN/DE)</li><li>Stronger content management for news and announcements</li><li>Mobile-ready pages and SEO improvements</li></ul></div></section>\"}','Our renewed Ensotek website is live with a modern interface and multilingual support.','Announcement image for the renewed Ensotek website','Ensotek Website Renewed | Ensotek','Ensotek has renewed its website with a modern UI, multilingual support, and a faster experience.','ensotek,website,renewed,announcement,multilingual,interactive','2026-01-02 03:32:22.319','2026-01-02 03:32:22.319'),
('66662001-0003-4003-8003-666666662001','22220001-2222-4222-8222-222222220001','de','Unsere Ensotek-Webseite ist erneuert!','ensotek-webseite-wurde-erneuert','{\"html\": \"<section class=\\\"container mx-auto px-4 py-8\\\"><h1 class=\\\"text-3xl md:text-4xl font-semibold text-slate-900 mb-4\\\">Unsere Ensotek-Webseite ist erneuert!</h1><p class=\\\"text-slate-700 mb-4\\\">Im Rahmen unserer Digitalisierungsstrategie haben wir unsere Ensotek-Webseite vollständig erneuert. Mit der neuen Oberfläche bieten wir ein schnelleres, moderneres und interaktiveres Nutzererlebnis.</p><div class=\\\"bg-white border border-slate-200 rounded-xl p-6 mb-6\\\"><h2 class=\\\"text-xl font-semibold text-slate-900 mb-3\\\">Was ist neu?</h2><ul class=\\\"list-disc pl-6 text-slate-700 space-y-2\\\"><li>Modernes, schnelleres UI</li><li>Mehrsprachige Inhalte (TR/EN/DE)</li><li>Stärkeres Content-Management für News & Ankündigungen</li><li>Mobile Optimierung und SEO-Verbesserungen</li></ul></div></section>\"}','Unsere neue Ensotek-Webseite ist online: modern, mehrsprachig und schneller.','Ankündigungsbild zur erneuerten Ensotek-Webseite','Ensotek-Webseite erneuert | Ensotek','Ensotek hat seine Webseite erneuert: moderne Oberfläche, mehrsprachige Struktur und bessere Performance.','ensotek,webseite,erneuert,ankündigung,mehrsprachig,interaktiv','2026-01-02 03:32:22.319','2026-01-02 03:32:22.319'),
('66662003-0001-4001-8001-666666662003','22220003-2222-4222-8222-222222220003','tr','Mısır HVAC-R Fuarını Başarıyla Tamamladık!','misir-hvacr-fuarini-basarili-tamamladik','{\"html\": \"<section class=\\\"container mx-auto px-4 py-10\\\"><div class=\\\"max-w-4xl mx-auto\\\"><h1 class=\\\"text-3xl md:text-4xl font-semibold text-slate-900 mb-4\\\">Mısır HVAC-R Fuarını Başarıyla Tamamladık!</h1><p class=\\\"text-slate-700 mb-5\\\">ENSOTEK olarak Egypt HVAC-R 2025 Fuarı’nı başarıyla tamamlamanın gururunu yaşıyoruz. Fuar boyunca soğutma kuleleri ve endüstriyel soğutma çözümlerimiz hakkında ziyaretçilerimize detaylı bilgi sunduk.</p><p class=\\\"text-slate-700 mb-5\\\">Kahire, İskenderiye ve farklı şehirlerden gelen profesyonellerle bir araya gelerek; proje ihtiyaçlarını dinledik, uygulama senaryolarını değerlendirdik ve yeni iş birlikleri için güçlü bir zemin oluşturduk.</p><div class=\\\"grid md:grid-cols-2 gap-6 mb-6\\\"><div class=\\\"bg-white border border-slate-200 rounded-2xl p-6\\\"><h2 class=\\\"text-xl font-semibold text-slate-900 mb-3\\\">Öne Çıkan Başlıklar</h2><ul class=\\\"list-disc pl-6 text-slate-700 space-y-2\\\"><li>Yeni proje görüşmeleri ve teknik ön değerlendirmeler</li><li>Verimlilik ve enerji optimizasyonu odağında sunumlar</li><li>Ürün gamımızın farklı sektörlerdeki uygulamaları</li><li>İhracat ağımızı büyüten yeni bağlantılar</li></ul></div><div class=\\\"bg-gradient-to-br from-slate-50 to-blue-50 border border-slate-200 rounded-2xl p-6\\\"><h2 class=\\\"text-xl font-semibold text-slate-900 mb-3\\\">Sırada Ne Var?</h2><p class=\\\"text-slate-700\\\">Fuar sonrası süreçte, standımızda görüşme yaptığımız firmalarla teknik doküman paylaşımı ve keşif planlamaları başlattık. Çözümlerimizi yerinde analiz ederek en doğru sistemi tasarlamayı hedefliyoruz.</p></div></div><div class=\\\"bg-slate-900 text-white rounded-2xl p-6 mb-6\\\"><h2 class=\\\"text-xl font-semibold mb-2\\\">Teşekkürler</h2><p class=\\\"text-white/90\\\">Standımızı ziyaret eden tüm misafirlerimize ve iş ortaklarımıza içten teşekkür ederiz. ENSOTEK olarak global çözümler sunmaya ve sürdürülebilir büyümeyi desteklemeye devam edeceğiz.</p></div><p class=\\\"text-slate-700\\\">Daha fazla bilgi için <a class=\\\"text-slate-900 underline\\\" href=\\\"https://www.hvacrexpo.com.eg/\\\" target=\\\"_blank\\\" rel=\\\"noopener noreferrer\\\">Egypt HVAC-R Fuarı web sitesi</a> adresini ziyaret edebilirsiniz.</p></div></section>\"}','Mısır HVAC-R 2025 Fuarı’nda standımıza gösterilen yoğun ilgi için teşekkür ederiz. Kahire, İskenderiye ve farklı şehirlerden gelen tüm ziyaretçilerimizle verimli görüşmeler gerçekleştirdik.','Egypt HVAC-R 2025 fuarında ENSOTEK standı ve ziyaretçiler','Mısır HVAC-R 2025 Fuarını Başarıyla Tamamladık! | Ensotek','ENSOTEK, Egypt HVAC-R 2025 Fuarı’nı başarıyla tamamladı. Soğutma kuleleri ve endüstriyel çözümlerimizle ziyaretçilerle buluştuk; yeni iş bağlantıları kurduk.','ensotek,fuar,misir,hvacr,etkinlik,sogutma kuleleri,duyuru,uluslararasi','2025-07-19 17:20:06.428','2025-07-19 20:49:51.752'),
('66662003-0002-4002-8002-666666662003','22220003-2222-4222-8222-222222220003','en','We Successfully Completed the Egypt HVAC-R Fair!','we-successfully-completed-the-egypt-hvacr-fair','{\"html\": \"<section class=\\\"container mx-auto px-4 py-10\\\"><div class=\\\"max-w-4xl mx-auto\\\"><h1 class=\\\"text-3xl md:text-4xl font-semibold text-slate-900 mb-4\\\">We Successfully Completed the Egypt HVAC-R Fair!</h1><p class=\\\"text-slate-700 mb-5\\\">As ENSOTEK, we are proud to have successfully completed the Egypt HVAC-R 2025 Fair. Throughout the event, we introduced our cooling towers and industrial cooling solutions to professionals and decision-makers.</p><p class=\\\"text-slate-700 mb-5\\\">We met with visitors from Cairo, Alexandria, and many other cities—discussing project requirements, reviewing application scenarios, and establishing a strong foundation for new partnerships in international markets.</p><div class=\\\"grid md:grid-cols-2 gap-6 mb-6\\\"><div class=\\\"bg-white border border-slate-200 rounded-2xl p-6\\\"><h2 class=\\\"text-xl font-semibold text-slate-900 mb-3\\\">Highlights</h2><ul class=\\\"list-disc pl-6 text-slate-700 space-y-2\\\"><li>New project meetings and technical pre-evaluations</li><li>Presentations focused on efficiency and energy optimization</li><li>Real-world use cases across multiple industries</li><li>New connections strengthening our export network</li></ul></div><div class=\\\"bg-gradient-to-br from-slate-50 to-blue-50 border border-slate-200 rounded-2xl p-6\\\"><h2 class=\\\"text-xl font-semibold text-slate-900 mb-3\\\">What’s Next?</h2><p class=\\\"text-slate-700\\\">Following the fair, we started technical document sharing and site-assessment planning with the companies we met. Our goal is to design the most suitable system based on on-site analysis and measurable performance targets.</p></div></div><div class=\\\"bg-slate-900 text-white rounded-2xl p-6 mb-6\\\"><h2 class=\\\"text-xl font-semibold mb-2\\\">Thank You</h2><p class=\\\"text-white/90\\\">We sincerely thank everyone who visited our stand and showed interest in our products. ENSOTEK will continue delivering global solutions and supporting sustainable growth.</p></div><p class=\\\"text-slate-700\\\">For more information, please visit the <a class=\\\"text-slate-900 underline\\\" href=\\\"https://www.hvacrexpo.com.eg/\\\" target=\\\"_blank\\\" rel=\\\"noopener noreferrer\\\">Egypt HVAC-R Fair website</a>.</p></div></section>\"}','We thank everyone who showed great interest in our stand at the Egypt HVAC-R 2025 Fair. We met visitors from Cairo, Alexandria, and many cities and discussed new collaboration opportunities.','ENSOTEK stand at Egypt HVAC-R 2025 with visitors','Egypt HVAC-R 2025: Successfully Completed | Ensotek','ENSOTEK successfully completed the Egypt HVAC-R 2025 Fair. We presented cooling tower solutions, discussed real projects, and strengthened international business connections.','ensotek,fair,egypt,hvacr,event,cooling towers,announcement,international','2025-07-19 17:20:06.428','2025-07-19 20:49:51.752'),
('66662003-0003-4003-8003-666666662003','22220003-2222-4222-8222-222222220003','de','Wir haben die Egypt HVAC-R Messe erfolgreich abgeschlossen!','egypt-hvacr-messe-erfolgreich-abgeschlossen','{\"html\": \"<section class=\\\"container mx-auto px-4 py-10\\\"><div class=\\\"max-w-4xl mx-auto\\\"><h1 class=\\\"text-3xl md:text-4xl font-semibold text-slate-900 mb-4\\\">Wir haben die Egypt HVAC-R Messe erfolgreich abgeschlossen!</h1><p class=\\\"text-slate-700 mb-5\\\">Als ENSOTEK sind wir stolz darauf, die Egypt HVAC-R 2025 Messe erfolgreich abgeschlossen zu haben. Während der Veranstaltung präsentierten wir unsere Kühltürme und industriellen Kühllösungen einem internationalen Fachpublikum.</p><p class=\\\"text-slate-700 mb-5\\\">Wir führten Gespräche mit Besuchern aus Kairo, Alexandria und vielen weiteren Städten—analysierten Projektanforderungen, diskutierten Einsatzszenarien und stärkten die Basis für neue Partnerschaften.</p><div class=\\\"grid md:grid-cols-2 gap-6 mb-6\\\"><div class=\\\"bg-white border border-slate-200 rounded-2xl p-6\\\"><h2 class=\\\"text-xl font-semibold text-slate-900 mb-3\\\">Schwerpunkte</h2><ul class=\\\"list-disc pl-6 text-slate-700 space-y-2\\\"><li>Neue Projektgespräche und technische Vorbewertungen</li><li>Effizienz- und Energieoptimierungsfokus</li><li>Anwendungsbeispiele aus verschiedenen Branchen</li><li>Neue Kontakte für unser Exportnetzwerk</li></ul></div><div class=\\\"bg-gradient-to-br from-slate-50 to-blue-50 border border-slate-200 rounded-2xl p-6\\\"><h2 class=\\\"text-xl font-semibold text-slate-900 mb-3\\\">Wie geht es weiter?</h2><p class=\\\"text-slate-700\\\">Nach der Messe starteten wir die technische Dokumentation und die Planung von Vor-Ort-Terminen. Ziel ist eine passgenaue Systemauslegung auf Basis von Standortanalyse und klaren Leistungskennzahlen.</p></div></div><div class=\\\"bg-slate-900 text-white rounded-2xl p-6 mb-6\\\"><h2 class=\\\"text-xl font-semibold mb-2\\\">Danke</h2><p class=\\\"text-white/90\\\">Wir danken allen Gästen und Partnern, die unseren Stand besucht und Interesse gezeigt haben. ENSOTEK wird weiterhin globale Lösungen anbieten und nachhaltiges Wachstum unterstützen.</p></div><p class=\\\"text-slate-700\\\">Weitere Informationen finden Sie auf der <a class=\\\"text-slate-900 underline\\\" href=\\\"https://www.hvacrexpo.com.eg/\\\" target=\\\"_blank\\\" rel=\\\"noopener noreferrer\\\">Website der Egypt HVAC-R Messe</a>.</p></div></section>\"}','Wir danken allen, die auf der Egypt HVAC-R 2025 Messe großes Interesse an unserem Stand gezeigt haben. Wir führten intensive Gespräche mit Besuchern aus Kairo, Alexandria und weiteren Städten.','ENSOTEK Messestand auf der Egypt HVAC-R 2025','Egypt HVAC-R 2025: Erfolgreich abgeschlossen | Ensotek','ENSOTEK hat die Egypt HVAC-R 2025 Messe erfolgreich abgeschlossen. Wir präsentierten Kühlturm-Lösungen, analysierten Projektanforderungen und stärkten internationale Geschäftsbeziehungen.','ensotek,messe,aegypten,hvacr,veranstaltung,kuehltuerme,ankuendigung,international','2025-07-19 17:20:06.428','2025-07-19 20:49:51.752'),
('66662004-0001-4001-8001-666666662004','22220004-2222-4222-8222-222222220004','tr','Aquatherm Bakü Fuarını Başarıyla Tamamladık!','aquatherm-baku-fuarini-basarili-tamamladik','{\"html\": \"<section class=\\\"container mx-auto px-4 py-10\\\"><div class=\\\"max-w-4xl mx-auto\\\"><h1 class=\\\"text-3xl md:text-4xl font-semibold text-slate-900 mb-4\\\">Aquatherm Bakü Fuarını Başarıyla Tamamladık!</h1><p class=\\\"text-slate-700 mb-5\\\">ENSOTEK olarak Aquatherm Bakü 2025 Fuarı’nı başarıyla tamamladık. Fuarda yenilikçi çözümlerimiz yoğun ilgi gördü; teknik toplantılar gerçekleştirdik ve farklı sektörlerden profesyonellerle bir araya geldik.</p><p class=\\\"text-slate-700 mb-5\\\">Bakü’de hem yeni iş bağlantıları kurduk hem de mevcut müşterilerimizle proje süreçlerine ilişkin değerlendirmeler yapma fırsatı yakaladık. Bölgesel ihtiyaçlara uygun çözümlerimizi sahada anlatmak, bizim için önemli bir kazanım oldu.</p><div class=\\\"grid md:grid-cols-2 gap-6 mb-6\\\"><div class=\\\"bg-white border border-slate-200 rounded-2xl p-6\\\"><h2 class=\\\"text-xl font-semibold text-slate-900 mb-3\\\">Fuar Notları</h2><ul class=\\\"list-disc pl-6 text-slate-700 space-y-2\\\"><li>Yeni potansiyel proje görüşmeleri ve keşif planlamaları</li><li>Ürün performansı ve verimlilik odağında teknik anlatımlar</li><li>Çözüm odaklı yaklaşım: tasarım, üretim ve servis süreçleri</li><li>Bölgesel partnerlikler için stratejik adımlar</li></ul></div><div class=\\\"bg-gradient-to-br from-slate-50 to-blue-50 border border-slate-200 rounded-2xl p-6\\\"><h2 class=\\\"text-xl font-semibold text-slate-900 mb-3\\\">Sonraki Adımlar</h2><p class=\\\"text-slate-700\\\">Fuar sonrası, görüşmelerimizi teknik doküman paylaşımı ve teklif sürecine taşıyoruz. Hedefimiz; sahaya uygun, ölçülebilir performans çıktıları sağlayan sistemleri hızlıca devreye almak.</p></div></div><div class=\\\"bg-slate-900 text-white rounded-2xl p-6 mb-6\\\"><h2 class=\\\"text-xl font-semibold mb-2\\\">Teşekkürler</h2><p class=\\\"text-white/90\\\">Standımızı ziyaret eden tüm misafirlerimize, değerli müşterilerimize ve Bakü’deki temsilcilerimize teşekkür ederiz. ENSOTEK olarak uluslararası platformlarda ülkemizi ve sektörümüzü en iyi şekilde temsil etmeye devam edeceğiz.</p></div><p class=\\\"text-slate-700\\\">Daha fazla bilgi için <a class=\\\"text-slate-900 underline\\\" href=\\\"https://www.aquatherm.az/\\\" target=\\\"_blank\\\" rel=\\\"noopener noreferrer\\\">Aquatherm Bakü Fuarı web sitesi</a> adresini ziyaret edebilirsiniz.</p></div></section>\"}','Aquatherm Bakü 2025 Fuarı’nda büyük ilgiyle karşılandık. Standımızı ziyaret eden değerli müşterilerimize ve Bakü’deki temsilcilerimize teşekkür ederiz.','Aquatherm Bakü 2025 fuarında ENSOTEK standı ve ziyaretçiler','Aquatherm Bakü 2025 Fuarını Başarıyla Tamamladık! | Ensotek','ENSOTEK, Aquatherm Bakü 2025 Fuarı’ndaki başarılı katılımını tamamladı. Yenilikçi çözümlerimizi tanıttık; yeni bağlantılar kurduk ve mevcut müşterilerimizle buluştuk.','ensotek,fuar,aquatherm,baku,bakü,etkinlik,uluslararasi,duyuru','2025-07-19 17:20:06.428','2025-07-19 20:51:33.294'),
('66662004-0002-4002-8002-666666662004','22220004-2222-4222-8222-222222220004','en','We Successfully Completed the Aquatherm Baku Fair!','we-successfully-completed-the-aquatherm-baku-fair','{\"html\": \"<section class=\\\"container mx-auto px-4 py-10\\\"><div class=\\\"max-w-4xl mx-auto\\\"><h1 class=\\\"text-3xl md:text-4xl font-semibold text-slate-900 mb-4\\\">We Successfully Completed the Aquatherm Baku Fair!</h1><p class=\\\"text-slate-700 mb-5\\\">We are pleased to announce the successful completion of the Aquatherm Baku 2025 Fair. Our innovative solutions attracted strong interest, and we held technical meetings with industry professionals throughout the event.</p><p class=\\\"text-slate-700 mb-5\\\">In Baku, we built new business connections and also had the opportunity to meet existing clients to review ongoing and upcoming projects. Sharing our solutions on the ground and discussing regional requirements was a valuable outcome for our team.</p><div class=\\\"grid md:grid-cols-2 gap-6 mb-6\\\"><div class=\\\"bg-white border border-slate-200 rounded-2xl p-6\\\"><h2 class=\\\"text-xl font-semibold text-slate-900 mb-3\\\">Key Takeaways</h2><ul class=\\\"list-disc pl-6 text-slate-700 space-y-2\\\"><li>New project discussions and site-assessment planning</li><li>Technical briefings on performance and efficiency</li><li>End-to-end approach: design, manufacturing, and service</li><li>Strategic steps for regional partnerships</li></ul></div><div class=\\\"bg-gradient-to-br from-slate-50 to-blue-50 border border-slate-200 rounded-2xl p-6\\\"><h2 class=\\\"text-xl font-semibold text-slate-900 mb-3\\\">Next Steps</h2><p class=\\\"text-slate-700\\\">After the fair, we are moving discussions into technical document sharing and quotation phases. Our goal is to deliver site-ready systems with measurable performance outcomes—quickly and reliably.</p></div></div><div class=\\\"bg-slate-900 text-white rounded-2xl p-6 mb-6\\\"><h2 class=\\\"text-xl font-semibold mb-2\\\">Thank You</h2><p class=\\\"text-white/90\\\">We would like to thank all guests, valued customers, and our representatives in Baku for visiting our stand. ENSOTEK will continue representing our industry on international platforms in the best possible way.</p></div><p class=\\\"text-slate-700\\\">For more information, please visit the <a class=\\\"text-slate-900 underline\\\" href=\\\"https://www.aquatherm.az/\\\" target=\\\"_blank\\\" rel=\\\"noopener noreferrer\\\">Aquatherm Baku Fair website</a>.</p></div></section>\"}','We received great interest at the Aquatherm Baku 2025 Fair. We thank our valued customers and representatives in Baku who visited our stand.','ENSOTEK stand at Aquatherm Baku 2025 with visitors','Aquatherm Baku 2025: Successfully Completed | Ensotek','ENSOTEK successfully completed the Aquatherm Baku 2025 Fair—presenting innovative solutions, building new connections, and meeting with existing clients to review projects and regional needs.','ensotek,fair,aquatherm,baku,event,international,announcement','2025-07-19 17:20:06.428','2025-07-19 20:51:33.294'),
('66662004-0003-4003-8003-666666662004','22220004-2222-4222-8222-222222220004','de','Wir haben die Aquatherm Baku Messe erfolgreich abgeschlossen!','aquatherm-baku-messe-erfolgreich-abgeschlossen','{\"html\": \"<section class=\\\"container mx-auto px-4 py-10\\\"><div class=\\\"max-w-4xl mx-auto\\\"><h1 class=\\\"text-3xl md:text-4xl font-semibold text-slate-900 mb-4\\\">Wir haben die Aquatherm Baku Messe erfolgreich abgeschlossen!</h1><p class=\\\"text-slate-700 mb-5\\\">Wir freuen uns, die erfolgreiche Teilnahme an der Aquatherm Baku 2025 Messe bekannt zu geben. Unsere innovativen Lösungen stießen auf großes Interesse, und wir führten während der Veranstaltung zahlreiche technische Gespräche.</p><p class=\\\"text-slate-700 mb-5\\\">In Baku knüpften wir neue Geschäftskontakte und trafen bestehende Kunden, um laufende und geplante Projekte zu besprechen. Der Austausch zu regionalen Anforderungen und die Vorstellung unserer Lösungen vor Ort waren ein wichtiger Mehrwert.</p><div class=\\\"grid md:grid-cols-2 gap-6 mb-6\\\"><div class=\\\"bg-white border border-slate-200 rounded-2xl p-6\\\"><h2 class=\\\"text-xl font-semibold text-slate-900 mb-3\\\">Wichtige Erkenntnisse</h2><ul class=\\\"list-disc pl-6 text-slate-700 space-y-2\\\"><li>Neue Projektgespräche und Terminplanung für Standortanalysen</li><li>Technische Briefings zu Leistung und Effizienz</li><li>End-to-End Ansatz: Auslegung, Produktion und Service</li><li>Strategische Schritte für regionale Partnerschaften</li></ul></div><div class=\\\"bg-gradient-to-br from-slate-50 to-blue-50 border border-slate-200 rounded-2xl p-6\\\"><h2 class=\\\"text-xl font-semibold text-slate-900 mb-3\\\">Nächste Schritte</h2><p class=\\\"text-slate-700\\\">Nach der Messe überführen wir die Gespräche in den Austausch technischer Unterlagen und Angebotsphasen. Ziel ist die schnelle Bereitstellung standortgerechter Systeme mit messbaren Leistungskennzahlen.</p></div></div><div class=\\\"bg-slate-900 text-white rounded-2xl p-6 mb-6\\\"><h2 class=\\\"text-xl font-semibold mb-2\\\">Danke</h2><p class=\\\"text-white/90\\\">Wir danken allen Gästen, unseren Kunden und unseren Vertretern in Baku für ihren Besuch. Als ENSOTEK werden wir unsere Branche weiterhin bestmöglich auf internationalen Plattformen repräsentieren.</p></div><p class=\\\"text-slate-700\\\">Weitere Informationen finden Sie auf der <a class=\\\"text-slate-900 underline\\\" href=\\\"https://www.aquatherm.az/\\\" target=\\\"_blank\\\" rel=\\\"noopener noreferrer\\\">Aquatherm Baku Messe-Website</a>.</p></div></section>\"}','Wir wurden auf der Aquatherm Baku 2025 Messe mit großem Interesse empfangen. Wir danken allen, die unseren Stand besucht haben.','ENSOTEK Messestand auf der Aquatherm Baku 2025','Aquatherm Baku 2025: Erfolgreich abgeschlossen | Ensotek','ENSOTEK hat die Aquatherm Baku 2025 Messe erfolgreich abgeschlossen. Wir präsentierten innovative Lösungen, knüpften Kontakte und trafen bestehende Kunden zur Projektabstimmung.','ensotek,messe,aquatherm,baku,veranstaltung,international,ankuendigung','2025-07-19 17:20:06.428','2025-07-19 20:51:33.294'),
('66662005-0001-4001-8001-666666662005','22220005-2222-4222-8222-222222220005','tr','Hotel-Tech Antalya Fuarını Başarıyla Tamamladık!','hotel-tech-antalya-fuarini-basarili-tamamladik','{\"html\": \"<section class=\\\"container mx-auto px-4 py-10\\\"><div class=\\\"max-w-4xl mx-auto\\\"><h1 class=\\\"text-3xl md:text-4xl font-semibold text-slate-900 mb-4\\\">Hotel-Tech Antalya Fuarını Başarıyla Tamamladık!</h1><p class=\\\"text-slate-700 mb-5\\\"><strong>Hotel-Tech Antalya</strong> fuarı kapsamında; otel, resort ve konaklama tesislerinin teknik altyapı ihtiyaçlarına yönelik çözümlerimizi ziyaretçilerimizle buluşturduk. Saha ihtiyaçlarını dinleyerek, farklı tesis tiplerine göre uygulanabilir senaryoları değerlendirdik.</p><p class=\\\"text-slate-700 mb-5\\\">Fuar boyunca gerçekleştirdiğimiz <strong>B2B görüşmeler</strong> ile yeni iş bağlantıları kurduk; mevcut iş ortaklarımızla da proje süreçlerini ve teknik gereksinimleri detaylandıran verimli toplantılar yaptık. Çözüm yaklaşımımızı “tasarım + üretim + devreye alma + servis” ekseninde anlattık.</p><div class=\\\"grid md:grid-cols-2 gap-6 mb-6\\\"><div class=\\\"bg-white border border-slate-200 rounded-2xl p-6\\\"><h2 class=\\\"text-xl font-semibold text-slate-900 mb-3\\\">Öne Çıkanlar</h2><ul class=\\\"list-disc pl-6 text-slate-700 space-y-2\\\"><li>Otel teknik altyapıları için uçtan uca çözüm yaklaşımı</li><li>İşletme verimliliğini artıran mühendislik odaklı öneriler</li><li>B2B toplantılar: ihtiyaç analizi ve proje ön değerlendirme</li><li>Yeni teknoloji ve ürün tanıtımları</li></ul></div><div class=\\\"bg-gradient-to-br from-slate-50 to-blue-50 border border-slate-200 rounded-2xl p-6\\\"><h2 class=\\\"text-xl font-semibold text-slate-900 mb-3\\\">Sonraki Adımlar</h2><p class=\\\"text-slate-700\\\">Fuar sonrası süreçte, görüşmelerimizi teknik doküman paylaşımı ve teklif çalışmalarına taşıyoruz. Hedefimiz; tesisin ihtiyacına uygun, ölçülebilir performans çıktıları sunan sistemleri doğru mühendislikle konumlandırmak.</p></div></div><div class=\\\"bg-slate-900 text-white rounded-2xl p-6 mb-6\\\"><h2 class=\\\"text-xl font-semibold mb-2\\\">Teşekkürler</h2><p class=\\\"text-white/90\\\">Standımızı ziyaret eden tüm misafirlerimize ve iş ortaklarımıza teşekkür ederiz. ENSOTEK olarak sektörde sürdürülebilir çözümler sunmaya ve uluslararası iş birliklerimizi güçlendirmeye devam edeceğiz.</p></div><p class=\\\"text-slate-700\\\">Fuar web sitesi için <a class=\\\"text-slate-900 underline\\\" href=\\\"https://www.hoteltechantalya.com/\\\" target=\\\"_blank\\\" rel=\\\"noopener noreferrer\\\">buraya tıklayınız</a>.</p></div></section>\"}','Hotel-Tech Antalya Fuarı’nı başarıyla tamamladık. Standımızı ziyaret eden tüm müşterilerimize ve iş ortaklarımıza teşekkür ederiz.','Hotel-Tech Antalya fuarında ENSOTEK standı ve ziyaretçiler','Hotel-Tech Antalya Fuarını Başarıyla Tamamladık! | Ensotek','ENSOTEK, Hotel-Tech Antalya fuar katılımını başarıyla tamamladı. Otel ve tesislerin teknik ihtiyaçlarına yönelik çözümler, B2B görüşmeler ve yeni teknolojiler öne çıktı.','ensotek,fuar,hotel-tech,antalya,etkinlik,teknoloji,duyuru,b2b,otel','2025-07-19 17:20:06.428','2025-07-19 20:53:23.466'),
('66662005-0002-4002-8002-666666662005','22220005-2222-4222-8222-222222220005','en','We Successfully Completed the Hotel-Tech Antalya Fair!','we-successfully-completed-the-hotel-tech-antalya-fair','{\"html\": \"<section class=\\\"container mx-auto px-4 py-10\\\"><div class=\\\"max-w-4xl mx-auto\\\"><h1 class=\\\"text-3xl md:text-4xl font-semibold text-slate-900 mb-4\\\">We Successfully Completed the Hotel-Tech Antalya Fair!</h1><p class=\\\"text-slate-700 mb-5\\\">At <strong>Hotel-Tech Antalya</strong>, we showcased our solutions designed for the technical infrastructure needs of hotels, resorts, and hospitality facilities. We listened to real operational requirements and evaluated practical implementation scenarios.</p><p class=\\\"text-slate-700 mb-5\\\">Through <strong>B2B meetings</strong>, we established new business connections and held productive discussions with existing partners. We shared our end-to-end approach covering design, manufacturing, commissioning, and after-sales support—tailored to facility requirements.</p><div class=\\\"grid md:grid-cols-2 gap-6 mb-6\\\"><div class=\\\"bg-white border border-slate-200 rounded-2xl p-6\\\"><h2 class=\\\"text-xl font-semibold text-slate-900 mb-3\\\">Highlights</h2><ul class=\\\"list-disc pl-6 text-slate-700 space-y-2\\\"><li>End-to-end solutions for hospitality technical infrastructure</li><li>Engineering-driven recommendations to improve efficiency</li><li>B2B sessions: needs analysis and project pre-evaluation</li><li>Presentations on new technologies and products</li></ul></div><div class=\\\"bg-gradient-to-br from-slate-50 to-blue-50 border border-slate-200 rounded-2xl p-6\\\"><h2 class=\\\"text-xl font-semibold text-slate-900 mb-3\\\">What’s Next?</h2><p class=\\\"text-slate-700\\\">After the fair, we are moving forward with technical documentation sharing and quotation work. Our goal is to position the right system with measurable performance outcomes—supported by sound engineering.</p></div></div><div class=\\\"bg-slate-900 text-white rounded-2xl p-6 mb-6\\\"><h2 class=\\\"text-xl font-semibold mb-2\\\">Thank You</h2><p class=\\\"text-white/90\\\">We thank all visitors and partners who stopped by our stand. ENSOTEK will continue delivering sustainable solutions and strengthening international collaborations.</p></div><p class=\\\"text-slate-700\\\"><a class=\\\"text-slate-900 underline\\\" href=\\\"https://www.hoteltechantalya.com/\\\" target=\\\"_blank\\\" rel=\\\"noopener noreferrer\\\">Click here</a> for the fair website.</p></div></section>\"}','We successfully completed the Hotel-Tech Antalya Fair. We thank all visitors and partners who visited our stand.','ENSOTEK stand at Hotel-Tech Antalya with visitors','Hotel-Tech Antalya: Successfully Completed | Ensotek','ENSOTEK successfully completed its participation at Hotel-Tech Antalya, connecting with hospitality decision-makers and engineering professionals through B2B meetings and solution presentations.','ensotek,fair,hotel-tech,antalya,event,technology,announcement,b2b,hospitality','2025-07-19 17:20:06.428','2025-07-19 20:53:23.466'),
('66662005-0003-4003-8003-666666662005','22220005-2222-4222-8222-222222220005','de','Wir haben die Hotel-Tech Antalya Messe erfolgreich abgeschlossen!','hotel-tech-antalya-messe-erfolgreich-abgeschlossen','{\"html\": \"<section class=\\\"container mx-auto px-4 py-10\\\"><div class=\\\"max-w-4xl mx-auto\\\"><h1 class=\\\"text-3xl md:text-4xl font-semibold text-slate-900 mb-4\\\">Wir haben die Hotel-Tech Antalya Messe erfolgreich abgeschlossen!</h1><p class=\\\"text-slate-700 mb-5\\\">Auf der <strong>Hotel-Tech Antalya</strong> präsentierten wir Lösungen für die technische Infrastruktur von Hotels, Resorts und Hospitality-Anlagen. Wir analysierten reale Betriebsanforderungen und bewerteten praxisnahe Umsetzungsszenarien.</p><p class=\\\"text-slate-700 mb-5\\\">Durch <strong>B2B-Gespräche</strong> knüpften wir neue Geschäftskontakte und führten produktive Meetings mit bestehenden Partnern. Wir stellten unseren End-to-End Ansatz vor—von Auslegung und Produktion bis Inbetriebnahme und After-Sales Support.</p><div class=\\\"grid md:grid-cols-2 gap-6 mb-6\\\"><div class=\\\"bg-white border border-slate-200 rounded-2xl p-6\\\"><h2 class=\\\"text-xl font-semibold text-slate-900 mb-3\\\">Highlights</h2><ul class=\\\"list-disc pl-6 text-slate-700 space-y-2\\\"><li>End-to-End-Lösungen für Hotel-Infrastruktur</li><li>Engineering-Ansatz zur Effizienzsteigerung</li><li>B2B-Meetings: Bedarfserhebung und Projektvorprüfung</li><li>Vorstellungen neuer Technologien und Produkte</li></ul></div><div class=\\\"bg-gradient-to-br from-slate-50 to-blue-50 border border-slate-200 rounded-2xl p-6\\\"><h2 class=\\\"text-xl font-semibold text-slate-900 mb-3\\\">Nächste Schritte</h2><p class=\\\"text-slate-700\\\">Nach der Messe führen wir den Austausch mit technischen Unterlagen und Angebotsphasen fort. Ziel sind standortgerechte Systeme mit messbaren Leistungskennzahlen—getragen von sauberer Ingenieursarbeit.</p></div></div><div class=\\\"bg-slate-900 text-white rounded-2xl p-6 mb-6\\\"><h2 class=\\\"text-xl font-semibold mb-2\\\">Danke</h2><p class=\\\"text-white/90\\\">Wir danken allen Besuchern und Partnern für ihr Interesse. ENSOTEK wird weiterhin nachhaltige Lösungen anbieten und internationale Kooperationen stärken.</p></div><p class=\\\"text-slate-700\\\">Zur Messe-Website <a class=\\\"text-slate-900 underline\\\" href=\\\"https://www.hoteltechantalya.com/\\\" target=\\\"_blank\\\" rel=\\\"noopener noreferrer\\\">hier klicken</a>.</p></div></section>\"}','Wir haben die Hotel-Tech Antalya Messe erfolgreich abgeschlossen. Wir danken allen Besuchern und Partnern, die unseren Stand besucht haben.','ENSOTEK Messestand auf der Hotel-Tech Antalya mit Besuchern','Hotel-Tech Antalya: Erfolgreich abgeschlossen | Ensotek','ENSOTEK hat die Teilnahme an der Hotel-Tech Antalya erfolgreich abgeschlossen. Im Fokus standen B2B-Gespräche, Infrastruktur-Lösungen für die Hotellerie und Präsentationen neuer Technologien.','ensotek,messe,hotel-tech,antalya,veranstaltung,technologie,ankuendigung,b2b,hotel','2025-07-19 17:20:06.428','2025-07-19 20:53:23.466'),
('66662006-0001-4001-8001-666666662006','22220006-2222-4222-8222-222222220006','tr','ALUEXPO 2025 – Uluslararası Alüminyum Fuarına Katılıyoruz!','aluexpo-2025-uluslararasi-aluminyum-fuarina-katiliyoruz','{\"html\": \"<section class=\\\"container mx-auto px-4 py-10\\\"><div class=\\\"max-w-4xl mx-auto\\\"><h1 class=\\\"text-3xl md:text-4xl font-semibold text-slate-900 mb-4\\\">ALUEXPO 2025 – Uluslararası Alüminyum Fuarına Katılıyoruz!</h1><p class=\\\"text-slate-700 mb-5\\\"><strong>ALUEXPO 2025</strong> kapsamında; <strong>18–20 Eylül 2025</strong> tarihlerinde <strong>İstanbul Fuar Merkezi</strong>’nde, <strong>2. Salon</strong> <strong>E155</strong> nolu standımızda sizleri bekliyoruz.</p><div class=\\\"grid md:grid-cols-2 gap-6 mb-6\\\"><div class=\\\"bg-white border border-slate-200 rounded-2xl p-6\\\"><h2 class=\\\"text-xl font-semibold text-slate-900 mb-3\\\">Online Davetiye</h2><p class=\\\"text-slate-700 mb-2\\\">Ziyaretçi kaydınızı online olarak oluşturabilirsiniz:</p><p class=\\\"text-slate-700\\\"><a class=\\\"text-slate-900 underline\\\" href=\\\"https://aluexpo.com/visitor-register-form\\\" target=\\\"_blank\\\" rel=\\\"noopener noreferrer\\\">ALUEXPO Ziyaretçi Kaydı</a></p></div><div class=\\\"bg-gradient-to-br from-slate-50 to-blue-50 border border-slate-200 rounded-2xl p-6\\\"><h2 class=\\\"text-xl font-semibold text-slate-900 mb-3\\\">Stand Bilgisi</h2><ul class=\\\"list-disc pl-6 text-slate-700 space-y-2\\\"><li>İstanbul Fuar Merkezi</li><li>2. Salon</li><li>Stand: E155</li><li>Tarih: 18–20 Eylül 2025</li></ul></div></div><p class=\\\"text-slate-700 mb-5\\\">Fuar; alüminyumun üretim ve işleme süreçlerini uçtan uca kapsayan kapsamlı bir etkinliktir. Ergitme, döküm, ısıl işlem, yeniden ısıtma teknolojileri, endüstri 4.0, geri dönüşüm ile test ve ölçüm teknolojileri gibi başlıklarda sektör profesyonellerini bir araya getirir.</p><div class=\\\"bg-slate-900 text-white rounded-2xl p-6\\\"><p class=\\\"text-white/90\\\"><strong>Sizleri standımıza bekliyoruz.</strong> Projelerinizi konuşmak ve ihtiyaçlarınıza uygun çözümleri paylaşmak için bizimle görüşebilirsiniz.</p></div></div></section>\"}','ALUEXPO 2025 Fuarı’na katılıyoruz. 18-20 Eylül 2025 tarihlerinde İstanbul Fuar Merkezi’nde 2. Salon E155 nolu standımızda sizleri bekliyoruz.','ALUEXPO 2025 duyurusu – Ensotek standı (İFM, Hall 2, E155)','ALUEXPO 2025 | Ensotek – Fuar Katılım Duyurusu','ENSOTEK, ALUEXPO 2025 Uluslararası Alüminyum Fuarı’na katılıyor. 18–20 Eylül 2025 tarihlerinde İstanbul Fuar Merkezi, 2. Salon, E155 standında buluşalım.','ensotek,fuar,aluminyum,etkinlik,aluexpo,2025,istanbul,duyuru,stand e155','2025-07-19 17:20:06.428','2025-07-19 20:46:40.260'),
('66662006-0002-4002-8002-666666662006','22220006-2222-4222-8222-222222220006','en','ALUEXPO 2025 – We Are Attending the International Aluminium Fair!','aluexpo-2025-we-are-attending-the-international-aluminium-fair','{\"html\": \"<section class=\\\"container mx-auto px-4 py-10\\\"><div class=\\\"max-w-4xl mx-auto\\\"><h1 class=\\\"text-3xl md:text-4xl font-semibold text-slate-900 mb-4\\\">ALUEXPO 2025 – We Are Attending the International Aluminium Fair!</h1><p class=\\\"text-slate-700 mb-5\\\">Meet us at <strong>Istanbul Expo Center</strong>, <strong>Hall 2</strong>, <strong>Stand E155</strong>, between <strong>September 18–20, 2025</strong>.</p><div class=\\\"grid md:grid-cols-2 gap-6 mb-6\\\"><div class=\\\"bg-white border border-slate-200 rounded-2xl p-6\\\"><h2 class=\\\"text-xl font-semibold text-slate-900 mb-3\\\">Online Invitation</h2><p class=\\\"text-slate-700 mb-2\\\">You can register online via the official form:</p><p class=\\\"text-slate-700\\\"><a class=\\\"text-slate-900 underline\\\" href=\\\"https://aluexpo.com/visitor-register-form\\\" target=\\\"_blank\\\" rel=\\\"noopener noreferrer\\\">ALUEXPO Visitor Registration</a></p></div><div class=\\\"bg-gradient-to-br from-slate-50 to-blue-50 border border-slate-200 rounded-2xl p-6\\\"><h2 class=\\\"text-xl font-semibold text-slate-900 mb-3\\\">Stand Details</h2><ul class=\\\"list-disc pl-6 text-slate-700 space-y-2\\\"><li>Istanbul Expo Center</li><li>Hall 2</li><li>Stand: E155</li><li>Dates: Sep 18–20, 2025</li></ul></div></div><p class=\\\"text-slate-700 mb-5\\\">ALUEXPO brings together aluminium technologies across the full value chain, covering topics such as melting, casting, heat treatment, re-heating, Industry 4.0, recycling, and test & measurement.</p><div class=\\\"bg-slate-900 text-white rounded-2xl p-6\\\"><p class=\\\"text-white/90\\\"><strong>We look forward to welcoming you at our stand.</strong> Let’s discuss your projects and share tailored solutions.</p></div></div></section>\"}','We are attending ALUEXPO 2025! Visit us at Istanbul Expo Center, Hall 2, Stand E155, between September 18-20, 2025.','ALUEXPO 2025 announcement – Ensotek stand (Istanbul Expo Center, Hall 2, E155)','ALUEXPO 2025 | Ensotek – Fair Announcement','ENSOTEK is attending ALUEXPO 2025 in Istanbul. Visit us at Istanbul Expo Center, Hall 2, Stand E155 on September 18–20, 2025.','ensotek,fair,aluminium,event,aluexpo,2025,istanbul,announcement,stand e155','2025-07-19 17:20:06.428','2025-07-19 20:46:40.260'),
('66662006-0003-4003-8003-666666662006','22220006-2222-4222-8222-222222220006','de','ALUEXPO 2025 – Wir nehmen an der Internationalen Aluminium-Messe teil!','aluexpo-2025-wir-nehmen-an-der-internationalen-aluminium-messe-teil','{\"html\": \"<section class=\\\"container mx-auto px-4 py-10\\\"><div class=\\\"max-w-4xl mx-auto\\\"><h1 class=\\\"text-3xl md:text-4xl font-semibold text-slate-900 mb-4\\\">ALUEXPO 2025 – Wir nehmen an der Internationalen Aluminium-Messe teil!</h1><p class=\\\"text-slate-700 mb-5\\\">Besuchen Sie uns im <strong>Istanbul Expo Center</strong>, <strong>Halle 2</strong>, <strong>Stand E155</strong>, vom <strong>18. bis 20. September 2025</strong>.</p><div class=\\\"grid md:grid-cols-2 gap-6 mb-6\\\"><div class=\\\"bg-white border border-slate-200 rounded-2xl p-6\\\"><h2 class=\\\"text-xl font-semibold text-slate-900 mb-3\\\">Online-Einladung</h2><p class=\\\"text-slate-700 mb-2\\\">Registrieren Sie sich online über das offizielle Formular:</p><p class=\\\"text-slate-700\\\"><a class=\\\"text-slate-900 underline\\\" href=\\\"https://aluexpo.com/visitor-register-form\\\" target=\\\"_blank\\\" rel=\\\"noopener noreferrer\\\">ALUEXPO Besucherregistrierung</a></p></div><div class=\\\"bg-gradient-to-br from-slate-50 to-blue-50 border border-slate-200 rounded-2xl p-6\\\"><h2 class=\\\"text-xl font-semibold text-slate-900 mb-3\\\">Stand-Details</h2><ul class=\\\"list-disc pl-6 text-slate-700 space-y-2\\\"><li>Istanbul Expo Center</li><li>Halle 2</li><li>Stand: E155</li><li>Datum: 18.–20. September 2025</li></ul></div></div><p class=\\\"text-slate-700 mb-5\\\">ALUEXPO vereint Technologien entlang der gesamten Aluminium-Wertschöpfungskette, darunter Schmelzen, Gießen, Wärmebehandlung, Wiedererwärmung, Industrie 4.0, Recycling sowie Test- und Messtechnik.</p><div class=\\\"bg-slate-900 text-white rounded-2xl p-6\\\"><p class=\\\"text-white/90\\\"><strong>Wir freuen uns auf Ihren Besuch an unserem Stand.</strong> Gerne besprechen wir Ihre Projekte und passende Lösungen.</p></div></div></section>\"}','Wir nehmen an der ALUEXPO 2025 teil! Besuchen Sie uns vom 18. bis 20. September 2025 im Istanbul Expo Center, Halle 2, Stand E155.','ALUEXPO 2025 Ankündigung – Ensotek Stand (Istanbul Expo Center, Halle 2, E155)','ALUEXPO 2025 | Ensotek – Messeankündigung','ENSOTEK nimmt an der ALUEXPO 2025 in Istanbul teil. Besuchen Sie uns im Istanbul Expo Center, Halle 2, Stand E155 (18.–20. September 2025).','ensotek,messe,aluminium,veranstaltung,aluexpo,2025,istanbul,ankuendigung,stand e155','2025-07-19 17:20:06.428','2025-07-19 20:46:40.260'),
('77773001-0001-4001-8001-777777773001','33330001-3333-4333-8333-333333330001','tr','Su Soğutma Kulelerinde Periyodik Bakım','su-sogutma-kulelerinde-periyodik-bakim','{\"html\": \"<section class=\\\"container mx-auto px-4 py-10\\\"><div class=\\\"max-w-3xl\\\"><h1 class=\\\"text-3xl md:text-4xl font-semibold text-slate-900 mb-4\\\">Su Soğutma Kulelerinde Periyodik Bakım</h1><p class=\\\"text-slate-700 mb-6\\\">Su soğutma kulelerinde verim, su kalitesi ve mekanik kondisyon birlikte yönetilmelidir. Bu rehber; saha ekibi için pratik kontrol listeleri ve önerilen periyotları bir araya getirir.</p><div class=\\\"flex flex-wrap gap-2 mb-8\\\"><span class=\\\"inline-flex items-center rounded-full bg-slate-100 px-3 py-1 text-sm text-slate-700\\\">Bakım</span><span class=\\\"inline-flex items-center rounded-full bg-slate-100 px-3 py-1 text-sm text-slate-700\\\">Su Kalitesi</span><span class=\\\"inline-flex items-center rounded-full bg-slate-100 px-3 py-1 text-sm text-slate-700\\\">Performans</span></div></div><div class=\\\"grid grid-cols-1 md:grid-cols-2 gap-4 mb-6\\\"><div class=\\\"bg-white border border-slate-200 rounded-2xl p-6\\\"><h2 class=\\\"text-lg font-semibold text-slate-900 mb-2\\\">1) Görsel Kontrol</h2><ul class=\\\"list-disc pl-6 text-slate-700 space-y-2\\\"><li>Sızıntı, taşma, havuz seviyeleri</li><li>Anormal titreşim/ses, fan kanadı hasarı</li><li>Motor/kaplin/kayış ve bağlantı elemanları</li><li>Elektrik panosu, termik/faz koruma, kablo pabuçları</li></ul></div><div class=\\\"bg-white border border-slate-200 rounded-2xl p-6\\\"><h2 class=\\\"text-lg font-semibold text-slate-900 mb-2\\\">2) Su Kalitesi Takibi</h2><ul class=\\\"list-disc pl-6 text-slate-700 space-y-2\\\"><li>pH, iletkenlik, sertlik, alkalinite</li><li>Blowdown oranı ve kimyasal şartlandırma</li><li>Biyolojik oluşum (biofilm) ve korozyon izleri</li><li>Filtre/strainer ve by-pass kontrolü</li></ul></div><div class=\\\"bg-white border border-slate-200 rounded-2xl p-6\\\"><h2 class=\\\"text-lg font-semibold text-slate-900 mb-2\\\">3) Dolgu ve Nozul Temizliği</h2><p class=\\\"text-slate-700 mb-3\\\">Kireçlenme ve tıkanıklık, ısı transferini doğrudan düşürür. Planlı temizlik, enerji maliyetini azaltır.</p><ul class=\\\"list-disc pl-6 text-slate-700 space-y-2\\\"><li>Nozul dağılımı: eşit yağmurlama kontrolü</li><li>Dolgu yüzeyi: tıkanıklık ve kırık parça kontrolü</li><li>Havuz: çamur/sediment temizliği</li></ul></div><div class=\\\"bg-white border border-slate-200 rounded-2xl p-6\\\"><h2 class=\\\"text-lg font-semibold text-slate-900 mb-2\\\">4) Fan – Tahrik Kontrolü</h2><ul class=\\\"list-disc pl-6 text-slate-700 space-y-2\\\"><li>Rulmanlar, yağlama/ısı artışı</li><li>Kayış gerginliği ve kasnak hizası</li><li>Fan balansı ve gevşek bağlantılar</li><li>Vibrasyon trendi (varsa ölçüm kayıtları)</li></ul></div></div><div class=\\\"bg-gradient-to-br from-slate-50 to-blue-50 border border-slate-200 rounded-2xl p-6 mb-6\\\"><h2 class=\\\"text-xl font-semibold text-slate-900 mb-3\\\">Kısa Performans Kontrolü</h2><p class=\\\"text-slate-700 mb-4\\\">Range/Approach değerleri sezon boyunca izlenmelidir. Ani sapmalar; su dağılımı, dolgu tıkanıklığı veya fan debisi problemlerini işaret edebilir.</p><ul class=\\\"list-disc pl-6 text-slate-700 space-y-2\\\"><li>Giriş/çıkış su sıcaklıkları ve debi kaydı</li><li>Fan amper/enerji tüketimi trendi</li><li>Drift eliminator ve damlacık kontrolü</li></ul></div><div class=\\\"bg-white border border-slate-200 rounded-2xl p-6\\\"><h2 class=\\\"text-xl font-semibold text-slate-900 mb-3\\\">Bakım Periyot Önerisi</h2><div class=\\\"grid md:grid-cols-2 gap-4\\\"><div class=\\\"rounded-xl bg-slate-50 border border-slate-200 p-5\\\"><h3 class=\\\"font-semibold text-slate-900 mb-2\\\">Haftalık</h3><ul class=\\\"list-disc pl-6 text-slate-700 space-y-2\\\"><li>Görsel kontrol + kaçak/seviye</li><li>Panoda alarm/koruma kontrolü</li></ul></div><div class=\\\"rounded-xl bg-slate-50 border border-slate-200 p-5\\\"><h3 class=\\\"font-semibold text-slate-900 mb-2\\\">Aylık</h3><ul class=\\\"list-disc pl-6 text-slate-700 space-y-2\\\"><li>Nozul/filtre kontrolü</li><li>Fan tahrik ve vibrasyon gözlemi</li></ul></div><div class=\\\"rounded-xl bg-slate-50 border border-slate-200 p-5\\\"><h3 class=\\\"font-semibold text-slate-900 mb-2\\\">3–6 Ay</h3><ul class=\\\"list-disc pl-6 text-slate-700 space-y-2\\\"><li>Dolgu ve havuz temizliği</li><li>Su analizi doğrulama</li></ul></div><div class=\\\"rounded-xl bg-slate-50 border border-slate-200 p-5\\\"><h3 class=\\\"font-semibold text-slate-900 mb-2\\\">Yıllık</h3><ul class=\\\"list-disc pl-6 text-slate-700 space-y-2\\\"><li>Kapsamlı mekanik kontrol</li><li>Performans değerlendirmesi</li></ul></div></div></div></section>\"}','Su soğutma kulelerinin verimli ve uzun ömürlü çalışması için periyodik bakım kontrol listeleri ve önerilen periyotlar.','Periyodik bakım rehberi – su soğutma kulesi ekipmanı','Su Soğutma Kulelerinde Periyodik Bakım | Ensotek','Su soğutma kulelerinde periyodik bakım: su kalitesi takibi, dolgu/nozul temizliği, fan-tahrik kontrolleri, performans izleme ve bakım periyotları.','ensotek,blog,bakim,periyodik bakım,su sogutma kuleleri,water quality,fan drive','2026-01-02 03:32:22.461','2026-01-02 03:32:22.461'),
('77773001-0002-4002-8002-777777773001','33330001-3333-4333-8333-333333330001','en','Periodic Maintenance for Water Cooling Towers','periodic-maintenance-water-cooling-towers','{\"html\": \"<section class=\\\"container mx-auto px-4 py-10\\\"><div class=\\\"max-w-3xl\\\"><h1 class=\\\"text-3xl md:text-4xl font-semibold text-slate-900 mb-4\\\">Periodic Maintenance for Water Cooling Towers</h1><p class=\\\"text-slate-700 mb-6\\\">Efficiency, water quality, and mechanical condition must be managed together. This guide consolidates practical checklists and recommended intervals for field teams.</p><div class=\\\"flex flex-wrap gap-2 mb-8\\\"><span class=\\\"inline-flex items-center rounded-full bg-slate-100 px-3 py-1 text-sm text-slate-700\\\">Maintenance</span><span class=\\\"inline-flex items-center rounded-full bg-slate-100 px-3 py-1 text-sm text-slate-700\\\">Water Quality</span><span class=\\\"inline-flex items-center rounded-full bg-slate-100 px-3 py-1 text-sm text-slate-700\\\">Performance</span></div></div><div class=\\\"grid grid-cols-1 md:grid-cols-2 gap-4 mb-6\\\"><div class=\\\"bg-white border border-slate-200 rounded-2xl p-6\\\"><h2 class=\\\"text-lg font-semibold text-slate-900 mb-2\\\">1) Visual Inspection</h2><ul class=\\\"list-disc pl-6 text-slate-700 space-y-2\\\"><li>Leaks, overflow, basin levels</li><li>Abnormal vibration/noise, fan blade damage</li><li>Motor/coupling/belt and fasteners</li><li>Electrical panel, protections, terminals</li></ul></div><div class=\\\"bg-white border border-slate-200 rounded-2xl p-6\\\"><h2 class=\\\"text-lg font-semibold text-slate-900 mb-2\\\">2) Water Quality Monitoring</h2><ul class=\\\"list-disc pl-6 text-slate-700 space-y-2\\\"><li>pH, conductivity, hardness, alkalinity</li><li>Blowdown rate and chemical treatment</li><li>Biofilm and corrosion indicators</li><li>Filter/strainer and by-pass checks</li></ul></div><div class=\\\"bg-white border border-slate-200 rounded-2xl p-6\\\"><h2 class=\\\"text-lg font-semibold text-slate-900 mb-2\\\">3) Fill & Nozzle Cleaning</h2><p class=\\\"text-slate-700 mb-3\\\">Scaling and clogging reduce heat transfer. Planned cleaning helps reduce energy costs.</p><ul class=\\\"list-disc pl-6 text-slate-700 space-y-2\\\"><li>Nozzle distribution: uniform spray</li><li>Fill surface: clogging and damage</li><li>Basin: sludge/sediment cleaning</li></ul></div><div class=\\\"bg-white border border-slate-200 rounded-2xl p-6\\\"><h2 class=\\\"text-lg font-semibold text-slate-900 mb-2\\\">4) Fan & Drive Checks</h2><ul class=\\\"list-disc pl-6 text-slate-700 space-y-2\\\"><li>Bearings, lubrication and heat</li><li>Belt tension and pulley alignment</li><li>Fan balance and loose connections</li><li>Vibration trend (if available)</li></ul></div></div><div class=\\\"bg-gradient-to-br from-slate-50 to-blue-50 border border-slate-200 rounded-2xl p-6 mb-6\\\"><h2 class=\\\"text-xl font-semibold text-slate-900 mb-3\\\">Quick Performance Check</h2><p class=\\\"text-slate-700 mb-4\\\">Track Range/Approach throughout the season. Sudden deviations may indicate distribution issues, fill fouling, or fan airflow problems.</p><ul class=\\\"list-disc pl-6 text-slate-700 space-y-2\\\"><li>Inlet/outlet water temperatures and flow logs</li><li>Fan current/energy consumption trend</li><li>Drift eliminator and droplet control</li></ul></div><div class=\\\"bg-white border border-slate-200 rounded-2xl p-6\\\"><h2 class=\\\"text-xl font-semibold text-slate-900 mb-3\\\">Suggested Maintenance Frequency</h2><div class=\\\"grid md:grid-cols-2 gap-4\\\"><div class=\\\"rounded-xl bg-slate-50 border border-slate-200 p-5\\\"><h3 class=\\\"font-semibold text-slate-900 mb-2\\\">Weekly</h3><ul class=\\\"list-disc pl-6 text-slate-700 space-y-2\\\"><li>Visual checks + levels/leaks</li><li>Panel alarms/protections</li></ul></div><div class=\\\"rounded-xl bg-slate-50 border border-slate-200 p-5\\\"><h3 class=\\\"font-semibold text-slate-900 mb-2\\\">Monthly</h3><ul class=\\\"list-disc pl-6 text-slate-700 space-y-2\\\"><li>Nozzle/filter inspections</li><li>Fan drive checks</li></ul></div><div class=\\\"rounded-xl bg-slate-50 border border-slate-200 p-5\\\"><h3 class=\\\"font-semibold text-slate-900 mb-2\\\">Every 3–6 months</h3><ul class=\\\"list-disc pl-6 text-slate-700 space-y-2\\\"><li>Basin/fill cleaning</li><li>Water analysis validation</li></ul></div><div class=\\\"rounded-xl bg-slate-50 border border-slate-200 p-5\\\"><h3 class=\\\"font-semibold text-slate-900 mb-2\\\">Annually</h3><ul class=\\\"list-disc pl-6 text-slate-700 space-y-2\\\"><li>Comprehensive mechanical inspection</li><li>Performance review</li></ul></div></div></div></section>\"}','Summary of periodic maintenance checklists and intervals for water cooling towers.','Periodic maintenance guide – water cooling tower equipment','Periodic Maintenance for Water Cooling Towers | Ensotek','Periodic maintenance for water cooling towers: water quality monitoring, fill/nozzle cleaning, fan-drive checks, performance tracking, and recommended intervals.','ensotek,blog,maintenance,periodic maintenance,water cooling towers,water quality,fan drive','2026-01-02 03:32:22.461','2026-01-02 03:32:22.461'),
('77773001-0003-4003-8003-777777773001','33330001-3333-4333-8333-333333330001','de','Regelmaessige Wartung von Wasserkuehltuermen','regelmaessige-wartung-wasserkuehltuerme','{\"html\": \"<section class=\\\"container mx-auto px-4 py-10\\\"><div class=\\\"max-w-3xl\\\"><h1 class=\\\"text-3xl md:text-4xl font-semibold text-slate-900 mb-4\\\">Regelmaessige Wartung von Wasserkuehltuermen</h1><p class=\\\"text-slate-700 mb-6\\\">Effizienz, Wasserqualitaet und mechanischer Zustand muessen gemeinsam gesteuert werden. Dieser Leitfaden fasst praxisnahe Checklisten und Wartungsintervalle zusammen.</p></div><div class=\\\"grid grid-cols-1 md:grid-cols-2 gap-4 mb-6\\\"><div class=\\\"bg-white border border-slate-200 rounded-2xl p-6\\\"><h2 class=\\\"text-lg font-semibold text-slate-900 mb-2\\\">1) Sichtpruefung</h2><ul class=\\\"list-disc pl-6 text-slate-700 space-y-2\\\"><li>Leckagen, Ueberlauf, Beckenfuellstaende</li><li>Ungewoehnliche Vibration/Geraeusche, Ventilatorblaetter</li><li>Motor/Antrieb/Riemen und Befestigungen</li><li>Schaltschrank, Schutzfunktionen, Klemmen</li></ul></div><div class=\\\"bg-white border border-slate-200 rounded-2xl p-6\\\"><h2 class=\\\"text-lg font-semibold text-slate-900 mb-2\\\">2) Wasserqualitaet</h2><ul class=\\\"list-disc pl-6 text-slate-700 space-y-2\\\"><li>pH, Leitfaehigkeit, Haerte, Alkalinitaet</li><li>Absalzung (Blowdown) und Chemiebehandlung</li><li>Biofilm und Korrosionsindikatoren</li><li>Filter/Strainer und By-pass pruefen</li></ul></div><div class=\\\"bg-white border border-slate-200 rounded-2xl p-6\\\"><h2 class=\\\"text-lg font-semibold text-slate-900 mb-2\\\">3) Fuellkoerper & Duesen</h2><p class=\\\"text-slate-700 mb-3\\\">Verkalkung und Verstopfung reduzieren die Waermeuebertragung. Geplante Reinigung senkt Energieaufwand.</p><ul class=\\\"list-disc pl-6 text-slate-700 space-y-2\\\"><li>Duesenbild: gleichmaessige Verteilung</li><li>Fuellkoerper: Verschmutzung und Schaeden</li><li>Becken: Schlamm/Sediment entfernen</li></ul></div><div class=\\\"bg-white border border-slate-200 rounded-2xl p-6\\\"><h2 class=\\\"text-lg font-semibold text-slate-900 mb-2\\\">4) Ventilator & Antrieb</h2><ul class=\\\"list-disc pl-6 text-slate-700 space-y-2\\\"><li>Lager, Schmierung und Temperatur</li><li>Riemenspannung und Riemenscheibenflucht</li><li>Ventilatorbalance und lockere Verbindungen</li><li>Vibrationstrend (falls vorhanden)</li></ul></div></div><div class=\\\"bg-gradient-to-br from-slate-50 to-blue-50 border border-slate-200 rounded-2xl p-6 mb-6\\\"><h2 class=\\\"text-xl font-semibold text-slate-900 mb-3\\\">Kurzer Performance-Check</h2><p class=\\\"text-slate-700 mb-4\\\">Range/Approach sollten saisonal getrackt werden. Plaetzliche Abweichungen deuten oft auf Verteilung, Fuellkoerper oder Luftleistung hin.</p><ul class=\\\"list-disc pl-6 text-slate-700 space-y-2\\\"><li>Ein-/Austrittstemperaturen und Durchfluss protokollieren</li><li>Ventilatorstrom/Energieverbrauch trendbasiert beobachten</li><li>Drift Eliminator und Tropfenmitnahme kontrollieren</li></ul></div><div class=\\\"bg-white border border-slate-200 rounded-2xl p-6\\\"><h2 class=\\\"text-xl font-semibold text-slate-900 mb-3\\\">Empfohlene Wartungsintervalle</h2><ul class=\\\"list-disc pl-6 text-slate-700 space-y-2\\\"><li>Woechentlich: Sichtpruefung + Fuellstand/Leckagen</li><li>Monatlich: Duesen/Filter + Antriebskontrolle</li><li>Alle 3–6 Monate: Becken/Fuellkoerper reinigen + Wasseranalyse validieren</li><li>Jaehrlich: umfassende mechanische Pruefung + Performance-Bewertung</li></ul></div></section>\"}','Zusammenfassung von Checklisten und Intervallen fuer die regelmaessige Wartung von Wasserkuehltuermen.','Wartungsleitfaden – Wasserkuehlturm-Anlage','Regelmaessige Wartung von Wasserkuehltuermen | Ensotek','Regelmaessige Wartung von Wasserkuehltuermen: Wasserqualitaet, Reinigung, Antriebskontrollen, Performance-Tracking und Intervalle.','ensotek,blog,wartung,regelmaessige wartung,wasserkuehltuerme,wasserqualitaet,antrieb','2026-01-02 03:32:22.461','2026-01-02 03:32:22.461'),
('77773002-0001-4001-8001-777777773002','33330002-3333-4333-8333-333333330002','tr','Endüstriyel Tesisler için Soğutma Kulesi Yerleşimi','endustriyel-tesisler-icin-sogutma-kulesi-yerlesimi','{\"html\": \"<section class=\\\"container mx-auto px-4 py-10\\\"><h1 class=\\\"text-3xl md:text-4xl font-semibold text-slate-900 mb-4\\\">Endüstriyel Tesisler için Soğutma Kulesi Yerleşimi</h1><p class=\\\"text-slate-700 mb-6\\\">Doğru yerleşim; performans, gürültü, servis erişimi ve işletme sürekliliğini doğrudan etkiler. Bu yazıda proje fazında kritik yerleşim kriterlerini ve sık yapılan hataları derledik.</p><div class=\\\"grid md:grid-cols-2 gap-4 mb-6\\\"><div class=\\\"bg-white border border-slate-200 rounded-2xl p-6\\\"><h2 class=\\\"text-xl font-semibold text-slate-900 mb-3\\\">1) Hava Sirkülasyonu</h2><ul class=\\\"list-disc pl-6 text-slate-700 space-y-2\\\"><li><strong>Recirculation</strong> riskini azaltın; egzoz ve taze hava yollarını ayırın.</li><li>Yüksek duvarlar ve dar şaftlar, sıcak havanın geri emilmesini artırabilir.</li><li>Komşu ekipmanlardan yayılan sıcak hava ve buharı hesaba katın.</li></ul></div><div class=\\\"bg-white border border-slate-200 rounded-2xl p-6\\\"><h2 class=\\\"text-xl font-semibold text-slate-900 mb-3\\\">2) Servis ve Bakım Erişimi</h2><ul class=\\\"list-disc pl-6 text-slate-700 space-y-2\\\"><li>Güvenli yürüyüş yolları ve korkuluklar</li><li>Motor/fan için kaldırma alanı (vinç güzergahı)</li><li>Havuz temizliği için drenaj ve erişim planı</li></ul></div></div><div class=\\\"bg-white border border-slate-200 rounded-2xl p-6 mb-6\\\"><h2 class=\\\"text-xl font-semibold text-slate-900 mb-3\\\">3) Gürültü Yönetimi</h2><p class=\\\"text-slate-700 mb-4\\\">Yerleşim, gürültü kontrolünde ilk savunma hattıdır. Mesafe, bariyer ve yönlendirme doğru kurgulanırsa ek akustik yatırım azalır.</p><div class=\\\"grid md:grid-cols-2 gap-4\\\"><div class=\\\"rounded-xl bg-slate-50 border border-slate-200 p-5\\\"><h3 class=\\\"font-semibold text-slate-900 mb-2\\\">Hızlı Kontroller</h3><ul class=\\\"list-disc pl-6 text-slate-700 space-y-2\\\"><li>En yakın sınır/konut mesafesi</li><li>Yansıma yapan yüzeyler (duvar, cephe)</li><li>Fan hızı/kanat tipi seçimi</li></ul></div><div class=\\\"rounded-xl bg-slate-50 border border-slate-200 p-5\\\"><h3 class=\\\"font-semibold text-slate-900 mb-2\\\">Çözümler</h3><ul class=\\\"list-disc pl-6 text-slate-700 space-y-2\\\"><li>Akustik louver / susturucu</li><li>Ses bariyeri ve yönlendirme</li><li>VFD ile düşük devir işletme</li></ul></div></div></div><div class=\\\"bg-gradient-to-br from-slate-50 to-blue-50 border border-slate-200 rounded-2xl p-6 mb-6\\\"><h2 class=\\\"text-xl font-semibold text-slate-900 mb-3\\\">4) Borulama ve Hidrolik</h2><ul class=\\\"list-disc pl-6 text-slate-700 space-y-2\\\"><li>Pompa–kule mesafesini minimize edin; sürtünme kayıplarını düşürün.</li><li>By-pass ve izolasyon vanalarını servis edilebilir konumda planlayın.</li><li>Drain/overflow hatlarının tahliye güvenliğini kontrol edin.</li><li>Vibrasyon izolatörleri ve esnek bağlantıları doğru seçin.</li></ul></div><div class=\\\"bg-slate-900 text-white rounded-2xl p-6\\\"><h2 class=\\\"text-xl font-semibold mb-2\\\">Saha Notu</h2><p class=\\\"text-white/90\\\">Yerleşim onayından önce, 3D model veya yerleşim krokisi üzerinde bakım senaryolarını (fan-motor değişimi, dolgu temizliği, nozül servis) mutlaka simüle edin.</p></div></section>\"}','Endüstriyel tesislerde soğutma kulesi konumlandırması için hava sirkülasyonu, servis erişimi, gürültü ve hidrolik kriterleri.','Tasarım önerileri – endüstriyel tesis yerleşimi ve soğutma kulesi','Endüstriyel Tesisler için Soğutma Kulesi Yerleşimi | Ensotek','Soğutma kulesi yerleşimi: recirculation riskinin azaltılması, servis erişimi, gürültü yönetimi ve borulama/hidrolik optimizasyonu için pratik öneriler.','ensotek,blog,tesis yerlesimi,tasarim onerileri,su sogutma kuleleri,noise control,hydraulic','2026-01-02 03:32:22.461','2026-01-02 03:32:22.461'),
('77773002-0002-4002-8002-777777773002','33330002-3333-4333-8333-333333330002','en','Cooling Tower Layout for Industrial Plants','cooling-tower-layout-industrial-plants','{\"html\": \"<section class=\\\"container mx-auto px-4 py-10\\\"><h1 class=\\\"text-3xl md:text-4xl font-semibold text-slate-900 mb-4\\\">Cooling Tower Layout for Industrial Plants</h1><p class=\\\"text-slate-700 mb-6\\\">Layout decisions affect performance, noise, serviceability, and uptime. This article summarizes key placement criteria and common pitfalls during the design phase.</p><div class=\\\"grid md:grid-cols-2 gap-4 mb-6\\\"><div class=\\\"bg-white border border-slate-200 rounded-2xl p-6\\\"><h2 class=\\\"text-xl font-semibold text-slate-900 mb-3\\\">1) Airflow Management</h2><ul class=\\\"list-disc pl-6 text-slate-700 space-y-2\\\"><li>Reduce <strong>recirculation</strong>; separate exhaust and fresh air paths.</li><li>High walls and narrow shafts can increase hot air re-ingestion.</li><li>Consider hot air plumes from neighboring equipment.</li></ul></div><div class=\\\"bg-white border border-slate-200 rounded-2xl p-6\\\"><h2 class=\\\"text-xl font-semibold text-slate-900 mb-3\\\">2) Service Access</h2><ul class=\\\"list-disc pl-6 text-slate-700 space-y-2\\\"><li>Safe walkways and guardrails</li><li>Lifting/maintenance clearance for motor and fan</li><li>Drainage plan for basin cleaning</li></ul></div></div><div class=\\\"bg-white border border-slate-200 rounded-2xl p-6 mb-6\\\"><h2 class=\\\"text-xl font-semibold text-slate-900 mb-3\\\">3) Noise Considerations</h2><p class=\\\"text-slate-700 mb-4\\\">Placement is the first line of defense. Proper distance, barriers, and orientation can reduce additional acoustic investments.</p><div class=\\\"grid md:grid-cols-2 gap-4\\\"><div class=\\\"rounded-xl bg-slate-50 border border-slate-200 p-5\\\"><h3 class=\\\"font-semibold text-slate-900 mb-2\\\">Quick Checks</h3><ul class=\\\"list-disc pl-6 text-slate-700 space-y-2\\\"><li>Distance to the nearest boundary/residential area</li><li>Reflective surfaces (walls, facades)</li><li>Fan speed and blade selection</li></ul></div><div class=\\\"rounded-xl bg-slate-50 border border-slate-200 p-5\\\"><h3 class=\\\"font-semibold text-slate-900 mb-2\\\">Mitigations</h3><ul class=\\\"list-disc pl-6 text-slate-700 space-y-2\\\"><li>Acoustic louvers / silencers</li><li>Noise barriers and redirection</li><li>Lower-speed operation with VFD</li></ul></div></div></div><div class=\\\"bg-gradient-to-br from-slate-50 to-blue-50 border border-slate-200 rounded-2xl p-6 mb-6\\\"><h2 class=\\\"text-xl font-semibold text-slate-900 mb-3\\\">4) Piping & Hydraulics</h2><ul class=\\\"list-disc pl-6 text-slate-700 space-y-2\\\"><li>Minimize pump-to-tower distance to reduce friction losses.</li><li>Place isolation and bypass valves for easy service.</li><li>Verify safe routing for drain/overflow lines.</li><li>Select vibration isolators and flexible connectors appropriately.</li></ul></div><div class=\\\"bg-slate-900 text-white rounded-2xl p-6\\\"><h2 class=\\\"text-xl font-semibold mb-2\\\">Field Note</h2><p class=\\\"text-white/90\\\">Before final approval, simulate maintenance scenarios (fan/motor replacement, fill cleaning, nozzle service) on a layout or 3D model.</p></div></section>\"}','Practical layout guidance focusing on airflow, service access, noise, and hydraulic considerations for cooling towers in industrial plants.','Design tips – industrial plant layout and cooling tower placement','Cooling Tower Layout for Industrial Plants | Ensotek','Cooling tower layout: reduce recirculation risk, plan service access, manage noise, and optimize piping/hydraulics with practical design-phase recommendations.','ensotek,blog,plant layout,design tips,water cooling towers,noise,hydraulic','2026-01-02 03:32:22.461','2026-01-02 03:32:22.461'),
('77773002-0003-4003-8003-777777773002','33330002-3333-4333-8333-333333330002','de','Kuehlturm-Layout fuer Industrieanlagen','kuehlturm-layout-industrieanlagen','{\"html\": \"<section class=\\\"container mx-auto px-4 py-10\\\"><h1 class=\\\"text-3xl md:text-4xl font-semibold text-slate-900 mb-4\\\">Kuehlturm-Layout fuer Industrieanlagen</h1><p class=\\\"text-slate-700 mb-6\\\">Layout-Entscheidungen beeinflussen Leistung, Laerm, Servicezugang und Verfuegbarkeit. Dieser Beitrag fasst zentrale Platzierungskriterien und typische Fehler in der Planungsphase zusammen.</p><div class=\\\"grid md:grid-cols-2 gap-4 mb-6\\\"><div class=\\\"bg-white border border-slate-200 rounded-2xl p-6\\\"><h2 class=\\\"text-xl font-semibold text-slate-900 mb-3\\\">1) Luftfuehrung</h2><ul class=\\\"list-disc pl-6 text-slate-700 space-y-2\\\"><li><strong>Recirculation</strong> vermeiden; Abluft und Frischluftwege trennen.</li><li>Hohe Waende und enge Schaechte koennen Rueckansaugung beguenstigen.</li><li>Warmluftfahnen benachbarter Anlagen beruecksichtigen.</li></ul></div><div class=\\\"bg-white border border-slate-200 rounded-2xl p-6\\\"><h2 class=\\\"text-xl font-semibold text-slate-900 mb-3\\\">2) Servicezugang</h2><ul class=\\\"list-disc pl-6 text-slate-700 space-y-2\\\"><li>Sichere Laufwege und Geländer</li><li>Hub-/Wartungsfreiraeume fuer Motor und Ventilator</li><li>Entwaesserungskonzept fuer Beckenreinigung</li></ul></div></div><div class=\\\"bg-white border border-slate-200 rounded-2xl p-6 mb-6\\\"><h2 class=\\\"text-xl font-semibold text-slate-900 mb-3\\\">3) Laermmanagement</h2><p class=\\\"text-slate-700 mb-4\\\">Die Platzierung ist die erste Schutzstufe. Distanz, Barrieren und Ausrichtung koennen akustische Zusatzmassnahmen reduzieren.</p><div class=\\\"grid md:grid-cols-2 gap-4\\\"><div class=\\\"rounded-xl bg-slate-50 border border-slate-200 p-5\\\"><h3 class=\\\"font-semibold text-slate-900 mb-2\\\">Schnellchecks</h3><ul class=\\\"list-disc pl-6 text-slate-700 space-y-2\\\"><li>Abstand zur naechsten Grenze/Wohnbebauung</li><li>Reflektierende Flaechen (Waende/Fassaden)</li><li>Ventilatordrehzahl und Fluegelwahl</li></ul></div><div class=\\\"rounded-xl bg-slate-50 border border-slate-200 p-5\\\"><h3 class=\\\"font-semibold text-slate-900 mb-2\\\">Massnahmen</h3><ul class=\\\"list-disc pl-6 text-slate-700 space-y-2\\\"><li>Akustik-Louver / Schalldaempfer</li><li>Laermbarrieren und Umlenkung</li><li>Niedrige Drehzahl mit Frequenzumrichter</li></ul></div></div></div><div class=\\\"bg-gradient-to-br from-slate-50 to-blue-50 border border-slate-200 rounded-2xl p-6 mb-6\\\"><h2 class=\\\"text-xl font-semibold text-slate-900 mb-3\\\">4) Rohrleitungen & Hydraulik</h2><ul class=\\\"list-disc pl-6 text-slate-700 space-y-2\\\"><li>Pumpe–Kuehlturm Distanz minimieren; Druckverluste reduzieren.</li><li>By-pass/Absperrarmaturen servicefreundlich anordnen.</li><li>Drain/Overflow sicher ableiten.</li><li>Schwingungsdaempfer und flexible Verbindungen passend auslegen.</li></ul></div><div class=\\\"bg-slate-900 text-white rounded-2xl p-6\\\"><h2 class=\\\"text-xl font-semibold mb-2\\\">Praxis-Hinweis</h2><p class=\\\"text-white/90\\\">Vor der finalen Freigabe Wartungsszenarien (Motor/Ventilator-Tausch, Fuellkoerper-Reinigung, Duesenservice) im Layout oder 3D-Modell durchspielen.</p></div></section>\"}','Kompakte Layout-Empfehlungen: Luftfuehrung, Servicezugang, Laerm und Hydraulik fuer Kuehltuerme in Industrieanlagen.','Design-Tipps – Anlagenlayout und Kuehlturm-Positionierung','Kuehlturm-Layout fuer Industrieanlagen | Ensotek','Kuehlturm-Layout: Recirculation reduzieren, Servicezugang planen, Laerm managen und Rohrleitung/Hydraulik optimieren.','ensotek,blog,anlagenlayout,design tipps,wasserkuehltuerme,laerm,hydraulik','2026-01-02 03:32:22.461','2026-01-02 03:32:22.461'),
('77773101-0001-4001-8001-777777773101','33331001-3333-4333-8333-333333331001','tr','FRP Soğutma Kulelerinde Isı Transferi Temelleri','frp-sogutma-kulelerinde-isi-transferi-temelleri','{\"html\": \"<section class=\\\"container mx-auto px-4 py-10\\\"><h1 class=\\\"text-3xl md:text-4xl font-semibold text-slate-900 mb-4\\\">FRP Soğutma Kulelerinde Isı Transferi Temelleri</h1><p class=\\\"text-slate-700 mb-6\\\">Isı transferi performansı; hava debisi, dolgu (fill) verimi ve su dağıtım kararlılığı ile doğrudan ilişkilidir. Bu yazıda temel metrikleri (range/approach), sık sahaya yansıyan problemleri ve hızlı teşhis ipuçlarını özetliyoruz.</p><div class=\\\"bg-white border border-slate-200 rounded-2xl p-6 mb-6\\\"><h2 class=\\\"text-xl font-semibold text-slate-900 mb-3\\\">Temel Kavramlar</h2><div class=\\\"grid md:grid-cols-2 gap-4\\\"><div class=\\\"rounded-xl bg-slate-50 border border-slate-200 p-5\\\"><h3 class=\\\"font-semibold text-slate-900 mb-2\\\">Range</h3><p class=\\\"text-slate-700\\\">Kule giriş ve çıkış su sıcaklığı farkı. Sistem yükünü ve kule kapasite kullanımını anlamaya yardımcı olur.</p></div><div class=\\\"rounded-xl bg-slate-50 border border-slate-200 p-5\\\"><h3 class=\\\"font-semibold text-slate-900 mb-2\\\">Approach</h3><p class=\\\"text-slate-700\\\">Kule çıkış su sıcaklığı ile yaş termometre (wet-bulb) arasındaki fark. Ne kadar düşükse performans o kadar iyidir.</p></div></div></div><div class=\\\"grid md:grid-cols-2 gap-4 mb-6\\\"><div class=\\\"bg-white border border-slate-200 rounded-2xl p-6\\\"><h2 class=\\\"text-xl font-semibold text-slate-900 mb-3\\\">1) Hava Debisi</h2><ul class=\\\"list-disc pl-6 text-slate-700 space-y-2\\\"><li>Fan hızı (VFD), kanat açısı ve kanat yüzeyi</li><li>Hava girişlerinde tıkanıklık ve louver durumu</li><li>Recirculation ve kısa devre hava akışı</li></ul></div><div class=\\\"bg-white border border-slate-200 rounded-2xl p-6\\\"><h2 class=\\\"text-xl font-semibold text-slate-900 mb-3\\\">2) Dolgu Verimi</h2><ul class=\\\"list-disc pl-6 text-slate-700 space-y-2\\\"><li>Dolgu yüzey alanı ve temas süresi</li><li>Kireçlenme / biyolojik oluşum (biofouling)</li><li>Yanlış kimyasal şartlandırma kaynaklı tıkanma</li></ul></div></div><div class=\\\"bg-gradient-to-br from-slate-50 to-blue-50 border border-slate-200 rounded-2xl p-6 mb-6\\\"><h2 class=\\\"text-xl font-semibold text-slate-900 mb-3\\\">Hızlı Teşhis Tablosu</h2><div class=\\\"overflow-x-auto\\\"><table class=\\\"w-full text-left border-collapse\\\"><thead><tr class=\\\"text-slate-900\\\"><th class=\\\"py-2 pr-4 border-b border-slate-200\\\">Belirti</th><th class=\\\"py-2 pr-4 border-b border-slate-200\\\">Muhtemel Neden</th><th class=\\\"py-2 border-b border-slate-200\\\">Kontrol</th></tr></thead><tbody class=\\\"text-slate-700\\\"><tr><td class=\\\"py-2 pr-4 border-b border-slate-100\\\">Approach yükseldi</td><td class=\\\"py-2 pr-4 border-b border-slate-100\\\">Dolgu kirli / hava debisi düşük</td><td class=\\\"py-2 border-b border-slate-100\\\">Dolgu/nozul + fan amper</td></tr><tr><td class=\\\"py-2 pr-4 border-b border-slate-100\\\">Range düştü</td><td class=\\\"py-2 pr-4 border-b border-slate-100\\\">Yük azaldı / debi değişti</td><td class=\\\"py-2 border-b border-slate-100\\\">Debi ölçümü + proses</td></tr><tr><td class=\\\"py-2 pr-4 border-b border-slate-100\\\">Damlacık artışı</td><td class=\\\"py-2 pr-4 border-b border-slate-100\\\">Drift eliminator hasarı</td><td class=\\\"py-2 border-b border-slate-100\\\">Eliminator kontrolü</td></tr></tbody></table></div></div><div class=\\\"bg-slate-900 text-white rounded-2xl p-6\\\"><h2 class=\\\"text-xl font-semibold mb-2\\\">Pratik Öneri</h2><p class=\\\"text-white/90\\\">Trend analizi yapın: aynı hava koşullarında (benzer wet-bulb) approach/range ve fan enerji tüketimini kaydedin. Sapmalar, arıza oluşmadan önce sinyal verir.</p></div></section>\"}','FRP soğutma kulelerinde ısı transferini etkileyen temel parametreler: range/approach, hava debisi, dolgu verimi ve hızlı teşhis ipuçları.','Teknik rehber – FRP soğutma kulelerinde ısı transferi','FRP Soğutma Kulelerinde Isı Transferi Temelleri | Ensotek','FRP soğutma kulelerinde ısı transferi: range/approach metrikleri, fan hava debisi, dolgu verimi, su dağıtımı ve saha için hızlı teşhis kontrol listeleri.','ensotek,blog,frp,isi transferi,teknik rehber,su sogutma kuleleri,approach,range','2026-01-02 03:32:22.461','2026-01-02 03:32:22.461'),
('77773101-0002-4002-8002-777777773101','33331001-3333-4333-8333-333333331001','en','Basics of Heat Transfer in FRP Cooling Towers','basics-heat-transfer-frp-cooling-towers','{\"html\": \"<section class=\\\"container mx-auto px-4 py-10\\\"><h1 class=\\\"text-3xl md:text-4xl font-semibold text-slate-900 mb-4\\\">Basics of Heat Transfer in FRP Cooling Towers</h1><p class=\\\"text-slate-700 mb-6\\\">Heat transfer performance depends on airflow, fill efficiency, and stable water distribution. This article summarizes key metrics (range/approach), common site issues, and quick troubleshooting tips.</p><div class=\\\"bg-white border border-slate-200 rounded-2xl p-6 mb-6\\\"><h2 class=\\\"text-xl font-semibold text-slate-900 mb-3\\\">Core Metrics</h2><div class=\\\"grid md:grid-cols-2 gap-4\\\"><div class=\\\"rounded-xl bg-slate-50 border border-slate-200 p-5\\\"><h3 class=\\\"font-semibold text-slate-900 mb-2\\\">Range</h3><p class=\\\"text-slate-700\\\">Difference between inlet and outlet water temperature. Indicates load and capacity utilization.</p></div><div class=\\\"rounded-xl bg-slate-50 border border-slate-200 p-5\\\"><h3 class=\\\"font-semibold text-slate-900 mb-2\\\">Approach</h3><p class=\\\"text-slate-700\\\">Difference between outlet water temperature and wet-bulb. Lower approach typically means better performance.</p></div></div></div><div class=\\\"grid md:grid-cols-2 gap-4 mb-6\\\"><div class=\\\"bg-white border border-slate-200 rounded-2xl p-6\\\"><h2 class=\\\"text-xl font-semibold text-slate-900 mb-3\\\">1) Airflow</h2><ul class=\\\"list-disc pl-6 text-slate-700 space-y-2\\\"><li>Fan speed (VFD), blade angle and surface condition</li><li>Blockage at air inlets and louver condition</li><li>Recirculation and short-circuit airflow</li></ul></div><div class=\\\"bg-white border border-slate-200 rounded-2xl p-6\\\"><h2 class=\\\"text-xl font-semibold text-slate-900 mb-3\\\">2) Fill Efficiency</h2><ul class=\\\"list-disc pl-6 text-slate-700 space-y-2\\\"><li>Surface area and contact time</li><li>Scaling and biofouling</li><li>Fouling due to inconsistent water treatment</li></ul></div></div><div class=\\\"bg-gradient-to-br from-slate-50 to-blue-50 border border-slate-200 rounded-2xl p-6 mb-6\\\"><h2 class=\\\"text-xl font-semibold text-slate-900 mb-3\\\">Quick Troubleshooting</h2><div class=\\\"overflow-x-auto\\\"><table class=\\\"w-full text-left border-collapse\\\"><thead><tr class=\\\"text-slate-900\\\"><th class=\\\"py-2 pr-4 border-b border-slate-200\\\">Symptom</th><th class=\\\"py-2 pr-4 border-b border-slate-200\\\">Likely cause</th><th class=\\\"py-2 border-b border-slate-200\\\">Check</th></tr></thead><tbody class=\\\"text-slate-700\\\"><tr><td class=\\\"py-2 pr-4 border-b border-slate-100\\\">Approach increases</td><td class=\\\"py-2 pr-4 border-b border-slate-100\\\">Fouled fill / low airflow</td><td class=\\\"py-2 border-b border-slate-100\\\">Fill/nozzles + fan current</td></tr><tr><td class=\\\"py-2 pr-4 border-b border-slate-100\\\">Range decreases</td><td class=\\\"py-2 pr-4 border-b border-slate-100\\\">Load/flow change</td><td class=\\\"py-2 border-b border-slate-100\\\">Flow measurement + process</td></tr><tr><td class=\\\"py-2 pr-4 border-b border-slate-100\\\">More droplet carryover</td><td class=\\\"py-2 pr-4 border-b border-slate-100\\\">Damaged drift eliminator</td><td class=\\\"py-2 border-b border-slate-100\\\">Eliminator inspection</td></tr></tbody></table></div></div><div class=\\\"bg-slate-900 text-white rounded-2xl p-6\\\"><h2 class=\\\"text-xl font-semibold mb-2\\\">Practical Tip</h2><p class=\\\"text-white/90\\\">Track trends: at similar wet-bulb conditions, record approach/range and fan energy. Deviations are early-warning signals.</p></div></section>\"}','Key parameters for heat transfer in FRP cooling towers: range/approach, airflow, fill efficiency, and quick troubleshooting.','Technical guide – heat transfer in FRP cooling towers','Basics of Heat Transfer in FRP Cooling Towers | Ensotek','Heat transfer in FRP cooling towers: range/approach metrics, fan airflow, fill efficiency, water distribution, and quick field troubleshooting checklists.','ensotek,blog,frp,heat transfer,technical guide,water cooling towers,approach,range','2026-01-02 03:32:22.461','2026-01-02 03:32:22.461'),
('77773101-0003-4003-8003-777777773101','33331001-3333-4333-8333-333333331001','de','Grundlagen der Waermeuebertragung in FRP-Kuehltuermen','grundlagen-waermeuebertragung-frp-kuehltuerme','{\"html\": \"<section class=\\\"container mx-auto px-4 py-10\\\"><h1 class=\\\"text-3xl md:text-4xl font-semibold text-slate-900 mb-4\\\">Grundlagen der Waermeuebertragung in FRP-Kuehltuermen</h1><p class=\\\"text-slate-700 mb-6\\\">Die Leistung haengt von Luftstrom, Fuellkoerper (Fill) und stabiler Wasserverteilung ab. Hier fassen wir Kennzahlen (Range/Approach), typische Praxisprobleme und schnelle Diagnosehinweise zusammen.</p><div class=\\\"bg-white border border-slate-200 rounded-2xl p-6 mb-6\\\"><h2 class=\\\"text-xl font-semibold text-slate-900 mb-3\\\">Grundbegriffe</h2><div class=\\\"grid md:grid-cols-2 gap-4\\\"><div class=\\\"rounded-xl bg-slate-50 border border-slate-200 p-5\\\"><h3 class=\\\"font-semibold text-slate-900 mb-2\\\">Range</h3><p class=\\\"text-slate-700\\\">Differenz zwischen Ein- und Austrittstemperatur des Wassers. Zeigt Last und Auslastung.</p></div><div class=\\\"rounded-xl bg-slate-50 border border-slate-200 p-5\\\"><h3 class=\\\"font-semibold text-slate-900 mb-2\\\">Approach</h3><p class=\\\"text-slate-700\\\">Differenz zwischen Austrittswasser und Nasskugeltemperatur. Ein kleiner Approach bedeutet meist bessere Performance.</p></div></div></div><div class=\\\"grid md:grid-cols-2 gap-4 mb-6\\\"><div class=\\\"bg-white border border-slate-200 rounded-2xl p-6\\\"><h2 class=\\\"text-xl font-semibold text-slate-900 mb-3\\\">1) Luftleistung</h2><ul class=\\\"list-disc pl-6 text-slate-700 space-y-2\\\"><li>Ventilatordrehzahl (FU), Schaufelwinkel, Zustand</li><li>Einlassbereiche, Louver und Verstopfungen</li><li>Recirculation und Kurzschlussstroemung</li></ul></div><div class=\\\"bg-white border border-slate-200 rounded-2xl p-6\\\"><h2 class=\\\"text-xl font-semibold text-slate-900 mb-3\\\">2) Fuellkoerper-Effizienz</h2><ul class=\\\"list-disc pl-6 text-slate-700 space-y-2\\\"><li>Oberflaeche und Kontaktzeit</li><li>Verkalkung und Biofouling</li><li>Verschmutzung durch unpassende Wasserbehandlung</li></ul></div></div><div class=\\\"bg-gradient-to-br from-slate-50 to-blue-50 border border-slate-200 rounded-2xl p-6 mb-6\\\"><h2 class=\\\"text-xl font-semibold text-slate-900 mb-3\\\">Schnelldiagnose</h2><div class=\\\"overflow-x-auto\\\"><table class=\\\"w-full text-left border-collapse\\\"><thead><tr class=\\\"text-slate-900\\\"><th class=\\\"py-2 pr-4 border-b border-slate-200\\\">Symptom</th><th class=\\\"py-2 pr-4 border-b border-slate-200\\\">Moegliche Ursache</th><th class=\\\"py-2 border-b border-slate-200\\\">Pruefung</th></tr></thead><tbody class=\\\"text-slate-700\\\"><tr><td class=\\\"py-2 pr-4 border-b border-slate-100\\\">Approach steigt</td><td class=\\\"py-2 pr-4 border-b border-slate-100\\\">Fuellkoerper verschmutzt / Luftstrom niedrig</td><td class=\\\"py-2 border-b border-slate-100\\\">Fuellkoerper/Duesen + Ventilatorstrom</td></tr><tr><td class=\\\"py-2 pr-4 border-b border-slate-100\\\">Range sinkt</td><td class=\\\"py-2 pr-4 border-b border-slate-100\\\">Last/Durchfluss aendert sich</td><td class=\\\"py-2 border-b border-slate-100\\\">Durchflussmessung + Prozess</td></tr><tr><td class=\\\"py-2 pr-4 border-b border-slate-100\\\">Tropfenmitnahme steigt</td><td class=\\\"py-2 pr-4 border-b border-slate-100\\\">Drift Eliminator beschaedigt</td><td class=\\\"py-2 border-b border-slate-100\\\">Eliminator kontrollieren</td></tr></tbody></table></div></div><div class=\\\"bg-slate-900 text-white rounded-2xl p-6\\\"><h2 class=\\\"text-xl font-semibold mb-2\\\">Praxis-Tipp</h2><p class=\\\"text-white/90\\\">Trends erfassen: bei aehnlicher Nasskugeltemperatur Approach/Range und Energieverbrauch protokollieren. Abweichungen sind Fruehwarnsignale.</p></div></section>\"}','Wichtige Parameter: Range/Approach, Luftleistung, Fuellkoerper-Effizienz und schnelle Diagnosehinweise fuer FRP-Kuehltuerme.','Technikleitfaden – Waermeuebertragung in FRP-Kuehltuermen','Grundlagen der Waermeuebertragung in FRP-Kuehltuermen | Ensotek','FRP-Kuehltuerme: Waermeuebertragung beeinflusst durch Luftstrom, Fuellkoerper, Wasserverteilung sowie Range/Approach und Praxis-Checklisten.','ensotek,blog,frp,waermeuebertragung,technikleitfaden,wasserkuehltuerme,approach,range','2026-01-02 03:32:22.461','2026-01-02 03:32:22.461'),
('88440001-0001-4001-8001-888888884401','44440001-4444-4444-8444-444444440001','tr','İbrahim YAĞAR','ibrahim-yagar-kurucu-genel-mudur','{\"html\": \"<p>Ensotek Su Soğutma Kuleleri’nin kurucusu ve genel müdürüdür. Şirketi yaklaşık <strong>36 yıl önce</strong> kurarak Ensotek’i yerel bir girişimden global ölçekte bilinen bir markaya dönüştürmüştür.</p><h2>Odak Alanları</h2><ul><li><strong>Strateji ve büyüme:</strong> Pazarlara açılım ve uzun vadeli büyüme planı</li><li><strong>İnovasyon:</strong> Verimlilik, dayanıklılık ve sürdürülebilirlik</li><li><strong>Kurumsal yönetim:</strong> Kalite kültürü ve marka standardı</li></ul><h2>Yaklaşım</h2><p>Ensotek’te müşteri memnuniyetini, sürdürülebilir üretimi ve ölçülebilir kalite standartlarını önceliklendirir. Ar-Ge ve saha geri bildirimlerini ürün geliştirme döngüsüne entegre eden liderlik anlayışıyla hareket eder.</p><hr/><h2>İletişim &amp; Sosyal</h2><div class=\\\"ens-teamSocial\\\"><a class=\\\"ens-teamSocial__link\\\" href=\\\"https://www.linkedin.com/in/ibrahim-yagar\\\" target=\\\"_blank\\\" rel=\\\"noopener noreferrer\\\" aria-label=\\\"LinkedIn\\\"><i class=\\\"fa-brands fa-linkedin-in\\\"></i></a><a class=\\\"ens-teamSocial__link\\\" href=\\\"https://x.com/ensotek\\\" target=\\\"_blank\\\" rel=\\\"noopener noreferrer\\\" aria-label=\\\"X\\\"><i class=\\\"fa-brands fa-x-twitter\\\"></i></a><a class=\\\"ens-teamSocial__link\\\" href=\\\"mailto:info@ensotek.com\\\" aria-label=\\\"E-posta\\\"><i class=\\\"fa-solid fa-envelope\\\"></i></a><a class=\\\"ens-teamSocial__link\\\" href=\\\"tel:+905555555555\\\" aria-label=\\\"Telefon\\\"><i class=\\\"fa-solid fa-phone\\\"></i></a></div>\"}','Kurucu & Genel Müdür','Ensotek yönetim ekibi – İbrahim YAĞAR','İbrahim YAĞAR | Kurucu & Genel Müdür – Ensotek','İbrahim YAĞAR; Ensotek’in kurucusu ve genel müdürü. Strateji, inovasyon ve kurumsal yönetimi uzun yıllara dayanan deneyimiyle yönetir.','ensotek,ekibimiz,yönetim,kurucu,genel müdür,ibrahim yagar,su soğutma kuleleri','2026-01-02 03:32:22.516','2026-01-02 03:32:22.516'),
('88440001-0002-4002-8002-888888884401','44440001-4444-4444-8444-444444440001','en','İbrahim YAĞAR','ibrahim-yagar-founder-managing-director','{\"html\": \"<p>He is the founder and managing director of Ensotek Cooling Towers. He established the company around <strong>36 years ago</strong> and scaled it into a globally recognized brand.</p><h2>Key Focus Areas</h2><ul><li><strong>Strategy &amp; growth:</strong> Market expansion and long-term direction</li><li><strong>Innovation:</strong> Efficiency, durability and sustainability</li><li><strong>Corporate leadership:</strong> Quality culture and brand standards</li></ul><h2>Approach</h2><p>He prioritizes customer satisfaction, sustainable manufacturing, and measurable quality standards. His leadership integrates R&amp;D with real-world field feedback into continuous product improvement.</p><hr/><h2>Contact &amp; Social</h2><div class=\\\"ens-teamSocial\\\"><a class=\\\"ens-teamSocial__link\\\" href=\\\"https://www.linkedin.com/in/ibrahim-yagar\\\" target=\\\"_blank\\\" rel=\\\"noopener noreferrer\\\" aria-label=\\\"LinkedIn\\\"><i class=\\\"fa-brands fa-linkedin-in\\\"></i></a><a class=\\\"ens-teamSocial__link\\\" href=\\\"https://x.com/ensotek\\\" target=\\\"_blank\\\" rel=\\\"noopener noreferrer\\\" aria-label=\\\"X\\\"><i class=\\\"fa-brands fa-x-twitter\\\"></i></a><a class=\\\"ens-teamSocial__link\\\" href=\\\"mailto:info@ensotek.com\\\" aria-label=\\\"Email\\\"><i class=\\\"fa-solid fa-envelope\\\"></i></a><a class=\\\"ens-teamSocial__link\\\" href=\\\"tel:+905555555555\\\" aria-label=\\\"Phone\\\"><i class=\\\"fa-solid fa-phone\\\"></i></a></div>\"}','Founder & Managing Director','Ensotek leadership team – İbrahim YAĞAR','İbrahim YAĞAR | Founder & Managing Director – Ensotek','İbrahim YAĞAR is the founder and managing director of Ensotek Cooling Towers. He leads strategy, innovation and corporate governance with decades of experience.','ensotek,our team,management,founder,managing director,ibrahim yagar,cooling towers','2026-01-02 03:32:22.516','2026-01-02 03:32:22.516'),
('88440001-0003-4003-8003-888888884401','44440001-4444-4444-8444-444444440001','de','İbrahim YAĞAR','ibrahim-yagar-geschaeftsfuehrer-und-gruender','{\"html\": \"<p>Er ist Geschäftsführer und Gründer von Ensotek. Er gründete das Unternehmen vor rund <strong>36 Jahren</strong> und entwickelte Ensotek zu einer international anerkannten Marke.</p><h2>Schwerpunkte</h2><ul><li><strong>Strategie &amp; Wachstum:</strong> Marktentwicklung und langfristige Ausrichtung</li><li><strong>Innovation:</strong> Effizienz, Langlebigkeit und Nachhaltigkeit</li><li><strong>Unternehmensführung:</strong> Qualitätskultur und Markenstandards</li></ul><h2>Ansatz</h2><p>Im Mittelpunkt stehen Kundenzufriedenheit, nachhaltige Produktion und messbare Qualitätsstandards. Feld-Feedback wird systematisch in die Produktentwicklung integriert.</p><hr/><h2>Kontakt &amp; Social</h2><div class=\\\"ens-teamSocial\\\"><a class=\\\"ens-teamSocial__link\\\" href=\\\"https://www.linkedin.com/in/ibrahim-yagar\\\" target=\\\"_blank\\\" rel=\\\"noopener noreferrer\\\" aria-label=\\\"LinkedIn\\\"><i class=\\\"fa-brands fa-linkedin-in\\\"></i></a><a class=\\\"ens-teamSocial__link\\\" href=\\\"https://x.com/ensotek\\\" target=\\\"_blank\\\" rel=\\\"noopener noreferrer\\\" aria-label=\\\"X\\\"><i class=\\\"fa-brands fa-x-twitter\\\"></i></a><a class=\\\"ens-teamSocial__link\\\" href=\\\"mailto:info@ensotek.com\\\" aria-label=\\\"E-Mail\\\"><i class=\\\"fa-solid fa-envelope\\\"></i></a><a class=\\\"ens-teamSocial__link\\\" href=\\\"tel:+905555555555\\\" aria-label=\\\"Telefon\\\"><i class=\\\"fa-solid fa-phone\\\"></i></a></div>\"}','Geschäftsführer & Gründer','Ensotek Management – İbrahim YAĞAR','İbrahim YAĞAR | Geschäftsführer & Gründer – Ensotek','İbrahim YAĞAR ist Geschäftsführer und Gründer von Ensotek. Er verantwortet Strategie, Innovation und Unternehmensführung mit jahrzehntelanger Erfahrung.','ensotek,unser team,management,gruender,geschaeftsfuehrer,ibrahim yagar,kuehltuerme','2026-01-02 03:32:22.516','2026-01-02 03:32:22.516'),
('88440002-0001-4001-8001-888888884402','44440002-4444-4444-8444-444444440002','tr','Mehmet KAYA','mehmet-kaya-kidemli-proje-muhendisi','{\"html\": \"<p>Su soğutma kulesi projelerinde keşif, teknik çözümleme, boyutlandırma ve uygulama koordinasyonunda görev alır. Saha koşulları ve proses gereksinimlerine göre optimum çözümü belirleyerek performans ve enerji verimliliği hedeflerini destekler.</p><h2>Uzmanlık Alanları</h2><ul><li><strong>Proje mühendisliği:</strong> Keşif, teknik ek, planlama</li><li><strong>Performans:</strong> Approach/Range, debi, fan ve dolgu seçimi</li><li><strong>Uygulama:</strong> Montaj koordinasyonu, devreye alma, saha testleri</li></ul><hr/><h2>İletişim &amp; Sosyal</h2><div class=\\\"ens-teamSocial\\\"><a class=\\\"ens-teamSocial__link\\\" href=\\\"https://www.linkedin.com/company/ensotek/\\\" target=\\\"_blank\\\" rel=\\\"noopener noreferrer\\\" aria-label=\\\"LinkedIn\\\"><i class=\\\"fa-brands fa-linkedin-in\\\"></i></a><a class=\\\"ens-teamSocial__link\\\" href=\\\"mailto:info@ensotek.com\\\" aria-label=\\\"E-posta\\\"><i class=\\\"fa-solid fa-envelope\\\"></i></a></div>\"}','Kıdemli Proje Mühendisi','Ensotek mühendislik ekibi – Mehmet KAYA','Mehmet KAYA | Kıdemli Proje Mühendisi – Ensotek','Mehmet KAYA; su soğutma kulesi projelerinde boyutlandırma, teknik çözüm ve devreye alma süreçlerine liderlik eder. Performans ve enerji verimliliği odaklı yaklaşım benimser.','ensotek,ekibimiz,mühendislik,proje mühendisliği,kıdemli mühendis,mehmet kaya','2026-01-02 03:32:22.516','2026-01-02 03:32:22.516'),
('88440002-0002-4002-8002-888888884402','44440002-4444-4444-8444-444444440002','en','Mehmet KAYA','mehmet-kaya-senior-project-engineer','{\"html\": \"<p>He works on site surveys, technical sizing, solution design and implementation coordination for cooling tower projects. He helps ensure performance and energy efficiency targets by selecting optimal solutions based on process requirements and site conditions.</p><h2>Areas of Expertise</h2><ul><li><strong>Project engineering:</strong> Survey, technical annex, planning</li><li><strong>Performance:</strong> Approach/Range, flow rate, fan/fill selection</li><li><strong>Execution:</strong> Installation coordination, commissioning, field tests</li></ul><hr/><h2>Contact &amp; Social</h2><div class=\\\"ens-teamSocial\\\"><a class=\\\"ens-teamSocial__link\\\" href=\\\"https://www.linkedin.com/company/ensotek/\\\" target=\\\"_blank\\\" rel=\\\"noopener noreferrer\\\" aria-label=\\\"LinkedIn\\\"><i class=\\\"fa-brands fa-linkedin-in\\\"></i></a><a class=\\\"ens-teamSocial__link\\\" href=\\\"mailto:info@ensotek.com\\\" aria-label=\\\"Email\\\"><i class=\\\"fa-solid fa-envelope\\\"></i></a></div>\"}','Senior Project Engineer','Ensotek engineering team – Mehmet KAYA','Mehmet KAYA | Senior Project Engineer – Ensotek','Mehmet KAYA supports cooling tower projects through sizing, technical solution design and commissioning coordination, focusing on performance and energy efficiency.','ensotek,our team,engineering,project engineering,senior engineer,mehmet kaya','2026-01-02 03:32:22.516','2026-01-02 03:32:22.516'),
('88440002-0003-4003-8003-888888884402','44440002-4444-4444-8444-444444440002','de','Mehmet KAYA','mehmet-kaya-senior-projektingenieur','{\"html\": \"<p>Er arbeitet an Begehungen, technischer Auslegung, Lösungsdesign und Umsetzungskoordination für Kühlturmprojekte. Er definiert optimale Lösungen basierend auf Prozessanforderungen und Standortbedingungen.</p><h2>Expertise</h2><ul><li><strong>Projektengineering:</strong> Analyse, technischer Anhang, Planung</li><li><strong>Performance:</strong> Approach/Range, Volumenstrom, Ventilator/Füllkörper</li><li><strong>Umsetzung:</strong> Montagekoordination, Inbetriebnahme, Feldtests</li></ul><hr/><h2>Kontakt &amp; Social</h2><div class=\\\"ens-teamSocial\\\"><a class=\\\"ens-teamSocial__link\\\" href=\\\"https://www.linkedin.com/company/ensotek/\\\" target=\\\"_blank\\\" rel=\\\"noopener noreferrer\\\" aria-label=\\\"LinkedIn\\\"><i class=\\\"fa-brands fa-linkedin-in\\\"></i></a><a class=\\\"ens-teamSocial__link\\\" href=\\\"mailto:info@ensotek.com\\\" aria-label=\\\"E-Mail\\\"><i class=\\\"fa-solid fa-envelope\\\"></i></a></div>\"}','Senior Projektingenieur','Ensotek Engineering-Team – Mehmet KAYA','Mehmet KAYA | Senior Projektingenieur – Ensotek','Mehmet KAYA unterstützt Kühlturmprojekte durch Auslegung, Lösungsdesign und Inbetriebnahmekoordination – mit Fokus auf Performance und Energieeffizienz.','ensotek,unser team,engineering,projektengineering,senior ingenieur,mehmet kaya','2026-01-02 03:32:22.516','2026-01-02 03:32:22.516'),
('88440003-0001-4001-8001-888888884403','44440003-4444-4444-8444-444444440003','tr','Ali DEMİR','ali-demir-saha-servis-sorumlusu','{\"html\": \"<p>Montaj, devreye alma ve periyodik bakım süreçlerinde saha ekibini koordine eder. Arıza tespiti, hızlı müdahale ve planlı bakım organizasyonu ile sistemlerin sürekliliğini destekler.</p><h2>Uzmanlık Alanları</h2><ul><li><strong>Devreye alma:</strong> Test, ayar ve performans doğrulama</li><li><strong>Servis operasyonu:</strong> Arıza analizi, yedek parça ve müdahale planı</li><li><strong>Bakım:</strong> Periyodik plan, raporlama ve iyileştirme</li></ul><hr/><h2>İletişim</h2><div class=\\\"ens-teamSocial\\\"><a class=\\\"ens-teamSocial__link\\\" href=\\\"mailto:service@ensotek.com\\\" aria-label=\\\"E-posta\\\"><i class=\\\"fa-solid fa-envelope\\\"></i></a><a class=\\\"ens-teamSocial__link\\\" href=\\\"tel:+905555555555\\\" aria-label=\\\"Telefon\\\"><i class=\\\"fa-solid fa-phone\\\"></i></a></div>\"}','Saha & Servis Sorumlusu','Ensotek saha ve servis ekibi – Ali DEMİR','Ali DEMİR | Saha & Servis – Ensotek','Ali DEMİR; devreye alma, bakım ve servis süreçlerinde saha ekiplerini koordine eder. Hızlı müdahale ve planlı bakım yaklaşımıyla sistem sürekliliğine odaklanır.','ensotek,ekibimiz,servis,saha,devreye alma,bakım,ali demir','2026-01-02 03:32:22.516','2026-01-02 03:32:22.516'),
('88440003-0002-4002-8002-888888884403','44440003-4444-4444-8444-444444440003','en','Ali DEMİR','ali-demir-field-service-supervisor','{\"html\": \"<p>He coordinates field teams for installation, commissioning and preventive maintenance. He supports continuity through troubleshooting, rapid response and planned maintenance execution.</p><h2>Areas of Expertise</h2><ul><li><strong>Commissioning:</strong> Testing, tuning and verification</li><li><strong>Service operations:</strong> Fault analysis, spare parts, intervention planning</li><li><strong>Maintenance:</strong> Preventive schedules, reporting and improvement</li></ul><hr/><h2>Contact</h2><div class=\\\"ens-teamSocial\\\"><a class=\\\"ens-teamSocial__link\\\" href=\\\"mailto:service@ensotek.com\\\" aria-label=\\\"Email\\\"><i class=\\\"fa-solid fa-envelope\\\"></i></a><a class=\\\"ens-teamSocial__link\\\" href=\\\"tel:+905555555555\\\" aria-label=\\\"Phone\\\"><i class=\\\"fa-solid fa-phone\\\"></i></a></div>\"}','Field & Service Supervisor','Ensotek field & service team – Ali DEMİR','Ali DEMİR | Field & Service – Ensotek','Ali DEMİR supervises commissioning, maintenance and service operations, focusing on rapid response and preventive maintenance to ensure continuity and reliability.','ensotek,our team,service,field,commissioning,maintenance,ali demir','2026-01-02 03:32:22.516','2026-01-02 03:32:22.516'),
('88440003-0003-4003-8003-888888884403','44440003-4444-4444-8444-444444440003','de','Ali DEMİR','ali-demir-field-service-supervisor','{\"html\": \"<p>Er koordiniert Teams für Installation, Inbetriebnahme und planmäßige Wartung. Er sichert Verfügbarkeit durch Störungsanalyse, schnelle Einsätze und strukturierte Wartungspläne.</p><h2>Expertise</h2><ul><li><strong>Inbetriebnahme:</strong> Tests, Einstellungen und Verifikation</li><li><strong>Service:</strong> Störungsanalyse, Ersatzteile, Einsatzplanung</li><li><strong>Wartung:</strong> Präventive Pläne, Reporting und Verbesserung</li></ul><hr/><h2>Kontakt</h2><div class=\\\"ens-teamSocial\\\"><a class=\\\"ens-teamSocial__link\\\" href=\\\"mailto:service@ensotek.com\\\" aria-label=\\\"E-Mail\\\"><i class=\\\"fa-solid fa-envelope\\\"></i></a><a class=\\\"ens-teamSocial__link\\\" href=\\\"tel:+905555555555\\\" aria-label=\\\"Telefon\\\"><i class=\\\"fa-solid fa-phone\\\"></i></a></div>\"}','Field & Service Supervisor','Ensotek Service-Team – Ali DEMİR','Ali DEMİR | Service & Feld – Ensotek','Ali DEMİR koordiniert Inbetriebnahme, Wartung und Serviceeinsätze mit Fokus auf schnelle Reaktion und präventive Wartung.','ensotek,unser team,service,feld,inbetriebnahme,wartung,ali demir','2026-01-02 03:32:22.516','2026-01-02 03:32:22.516'),
('88440004-0001-4001-8001-888888884404','44440004-4444-4444-8444-444444440004','tr','Hamdi YAĞAR','hamdi-yagar-yonetim-operasyon','{\"html\": \"<p>Ensotek’te operasyonel mükemmellik, üretim koordinasyonu ve süreç iyileştirme alanlarında görev alır. Tedarik, planlama ve kalite süreçlerinin uçtan uca takibini sağlayarak teslimat performansını güçlendirir.</p><h2>Odak Alanları</h2><ul><li><strong>Operasyon yönetimi:</strong> Üretim planlama, kapasite ve termin yönetimi</li><li><strong>Süreç iyileştirme:</strong> Verimlilik, standardizasyon ve yalın yaklaşım</li><li><strong>Kalite &amp; teslimat:</strong> Süreç kontrol, izlenebilirlik ve müşteri memnuniyeti</li></ul><hr/><h2>İletişim &amp; Sosyal</h2><div class=\\\"ens-teamSocial\\\"><a class=\\\"ens-teamSocial__link\\\" href=\\\"https://www.linkedin.com/company/ensotek/\\\" target=\\\"_blank\\\" rel=\\\"noopener noreferrer\\\" aria-label=\\\"LinkedIn\\\"><i class=\\\"fa-brands fa-linkedin-in\\\"></i></a><a class=\\\"ens-teamSocial__link\\\" href=\\\"mailto:info@ensotek.com\\\" aria-label=\\\"E-posta\\\"><i class=\\\"fa-solid fa-envelope\\\"></i></a><a class=\\\"ens-teamSocial__link\\\" href=\\\"tel:+905555555555\\\" aria-label=\\\"Telefon\\\"><i class=\\\"fa-solid fa-phone\\\"></i></a></div>\"}','Yönetim & Operasyon','Ensotek yönetim ekibi – Hamdi YAĞAR','Hamdi YAĞAR | Yönetim & Operasyon – Ensotek','Hamdi YAĞAR; Ensotek’te operasyon, üretim koordinasyonu ve süreç iyileştirmeden sorumludur. Üretim planlama ve kalite süreçlerinde uçtan uca yönetim yaklaşımıyla çalışır.','ensotek,ekibimiz,yönetim,operasyon,hamdi yagar,üretim,kalite','2026-01-02 03:32:22.516','2026-01-02 03:32:22.516'),
('88440004-0002-4002-8002-888888884404','44440004-4444-4444-8444-444444440004','en','Hamdi YAĞAR','hamdi-yagar-operations-management','{\"html\": \"<p>He focuses on operational excellence, production coordination, and continuous process improvement at Ensotek. He strengthens delivery performance by ensuring end-to-end control of planning, supply, and quality workflows.</p><h2>Key Focus Areas</h2><ul><li><strong>Operations:</strong> Production planning, capacity and lead-time management</li><li><strong>Process improvement:</strong> Efficiency, standardization, and lean practices</li><li><strong>Quality &amp; delivery:</strong> Process control, traceability, and customer satisfaction</li></ul><hr/><h2>Contact &amp; Social</h2><div class=\\\"ens-teamSocial\\\"><a class=\\\"ens-teamSocial__link\\\" href=\\\"https://www.linkedin.com/company/ensotek/\\\" target=\\\"_blank\\\" rel=\\\"noopener noreferrer\\\" aria-label=\\\"LinkedIn\\\"><i class=\\\"fa-brands fa-linkedin-in\\\"></i></a><a class=\\\"ens-teamSocial__link\\\" href=\\\"mailto:info@ensotek.com\\\" aria-label=\\\"Email\\\"><i class=\\\"fa-solid fa-envelope\\\"></i></a><a class=\\\"ens-teamSocial__link\\\" href=\\\"tel:+905555555555\\\" aria-label=\\\"Phone\\\"><i class=\\\"fa-solid fa-phone\\\"></i></a></div>\"}','Operations Management','Ensotek leadership team – Hamdi YAĞAR','Hamdi YAĞAR | Operations Management – Ensotek','Hamdi YAĞAR leads operations, production coordination, and process improvement at Ensotek. He drives planning discipline, traceability, and delivery performance across workflows.','ensotek,our team,management,operations,hamdi yagar,production,quality','2026-01-02 03:32:22.516','2026-01-02 03:32:22.516'),
('88440004-0003-4003-8003-888888884404','44440004-4444-4444-8444-444444440004','de','Hamdi YAĞAR','hamdi-yagar-operations-management','{\"html\": \"<p>Er verantwortet operative Exzellenz, Produktionskoordination und kontinuierliche Prozessverbesserung bei Ensotek. Durch die End-to-End-Steuerung von Planung, Supply und Qualität stärkt er Termin- und Lieferperformance.</p><h2>Schwerpunkte</h2><ul><li><strong>Operatives Management:</strong> Produktionsplanung, Kapazität und Durchlaufzeiten</li><li><strong>Prozessverbesserung:</strong> Effizienz, Standardisierung und Lean</li><li><strong>Qualität &amp; Lieferung:</strong> Prozesskontrolle, Rückverfolgbarkeit und Kundenzufriedenheit</li></ul><hr/><h2>Kontakt &amp; Social</h2><div class=\\\"ens-teamSocial\\\"><a class=\\\"ens-teamSocial__link\\\" href=\\\"https://www.linkedin.com/company/ensotek/\\\" target=\\\"_blank\\\" rel=\\\"noopener noreferrer\\\" aria-label=\\\"LinkedIn\\\"><i class=\\\"fa-brands fa-linkedin-in\\\"></i></a><a class=\\\"ens-teamSocial__link\\\" href=\\\"mailto:info@ensotek.com\\\" aria-label=\\\"E-Mail\\\"><i class=\\\"fa-solid fa-envelope\\\"></i></a><a class=\\\"ens-teamSocial__link\\\" href=\\\"tel:+905555555555\\\" aria-label=\\\"Telefon\\\"><i class=\\\"fa-solid fa-phone\\\"></i></a></div>\"}','Operations & Prozessmanagement','Ensotek Management – Hamdi YAĞAR','Hamdi YAĞAR | Operations & Prozessmanagement – Ensotek','Hamdi YAĞAR verantwortet Operations, Produktionskoordination und Prozessverbesserung bei Ensotek. Er stärkt Planung, Rückverfolgbarkeit und Lieferperformance entlang der Prozesse.','ensotek,unser team,management,operations,hamdi yagar,produktion,qualitaet','2026-01-02 03:32:22.516','2026-01-02 03:32:22.516'),
('88440005-0001-4001-8001-888888884405','44440005-4444-4444-8444-444444440005','tr','Ahmet Gökhan YAĞAR','ahmet-gokhan-yagar-is-gelistirme','{\"html\": \"<p>Ensotek’te iş geliştirme, teklif/proje koordinasyonu ve müşteri ilişkileri süreçlerinde görev alır. Proje gereksinimlerinin doğru anlaşılması, teknik-ticari uyum ve teslimat sonrası memnuniyetin sürdürülebilirliği üzerine çalışır.</p><h2>Odak Alanları</h2><ul><li><strong>İş geliştirme:</strong> Yeni pazarlar, müşteri kazanımı ve iş ortaklıkları</li><li><strong>Proje yönetimi:</strong> Keşif, teklif, planlama ve uygulama koordinasyonu</li><li><strong>Müşteri deneyimi:</strong> İletişim, beklenti yönetimi ve uzun vadeli ilişki</li></ul><hr/><h2>İletişim &amp; Sosyal</h2><div class=\\\"ens-teamSocial\\\"><a class=\\\"ens-teamSocial__link\\\" href=\\\"https://www.linkedin.com/company/ensotek/\\\" target=\\\"_blank\\\" rel=\\\"noopener noreferrer\\\" aria-label=\\\"LinkedIn\\\"><i class=\\\"fa-brands fa-linkedin-in\\\"></i></a><a class=\\\"ens-teamSocial__link\\\" href=\\\"mailto:info@ensotek.com\\\" aria-label=\\\"E-posta\\\"><i class=\\\"fa-solid fa-envelope\\\"></i></a><a class=\\\"ens-teamSocial__link\\\" href=\\\"tel:+905555555555\\\" aria-label=\\\"Telefon\\\"><i class=\\\"fa-solid fa-phone\\\"></i></a></div>\"}','İş Geliştirme & Proje Yönetimi','Ensotek yönetim ekibi – Ahmet Gökhan YAĞAR','Ahmet Gökhan YAĞAR | İş Geliştirme – Ensotek','Ahmet Gökhan YAĞAR; Ensotek’te iş geliştirme ve proje koordinasyonundan sorumludur. Keşif, teklif ve uygulama süreçlerinde teknik-ticari uyumu ve müşteri deneyimini yönetir.','ensotek,ekibimiz,yönetim,is gelistirme,proje yönetimi,ahmet gokhan yagar','2026-01-02 03:32:22.516','2026-01-02 03:32:22.516'),
('88440005-0002-4002-8002-888888884405','44440005-4444-4444-8444-444444440005','en','Ahmet Gökhan YAĞAR','ahmet-gokhan-yagar-business-development','{\"html\": \"<p>He works on business development, proposal/project coordination, and customer relationship processes at Ensotek. He focuses on clear requirement definition, technical-commercial alignment, and sustainable customer satisfaction.</p><h2>Key Focus Areas</h2><ul><li><strong>Business development:</strong> New markets, customer acquisition, and partnerships</li><li><strong>Project coordination:</strong> Survey, proposal, planning and delivery coordination</li><li><strong>Customer experience:</strong> Communication, expectation management, and long-term relationships</li></ul><hr/><h2>Contact &amp; Social</h2><div class=\\\"ens-teamSocial\\\"><a class=\\\"ens-teamSocial__link\\\" href=\\\"https://www.linkedin.com/company/ensotek/\\\" target=\\\"_blank\\\" rel=\\\"noopener noreferrer\\\" aria-label=\\\"LinkedIn\\\"><i class=\\\"fa-brands fa-linkedin-in\\\"></i></a><a class=\\\"ens-teamSocial__link\\\" href=\\\"mailto:info@ensotek.com\\\" aria-label=\\\"Email\\\"><i class=\\\"fa-solid fa-envelope\\\"></i></a><a class=\\\"ens-teamSocial__link\\\" href=\\\"tel:+905555555555\\\" aria-label=\\\"Phone\\\"><i class=\\\"fa-solid fa-phone\\\"></i></a></div>\"}','Business Development & Project Coordination','Ensotek leadership team – Ahmet Gökhan YAĞAR','Ahmet Gökhan YAĞAR | Business Development – Ensotek','Ahmet Gökhan YAĞAR leads business development and project coordination at Ensotek. He manages requirement definition, technical-commercial alignment, and customer experience across project phases.','ensotek,our team,management,business development,project coordination,ahmet gokhan yagar','2026-01-02 03:32:22.516','2026-01-02 03:32:22.516'),
('88440005-0003-4003-8003-888888884405','44440005-4444-4444-8444-444444440005','de','Ahmet Gökhan YAĞAR','ahmet-gokhan-yagar-business-development','{\"html\": \"<p>Er verantwortet Business Development, Angebots-/Projektkoordination und Kundenbeziehungen bei Ensotek. Im Fokus stehen klare Anforderungen, technisch-kaufmännische Abstimmung und nachhaltige Kundenzufriedenheit.</p><h2>Schwerpunkte</h2><ul><li><strong>Business Development:</strong> Neue Märkte, Kundengewinnung und Partnerschaften</li><li><strong>Projektkoordination:</strong> Analyse, Angebot, Planung und Umsetzung</li><li><strong>Kundenerlebnis:</strong> Kommunikation, Erwartungsmanagement und langfristige Beziehungen</li></ul><hr/><h2>Kontakt &amp; Social</h2><div class=\\\"ens-teamSocial\\\"><a class=\\\"ens-teamSocial__link\\\" href=\\\"https://www.linkedin.com/company/ensotek/\\\" target=\\\"_blank\\\" rel=\\\"noopener noreferrer\\\" aria-label=\\\"LinkedIn\\\"><i class=\\\"fa-brands fa-linkedin-in\\\"></i></a><a class=\\\"ens-teamSocial__link\\\" href=\\\"mailto:info@ensotek.com\\\" aria-label=\\\"E-Mail\\\"><i class=\\\"fa-solid fa-envelope\\\"></i></a><a class=\\\"ens-teamSocial__link\\\" href=\\\"tel:+905555555555\\\" aria-label=\\\"Telefon\\\"><i class=\\\"fa-solid fa-phone\\\"></i></a></div>\"}','Business Development & Projektkoordination','Ensotek Management – Ahmet Gökhan YAĞAR','Ahmet Gökhan YAĞAR | Business Development – Ensotek','Ahmet Gökhan YAĞAR verantwortet Business Development und Projektkoordination bei Ensotek. Er steuert Anforderungen, technisch-kaufmännische Abstimmung und Kundenerlebnis in allen Projektphasen.','ensotek,unser team,management,business development,projektkoordination,ahmet gokhan yagar','2026-01-02 03:32:22.516','2026-01-02 03:32:22.516'),
('88440006-0001-4001-8001-888888884406','44440006-4444-4444-8444-444444440006','tr','Can Zemheri','can-zemheri-dis-ticaret','{\"html\": \"<p>Ensotek’in uluslararası satış ve dış ticaret süreçlerinde görev alır. İhracat operasyonu, teklif süreçleri, lojistik koordinasyon ve müşteri iletişimini uçtan uca takip eder.</p><h2>Odak Alanları</h2><ul><li><strong>İhracat operasyonu:</strong> Evrak, gümrük ve sevkiyat koordinasyonu</li><li><strong>Teklif &amp; müşteri yönetimi:</strong> Dokümantasyon ve termin takibi</li><li><strong>Pazar gelişimi:</strong> Yeni ülke/kanal çalışmaları ve iş ortaklıkları</li></ul><hr/><h2>İletişim &amp; Sosyal</h2><div class=\\\"ens-teamSocial\\\"><a class=\\\"ens-teamSocial__link\\\" href=\\\"https://www.linkedin.com/company/ensotek/\\\" target=\\\"_blank\\\" rel=\\\"noopener noreferrer\\\" aria-label=\\\"LinkedIn\\\"><i class=\\\"fa-brands fa-linkedin-in\\\"></i></a><a class=\\\"ens-teamSocial__link\\\" href=\\\"mailto:export@ensotek.com\\\" aria-label=\\\"E-posta\\\"><i class=\\\"fa-solid fa-envelope\\\"></i></a><a class=\\\"ens-teamSocial__link\\\" href=\\\"tel:+905555555555\\\" aria-label=\\\"Telefon\\\"><i class=\\\"fa-solid fa-phone\\\"></i></a></div>\"}','Dış Ticaret Uzmanı','Ensotek dış ticaret – Can Zemheri','Can Zemheri | Dış Ticaret – Ensotek','Can Zemheri; Ensotek’in ihracat ve dış ticaret süreçlerini yönetir. Lojistik koordinasyon, teklif takibi ve uluslararası müşteri iletişiminde uçtan uca sorumluluk alır.','ensotek,ekibimiz,dis ticaret,ihracat,lojistik,can zemheri','2026-01-02 03:32:22.516','2026-01-02 03:32:22.516'),
('88440006-0002-4002-8002-888888884406','44440006-4444-4444-8444-444444440006','en','Can Zemheri','can-zemheri-foreign-trade','{\"html\": \"<p>He supports Ensotek’s international sales and foreign trade operations. He ensures end-to-end execution across export documentation, logistics coordination, proposals and customer communication.</p><h2>Key Focus Areas</h2><ul><li><strong>Export operations:</strong> Documentation, customs and shipment coordination</li><li><strong>Proposals &amp; customer management:</strong> Documentation and lead-time tracking</li><li><strong>Market development:</strong> New countries/channels and partnerships</li></ul><hr/><h2>Contact &amp; Social</h2><div class=\\\"ens-teamSocial\\\"><a class=\\\"ens-teamSocial__link\\\" href=\\\"https://www.linkedin.com/company/ensotek/\\\" target=\\\"_blank\\\" rel=\\\"noopener noreferrer\\\" aria-label=\\\"LinkedIn\\\"><i class=\\\"fa-brands fa-linkedin-in\\\"></i></a><a class=\\\"ens-teamSocial__link\\\" href=\\\"mailto:export@ensotek.com\\\" aria-label=\\\"Email\\\"><i class=\\\"fa-solid fa-envelope\\\"></i></a><a class=\\\"ens-teamSocial__link\\\" href=\\\"tel:+905555555555\\\" aria-label=\\\"Phone\\\"><i class=\\\"fa-solid fa-phone\\\"></i></a></div>\"}','Foreign Trade Specialist','Ensotek foreign trade – Can Zemheri','Can Zemheri | Foreign Trade – Ensotek','Can Zemheri manages export workflows and foreign trade operations at Ensotek, coordinating logistics, proposal tracking and international customer communication end-to-end.','ensotek,our team,foreign trade,export,logistics,can zemheri','2026-01-02 03:32:22.516','2026-01-02 03:32:22.516'),
('88440006-0003-4003-8003-888888884406','44440006-4444-4444-8444-444444440006','de','Can Zemheri','can-zemheri-aussenhandel','{\"html\": \"<p>Er unterstützt den internationalen Vertrieb sowie Außenhandelsprozesse bei Ensotek. Er verantwortet die End-to-End-Abwicklung von Exportdokumenten, Logistikkoordination, Angeboten und Kundenkommunikation.</p><h2>Schwerpunkte</h2><ul><li><strong>Exportabwicklung:</strong> Dokumente, Zoll und Versandkoordination</li><li><strong>Angebote &amp; Kundenmanagement:</strong> Dokumentation und Terminverfolgung</li><li><strong>Marktentwicklung:</strong> Neue Länder/Kanäle und Partnerschaften</li></ul><hr/><h2>Kontakt &amp; Social</h2><div class=\\\"ens-teamSocial\\\"><a class=\\\"ens-teamSocial__link\\\" href=\\\"https://www.linkedin.com/company/ensotek/\\\" target=\\\"_blank\\\" rel=\\\"noopener noreferrer\\\" aria-label=\\\"LinkedIn\\\"><i class=\\\"fa-brands fa-linkedin-in\\\"></i></a><a class=\\\"ens-teamSocial__link\\\" href=\\\"mailto:export@ensotek.com\\\" aria-label=\\\"E-Mail\\\"><i class=\\\"fa-solid fa-envelope\\\"></i></a><a class=\\\"ens-teamSocial__link\\\" href=\\\"tel:+905555555555\\\" aria-label=\\\"Telefon\\\"><i class=\\\"fa-solid fa-phone\\\"></i></a></div>\"}','Außenhandel','Ensotek Außenhandel – Can Zemheri','Can Zemheri | Außenhandel – Ensotek','Can Zemheri verantwortet Export- und Außenhandelsprozesse bei Ensotek: Logistikkoordination, Angebots-Tracking und internationale Kundenkommunikation – Ende-zu-Ende.','ensotek,unser team,aussenhandel,export,logistik,can zemheri','2026-01-02 03:32:22.516','2026-01-02 03:32:22.516'),
('a653bd24-e78b-11f0-9483-e768515de04d','11111111-2222-3333-4444-555555555573','tr','Ensotek Su Soğutma Kuleleri','ensotek-su-sogutma-kuleleri','{\"html\": \"<p>Ensotek, 40 yıllık deneyimiyle İstanbul Merkez Ofis ve Ankara Fabrikası\'nda uzman kadrosu ile su soğutma kuleleri alanında hizmet vermektedir. Firmamız, Türkiye\'nin en büyük su soğutma kulesi üretim tesisine sahiptir.</p><p>Cam elyaf takviyeli polyester (FRP) malzemeden, korozyona dayanıklı, boyasız, uzun ömürlü, bakımı kolay ve düşük yatırım/işletme maliyetli açık ve kapalı devre su soğutma kuleleri üretmekteyiz.</p><p>Hem yurt içinde hem de yurt dışında binlerce projede başarılı çözümler ürettik. En iyi reklamın ürünün kendisi olduğu prensibiyle, müşterilerimizin tekrar tekrar bizi tercih etmesini ve her seferinde memnun kalmasını hedefliyoruz.</p><p>Ar-Ge faaliyetlerimiz ve müşteri geri bildirimleriyle ürünlerimizi sürekli geliştiriyor, Türkiye içinde ve dışında örnek bir firma konumunda yer alıyoruz. Ensotek, CTI (Cooling Technology Institute) ve SOSIAD üyesidir; üretim sistemimiz ISO-9001:2015 ile belgelenmiştir ve ürünlerimiz CE belgelidir.</p>\"}','Ensotek’in 40 yıllık deneyimi, FRP su soğutma kuleleri üretimi ve ulusal/uluslararası projelerdeki lider konumu özetlenir.','Ensotek su soğutma kuleleri üretim tesisi','Ensotek Su Soğutma Kuleleri | 40 Yıllık Deneyim','Ensotek, 40 yıllık deneyimi ve Türkiye’nin en büyük su soğutma kulesi üretim tesisiyle FRP açık ve kapalı devre soğutma kuleleri sunan sektör lideridir.','ensotek,hakkimizda,frp,su sogutma kuleleri,uretim tesisi,acik devre,kapali devre','2026-01-02 03:32:22.108','2026-01-02 03:32:22.108'),
('a653c5c3-e78b-11f0-9483-e768515de04d','11111111-2222-3333-4444-555555555573','en','Ensotek Water Cooling Towers','ensotek-water-cooling-towers','{\"html\": \"<p>Ensotek serves its customers from its Istanbul Headquarters and Ankara Factory with an expert team and over 40 years of experience in water cooling towers. Our company owns the largest water cooling tower production facility in Turkey.</p><p>Ensotek manufactures open and closed circuit water cooling towers made from Fiberglass Reinforced Polyester (FRP), which are corrosion resistant, long-lasting, easy to maintain and offer low investment and operating costs.</p><p>We have delivered successful solutions in thousands of projects both in Turkey and abroad. With the principle that the best advertisement is the product itself, we aim for our customers to work with us repeatedly and be satisfied every time.</p><p>Through continuous R&amp;D activities and customer feedback, we keep improving our products and have become an exemplary company in Turkey and worldwide. Ensotek is a member of CTI (Cooling Technology Institute) and SOSIAD; our production system is certified with ISO-9001:2015 and our products are CE marked.</p>\"}','Summarizes Ensotek’s 40+ years of experience, FRP water cooling tower manufacturing, and leadership in domestic/international projects.','Ensotek water cooling tower production facility','Ensotek Water Cooling Towers | 40+ Years of Experience','Ensotek is the sector leader with Turkey’s largest water cooling tower production facility, delivering FRP open and closed circuit cooling towers for projects worldwide.','ensotek,about us,frp,water cooling towers,production facility,open circuit,closed circuit','2026-01-02 03:32:22.108','2026-01-02 03:32:22.108'),
('a6542cbf-e78b-11f0-9483-e768515de04d','11111111-2222-3333-4444-555555555573','de','Ensotek Wasserkühltürme','ensotek-wasserkuehltuerme','{\"html\": \"<p>Ensotek betreut seine Kunden mit über 40 Jahren Erfahrung und einem erfahrenen Expertenteam vom Hauptsitz in Istanbul sowie dem Werk in Ankara im Bereich Wasserkühltürme. Unser Unternehmen verfügt über die größte Produktionsanlage für Wasserkühltürme in der Türkei.</p><p>Wir fertigen offene und geschlossene Wasserkühltürme aus glasfaserverstärktem Polyester (GFK/FRP) – korrosionsbeständig, unlackiert, langlebig, wartungsfreundlich und mit niedrigen Investitions- und Betriebskosten.</p><p>Wir haben in der Türkei und im Ausland in tausenden Projekten erfolgreiche Lösungen umgesetzt. Nach dem Prinzip, dass das beste Marketing das Produkt selbst ist, möchten wir, dass unsere Kunden uns immer wieder wählen und jedes Mal zufrieden sind.</p><p>Durch kontinuierliche F&amp;E-Aktivitäten und Kundenfeedback verbessern wir unsere Produkte fortlaufend und zählen zu den beispielgebenden Unternehmen in der Türkei und international. Ensotek ist Mitglied des CTI (Cooling Technology Institute) und der SOSIAD; unser Produktionssystem ist nach ISO-9001:2015 zertifiziert und unsere Produkte sind CE-gekennzeichnet.</p>\"}','Zusammenfassung von Ensoteks über 40 Jahren Erfahrung, der FRP/GFK-Produktion und der führenden Rolle in nationalen und internationalen Projekten.','Produktionsanlage für Ensotek Wasserkühltürme','Ensotek Wasserkühltürme | Über 40 Jahre Erfahrung','Ensotek ist Branchenführer mit der größten Produktionsanlage für Wasserkühltürme in der Türkei und liefert FRP/GFK-Kühlturm-Lösungen für Projekte weltweit.','ensotek,über uns,gfk,frp,wasserkühltürme,produktionsanlage,offener kreislauf,geschlossener kreislauf','2026-01-02 03:32:22.108','2026-01-02 03:32:22.108'),
('a657df2c-e78b-11f0-9483-e768515de04d','11111111-2222-3333-4444-555555555571','tr','Misyonumuz','misyonumuz','{\"html\": \"<p>Sektördeki yenilikleri ve gelişmeleri yakından takip ederek, müşterilerimizin beklentilerine ve ihtiyaçlarına en uygun, verimli ve ekonomik çözümleri sunmayı amaçlıyoruz.</p><p>Hem Türkiye\'de hem de dünyada, su soğutma kuleleri denince akla gelen lider firmalardan biri olmayı hedefliyoruz.</p>\"}','Ensotek\'in sektörde yenilikçi, verimli ve ekonomik su soğutma kuleleri çözümleri sunma hedefini tanımlar.','Misyonumuz - Ensotek Su Soğutma Kuleleri','Misyonumuz | Ensotek Su Soğutma Kuleleri','Sektördeki yenilikleri takip ederek su soğutma kulelerinde en iyi çözümleri sunmayı hedefleyen Ensotek\'in misyonu.','ensotek,misyon,su sogutma kuleleri,frp','2026-01-02 03:32:22.126','2026-01-02 03:32:22.126'),
('a657e3ae-e78b-11f0-9483-e768515de04d','11111111-2222-3333-4444-555555555571','en','Our Mission','our-mission','{\"html\": \"<p>Our mission is to closely follow innovations and developments in the sector, providing our customers with efficient and economical solutions that best suit their needs and expectations.</p><p>We aim to be one of the leading companies in Turkey and worldwide when it comes to water cooling towers.</p>\"}','Describes Ensotek\'s mission to provide efficient and economical water cooling tower solutions worldwide.','Our Mission - Ensotek Water Cooling Towers','Our Mission | Ensotek Water Cooling Towers','Ensotek\'s mission is to follow innovations and provide efficient, economical water cooling tower solutions tailored to customer needs.','ensotek,mission,water cooling towers,frp','2026-01-02 03:32:22.126','2026-01-02 03:32:22.126'),
('a657e5a3-e78b-11f0-9483-e768515de04d','11111111-2222-3333-4444-555555555571','de','Unsere Mission','unsere-mission','{\"html\":\"<p>Unsere Mission ist es, Innovationen und Entwicklungen in der Branche kontinuierlich zu verfolgen und unseren Kunden effiziente sowie wirtschaftliche Lösungen anzubieten, die bestmöglich zu ihren Erwartungen und Anforderungen passen.</p><p>Wir möchten in der Türkei und international zu den führenden Unternehmen gehören, wenn es um Wasserkühltürme geht.</p>\"}','Beschreibt Ensoteks Mission, effiziente und wirtschaftliche Wasserkühlturm-Lösungen anzubieten und zu den führenden Anbietern zu zählen.','Unsere Mission – Ensotek Wasserkühltürme','Unsere Mission | Ensotek Wasserkühltürme','Ensoteks Mission: Innovationen verfolgen und kundenorientierte, effiziente sowie wirtschaftliche Wasserkühlturm-Lösungen bereitstellen.','ensotek, mission, wasserkühltürme, frp','2026-01-02 03:32:22.126','2026-01-02 03:41:33.552'),
('a65a0d8e-e78b-11f0-9483-e768515de04d','11111111-2222-3333-4444-555555555572','tr','Vizyonumuz','vizyonumuz','{\"html\": \"<p>Vizyonumuz; müşteri memnuniyetini merkeze alarak, kaliteli, verimli ve sürdürülebilir çözümler sunmak; ulusal ve uluslararası pazarda tercih edilen, güvenilir ve öncü bir marka olmaktır.</p>\"}','Ensotek vizyonu: sürdürülebilir kalite ve güvenilir marka yaklaşımı.',NULL,'Vizyonumuz | Ensotek','Müşteri memnuniyetini merkeze alan, sürdürülebilir kalite anlayışıyla hareket eden Ensotek vizyonu.','ensotek,vizyon,surdurulebilir,kalite','2026-01-02 03:32:22.150','2026-01-02 03:32:22.150'),
('a65a1113-e78b-11f0-9483-e768515de04d','11111111-2222-3333-4444-555555555572','en','Our Vision','our-vision','{\"html\": \"<p>Our vision is to prioritize customer satisfaction by delivering high-quality, efficient and sustainable solutions; and to become a trusted and leading brand in national and international markets.</p>\"}','Ensotek vision: sustainable quality and trusted brand approach.',NULL,'Our Vision | Ensotek','Ensotek’s vision: customer-first approach with sustainable quality and leadership.','ensotek,vision,sustainable,quality','2026-01-02 03:32:22.150','2026-01-02 03:32:22.150'),
('a65a15b0-e78b-11f0-9483-e768515de04d','11111111-2222-3333-4444-555555555572','de','Unsere Vision','unsere-vision','{\"html\": \"<p>Unsere Vision ist es, die Kundenzufriedenheit in den Mittelpunkt zu stellen, hochwertige, effiziente und nachhaltige Lösungen zu liefern und eine bevorzugte, verlässliche und führende Marke auf nationalen und internationalen Märkten zu werden.</p>\"}','Ensotek Vision: nachhaltige Qualität und verlässlicher Markenansatz.',NULL,'Unsere Vision | Ensotek','Ensoteks Vision: kundenorientiert, nachhaltig und führend – mit Fokus auf Qualität.','ensotek,vision,nachhaltig,qualität','2026-01-02 03:32:22.150','2026-01-02 03:32:22.150'),
('a65ef064-e78b-11f0-9483-e768515de04d','55550002-5555-4555-8555-555555550002','tr','Gizlilik Politikası','gizlilik-politikasi','{\"html\": \"<section class=\\\"container mx-auto px-4 py-10\\\"><h1 class=\\\"text-3xl md:text-4xl font-semibold text-slate-900 mb-4\\\">Gizlilik Politikası</h1><p class=\\\"text-slate-700 mb-8\\\">Ensotek olarak, web sitemizi ziyaret eden kullanıcılarımızın gizliliğini korumayı ve kişisel verileri yürürlükteki mevzuata uygun şekilde işlemeyi taahhüt ederiz. Bu metin; hangi verileri topladığımızı, ne amaçla işlediğimizi, nasıl sakladığımızı ve haklarınızı açıklar.</p><div class=\\\"grid md:grid-cols-2 gap-6 mb-10\\\"><div class=\\\"bg-white border border-slate-200 rounded-2xl p-6\\\"><h2 class=\\\"text-xl font-semibold text-slate-900 mb-3\\\">1. Kapsam</h2><p class=\\\"text-slate-700\\\">Bu politika; web sitesi ziyaretleri, iletişim formları, teklif/ürün talepleri, e-posta iletişimi ve teknik loglar dahil olmak üzere dijital kanallardan elde edilen verileri kapsar.</p></div><div class=\\\"bg-white border border-slate-200 rounded-2xl p-6\\\"><h2 class=\\\"text-xl font-semibold text-slate-900 mb-3\\\">2. Toplanan Veriler</h2><ul class=\\\"list-disc pl-6 text-slate-700 space-y-2\\\"><li>İletişim: ad-soyad, e-posta, telefon, firma/ünvan (varsa)</li><li>Talep içeriği: mesaj, teknik ihtiyaçlar, ürün ilgisi</li><li>Teknik: IP, tarayıcı/cihaz, sayfa görüntüleme, erişim zamanı, log kayıtları</li><li>Çerezler: tercih ve kullanım verileri (detaylar Çerez Politikası’nda)</li></ul></div></div><div class=\\\"bg-white border border-slate-200 rounded-2xl p-6 mb-6\\\"><h2 class=\\\"text-xl font-semibold text-slate-900 mb-3\\\">3. İşleme Amaçları</h2><ul class=\\\"list-disc pl-6 text-slate-700 space-y-2\\\"><li>Taleplerinize yanıt vermek, teklif süreçlerini yürütmek ve iletişimi sürdürmek</li><li>Web sitesi güvenliği, hata analizi, performans ve kullanıcı deneyimini iyileştirmek</li><li>Yasal yükümlülüklerin yerine getirilmesi ve uyuşmazlıkların yönetilmesi</li><li>İş sürekliliği ve bilgi güvenliği süreçlerinin yürütülmesi</li></ul></div><div class=\\\"bg-white border border-slate-200 rounded-2xl p-6 mb-6\\\"><h2 class=\\\"text-xl font-semibold text-slate-900 mb-3\\\">4. Saklama Süreleri</h2><p class=\\\"text-slate-700 mb-3\\\">Veriler; ilgili amacın gerektirdiği süre boyunca ve/veya mevzuatta öngörülen sürelerle sınırlı olacak şekilde saklanır.</p><ul class=\\\"list-disc pl-6 text-slate-700 space-y-2\\\"><li>İletişim/talep kayıtları: süreç gereksinimi + yasal süreler</li><li>Güvenlik ve sistem logları: güvenlik/denetim ihtiyacı ile sınırlı</li><li>Çerez verileri: çerez türüne göre değişir</li></ul></div><div class=\\\"bg-white border border-slate-200 rounded-2xl p-6 mb-6\\\"><h2 class=\\\"text-xl font-semibold text-slate-900 mb-3\\\">5. Üçüncü Taraflar ve Aktarımlar</h2><p class=\\\"text-slate-700 mb-3\\\">Hizmet altyapısı (barındırma, e-posta gönderimi, güvenlik, analiz vb.) kapsamında sınırlı ölçüde hizmet sağlayıcılarla paylaşım olabilir. Bu paylaşımlar, sözleşmesel yükümlülükler ve teknik/idari tedbirlerle yönetilir.</p><p class=\\\"text-slate-700\\\">Üçüncü tarafların veri işleme faaliyetleri, kendi politikalarına tabi olabilir. Bu nedenle ilgili sağlayıcıların koşullarını incelemenizi öneririz.</p></div><div class=\\\"bg-gradient-to-br from-slate-50 to-blue-50 border border-slate-200 rounded-2xl p-6 mb-6\\\"><h2 class=\\\"text-xl font-semibold text-slate-900 mb-3\\\">6. Güvenlik Önlemleri</h2><ul class=\\\"list-disc pl-6 text-slate-700 space-y-2\\\"><li>Erişim kontrolü ve yetkilendirme</li><li>İletişim güvenliği ve izleme</li><li>Yedekleme ve iş sürekliliği tedbirleri</li><li>Loglama ve olay yönetimi süreçleri</li></ul></div><div class=\\\"bg-slate-900 text-white rounded-2xl p-6\\\"><h2 class=\\\"text-xl font-semibold mb-3\\\">7. Haklarınız ve İletişim</h2><p class=\\\"text-white/90 mb-3\\\">Kişisel verilerinizle ilgili talepleriniz için bizimle iletişime geçebilirsiniz. Başvurular, ilgili mevzuat kapsamındaki haklar çerçevesinde değerlendirilir.</p><p class=\\\"text-white/80\\\">Ayrıca KVKK/aydınlatma metinlerimiz ve çerez tercihleri sayfası üzerinden detaylı bilgilere ulaşabilirsiniz.</p></div></section>\"}','Ensotek Gizlilik Politikası: web sitesinde toplanan veriler, kullanım amaçları, saklama, güvenlik ve kullanıcı hakları hakkında bilgilendirme.','Ensotek Gizlilik Politikası sayfası','Gizlilik Politikası | Ensotek','Ensotek Gizlilik Politikası; toplanan veriler, işleme amaçları, saklama ve güvenlik önlemleri ile kullanıcı hakları hakkında bilgilendirir.','ensotek,kurumsal,gizlilik politikası,veri güvenliği,kvkk,çerezler','2026-01-02 03:32:22.181','2026-01-02 03:32:22.181'),
('a65ef7ae-e78b-11f0-9483-e768515de04d','55550002-5555-4555-8555-555555550002','en','Privacy Policy','privacy-policy','{\"html\": \"<section class=\\\"container mx-auto px-4 py-10\\\"><h1 class=\\\"text-3xl md:text-4xl font-semibold text-slate-900 mb-4\\\">Privacy Policy</h1><p class=\\\"text-slate-700 mb-8\\\">At Ensotek, we are committed to protecting the privacy of visitors and processing personal data in compliance with applicable laws. This notice explains what we collect, why we process it, how we store it, and your rights.</p><div class=\\\"grid md:grid-cols-2 gap-6 mb-10\\\"><div class=\\\"bg-white border border-slate-200 rounded-2xl p-6\\\"><h2 class=\\\"text-xl font-semibold text-slate-900 mb-3\\\">1. Scope</h2><p class=\\\"text-slate-700\\\">This policy covers data collected via website visits, contact forms, quote/product requests, email communications, and technical logs.</p></div><div class=\\\"bg-white border border-slate-200 rounded-2xl p-6\\\"><h2 class=\\\"text-xl font-semibold text-slate-900 mb-3\\\">2. Information We Collect</h2><ul class=\\\"list-disc pl-6 text-slate-700 space-y-2\\\"><li>Contact details: name, email, phone, company/title (if provided)</li><li>Request content: message, technical needs, product interest</li><li>Technical data: IP, browser/device, page views, access times, logs</li><li>Cookies: usage and preference data (see Cookie Policy)</li></ul></div></div><div class=\\\"bg-white border border-slate-200 rounded-2xl p-6 mb-6\\\"><h2 class=\\\"text-xl font-semibold text-slate-900 mb-3\\\">3. Purposes of Processing</h2><ul class=\\\"list-disc pl-6 text-slate-700 space-y-2\\\"><li>To respond to inquiries, manage quotation processes, and maintain communication</li><li>To improve website security, error analysis, performance and user experience</li><li>To comply with legal obligations and manage disputes</li><li>To operate business continuity and information security processes</li></ul></div><div class=\\\"bg-white border border-slate-200 rounded-2xl p-6 mb-6\\\"><h2 class=\\\"text-xl font-semibold text-slate-900 mb-3\\\">4. Retention</h2><p class=\\\"text-slate-700 mb-3\\\">We retain data only as long as necessary for the stated purposes and/or as required by law.</p><ul class=\\\"list-disc pl-6 text-slate-700 space-y-2\\\"><li>Contact/request records: as needed for the process and legal requirements</li><li>Security/system logs: limited to security/audit needs</li><li>Cookie data: varies by cookie type</li></ul></div><div class=\\\"bg-white border border-slate-200 rounded-2xl p-6 mb-6\\\"><h2 class=\\\"text-xl font-semibold text-slate-900 mb-3\\\">5. Service Providers and Sharing</h2><p class=\\\"text-slate-700 mb-3\\\">We may share limited data with service providers (hosting, email delivery, security, analytics, etc.) under contractual and security safeguards.</p><p class=\\\"text-slate-700\\\">Third-party processing may be subject to their own policies. We recommend reviewing relevant provider terms.</p></div><div class=\\\"bg-gradient-to-br from-slate-50 to-blue-50 border border-slate-200 rounded-2xl p-6 mb-6\\\"><h2 class=\\\"text-xl font-semibold text-slate-900 mb-3\\\">6. Security Measures</h2><ul class=\\\"list-disc pl-6 text-slate-700 space-y-2\\\"><li>Access controls and authorisation</li><li>Secure communications and monitoring</li><li>Backups and business continuity</li><li>Logging and incident management processes</li></ul></div><div class=\\\"bg-slate-900 text-white rounded-2xl p-6\\\"><h2 class=\\\"text-xl font-semibold mb-3\\\">7. Your Rights and Contact</h2><p class=\\\"text-white/90 mb-3\\\">You may contact us regarding your personal data. Requests are handled within the scope of applicable laws and our information notices.</p><p class=\\\"text-white/80\\\">For cookies, please use the cookie preferences and Cookie Policy page.</p></div></section>\"}','Ensotek Privacy Policy: data collected on the website, purposes of processing, retention, security and user rights.','Ensotek Privacy Policy page','Privacy Policy | Ensotek','Ensotek Privacy Policy explains what data we collect, why we process it, how we protect it, and what rights users have.','ensotek,corporate,privacy policy,data protection,cookies,security','2026-01-02 03:32:22.181','2026-01-02 03:32:22.181'),
('a65f4225-e78b-11f0-9483-e768515de04d','55550002-5555-4555-8555-555555550002','de','Datenschutzerklärung','datenschutzerklaerung','{\"html\": \"<section class=\\\"container mx-auto px-4 py-10\\\"><h1 class=\\\"text-3xl md:text-4xl font-semibold text-slate-900 mb-4\\\">Datenschutzerklärung</h1><p class=\\\"text-slate-700 mb-8\\\">Ensotek verpflichtet sich, die Privatsphäre der Besucher zu schützen und personenbezogene Daten im Einklang mit den anwendbaren gesetzlichen Vorgaben zu verarbeiten. Diese Erklärung beschreibt Datenkategorien, Zwecke, Speicherfristen, Sicherheitsmaßnahmen und Ihre Rechte.</p><div class=\\\"grid md:grid-cols-2 gap-6 mb-10\\\"><div class=\\\"bg-white border border-slate-200 rounded-2xl p-6\\\"><h2 class=\\\"text-xl font-semibold text-slate-900 mb-3\\\">1. Geltungsbereich</h2><p class=\\\"text-slate-700\\\">Diese Richtlinie umfasst Daten aus Websitebesuchen, Kontaktformularen, Angebots-/Produktanfragen, E-Mail-Kommunikation und technischen Logs.</p></div><div class=\\\"bg-white border border-slate-200 rounded-2xl p-6\\\"><h2 class=\\\"text-xl font-semibold text-slate-900 mb-3\\\">2. Erhobene Daten</h2><ul class=\\\"list-disc pl-6 text-slate-700 space-y-2\\\"><li>Kontakt: Name, E-Mail, Telefon, Unternehmen/Funktion (falls angegeben)</li><li>Anfrageinhalte: Nachricht, technische Anforderungen, Produktinteresse</li><li>Technische Daten: IP, Browser/Gerät, Seitenaufrufe, Zugriffszeiten, Logs</li><li>Cookies: Nutzungs- und Präferenzdaten (siehe Cookie-Richtlinie)</li></ul></div></div><div class=\\\"bg-white border border-slate-200 rounded-2xl p-6 mb-6\\\"><h2 class=\\\"text-xl font-semibold text-slate-900 mb-3\\\">3. Zwecke</h2><ul class=\\\"list-disc pl-6 text-slate-700 space-y-2\\\"><li>Bearbeitung von Anfragen, Durchführung von Angebotsprozessen und Kommunikation</li><li>Verbesserung von Sicherheit, Fehleranalyse, Performance und Nutzererlebnis</li><li>Erfüllung gesetzlicher Pflichten und Streitbeilegung</li><li>Informationssicherheit und Business-Continuity</li></ul></div><div class=\\\"bg-white border border-slate-200 rounded-2xl p-6 mb-6\\\"><h2 class=\\\"text-xl font-semibold text-slate-900 mb-3\\\">4. Speicherdauer</h2><p class=\\\"text-slate-700 mb-3\\\">Daten werden nur so lange gespeichert, wie es für die genannten Zwecke erforderlich ist und/oder gesetzliche Pflichten bestehen.</p><ul class=\\\"list-disc pl-6 text-slate-700 space-y-2\\\"><li>Kontakt-/Anfragedaten: prozessbezogen + gesetzliche Fristen</li><li>Sicherheits-/Systemlogs: begrenzt nach Sicherheits-/Auditbedarf</li><li>Cookie-Daten: abhängig vom Cookie-Typ</li></ul></div><div class=\\\"bg-white border border-slate-200 rounded-2xl p-6 mb-6\\\"><h2 class=\\\"text-xl font-semibold text-slate-900 mb-3\\\">5. Dienstleister und Weitergabe</h2><p class=\\\"text-slate-700 mb-3\\\">Eine begrenzte Weitergabe an Dienstleister (Hosting, E-Mail, Sicherheit, Analyse etc.) kann erfolgen und wird durch Verträge sowie Sicherheitsmaßnahmen abgesichert.</p><p class=\\\"text-slate-700\\\">Drittanbieter können eigenen Richtlinien unterliegen. Bitte prüfen Sie die jeweiligen Bedingungen.</p></div><div class=\\\"bg-gradient-to-br from-slate-50 to-blue-50 border border-slate-200 rounded-2xl p-6 mb-6\\\"><h2 class=\\\"text-xl font-semibold text-slate-900 mb-3\\\">6. Sicherheitsmaßnahmen</h2><ul class=\\\"list-disc pl-6 text-slate-700 space-y-2\\\"><li>Zugriffskontrolle und Berechtigungen</li><li>Sichere Kommunikation und Monitoring</li><li>Backups und Notfallmaßnahmen</li><li>Protokollierung und Incident-Management</li></ul></div><div class=\\\"bg-slate-900 text-white rounded-2xl p-6\\\"><h2 class=\\\"text-xl font-semibold mb-3\\\">7. Rechte und Kontakt</h2><p class=\\\"text-white/90 mb-3\\\">Sie können uns bezüglich Ihrer personenbezogenen Daten kontaktieren. Anträge werden im Rahmen der anwendbaren Gesetze und Informationspflichten bearbeitet.</p><p class=\\\"text-white/80\\\">Cookie-Einstellungen verwalten Sie über die Cookie-Hinweise und die Cookie-Richtlinie.</p></div></section>\"}','Ensotek Datenschutzerklärung: Datenkategorien, Zwecke, Aufbewahrung, Sicherheitsmaßnahmen und Rechte der Nutzer.','Ensotek Datenschutzerklärung','Datenschutzerklärung | Ensotek','Die Ensotek Datenschutzerklärung erläutert, welche Daten wir erheben, wofür wir sie verwenden, wie wir sie schützen und welche Rechte Nutzer haben.','ensotek,unternehmen,datenschutz,cookies,sicherheit,personenbezogene daten','2026-01-02 03:32:22.181','2026-01-02 03:32:22.181'),
('a66666f5-e78b-11f0-9483-e768515de04d','55550004-5555-4555-8555-555555550004','tr','Kullanım Koşulları','kullanim-kosullari','{\"html\": \"<section class=\\\"container mx-auto px-4 py-10\\\"><h1 class=\\\"text-3xl md:text-4xl font-semibold text-slate-900 mb-4\\\">Kullanım Koşulları</h1><p class=\\\"text-slate-700 mb-8\\\">Bu web sitesini ziyaret eden veya kullanan herkes aşağıdaki koşulları kabul etmiş sayılır. Koşullar; içerik kullanımını, sorumluluk sınırlarını, üçüncü taraf bağlantılarını ve değişiklik hükümlerini kapsar.</p><div class=\\\"bg-white border border-slate-200 rounded-2xl p-6 mb-6\\\"><h2 class=\\\"text-xl font-semibold text-slate-900 mb-3\\\">1. Amaç ve Kapsam</h2><p class=\\\"text-slate-700\\\">Bu koşullar, Ensotek web sitesinin kullanımına ilişkin kuralları ve tarafların hak/yükümlülülüklerini düzenler. Sitedeki içerikler bilgilendirme amaçlıdır.</p></div><div class=\\\"grid md:grid-cols-2 gap-6 mb-6\\\"><div class=\\\"bg-white border border-slate-200 rounded-2xl p-6\\\"><h2 class=\\\"text-xl font-semibold text-slate-900 mb-3\\\">2. İçerik ve Fikri Mülkiyet</h2><p class=\\\"text-slate-700 mb-3\\\">Sitedeki metin, görsel, logo ve diğer tüm materyaller Ensotek’e veya hak sahiplerine aittir.</p><ul class=\\\"list-disc pl-6 text-slate-700 space-y-2\\\"><li>İzinsiz kopyalama/çoğaltma/yayma yapılamaz</li><li>Marka ve logo kullanımı yazılı izne tabidir</li><li>Teknik dokümanlar yalnızca bilgilendirme amaçlı paylaşılır</li></ul></div><div class=\\\"bg-white border border-slate-200 rounded-2xl p-6\\\"><h2 class=\\\"text-xl font-semibold text-slate-900 mb-3\\\">3. Kullanıcı Yükümlülükleri</h2><ul class=\\\"list-disc pl-6 text-slate-700 space-y-2\\\"><li>Siteyi hukuka ve ahlaka aykırı amaçlarla kullanmamak</li><li>Sisteme zarar verebilecek girişimlerde bulunmamak</li><li>Yanıltıcı/gerçeğe aykırı bilgi paylaşmamak</li></ul></div></div><div class=\\\"bg-white border border-slate-200 rounded-2xl p-6 mb-6\\\"><h2 class=\\\"text-xl font-semibold text-slate-900 mb-3\\\">4. Sorumluluk Reddi</h2><p class=\\\"text-slate-700 mb-3\\\">Sitede yer alan bilgiler genel bilgilendirme amaçlıdır. Ensotek, içeriğin doğruluğu ve güncelliği için makul çaba gösterir; ancak içeriklerin hatasız olduğu veya her zaman güncel kalacağı yönünde garanti vermez.</p><p class=\\\"text-slate-700\\\">Sitedeki bilgilere dayanarak alınacak kararlardan doğabilecek zararlar kullanıcı sorumluluğundadır.</p></div><div class=\\\"bg-white border border-slate-200 rounded-2xl p-6 mb-6\\\"><h2 class=\\\"text-xl font-semibold text-slate-900 mb-3\\\">5. Üçüncü Taraf Bağlantılar</h2><p class=\\\"text-slate-700\\\">Üçüncü taraf sitelere verilen bağlantılar bilgi amaçlıdır. Ensotek bu sitelerin içeriğinden ve uygulamalarından sorumlu değildir.</p></div><div class=\\\"bg-slate-900 text-white rounded-2xl p-6\\\"><h2 class=\\\"text-xl font-semibold mb-3\\\">6. Değişiklikler</h2><p class=\\\"text-white/90\\\">Ensotek, kullanım koşullarını güncelleme hakkını saklı tutar. Güncellemeler web sitesinde yayımlandığı tarihten itibaren geçerlidir.</p></div></section>\"}','Ensotek Kullanım Koşulları: web sitesinin kullanımı, fikri mülkiyet, sorumluluk sınırları ve değişiklik hükümleri.','Ensotek Kullanım Koşulları sayfası','Kullanım Koşulları | Ensotek','Ensotek web sitesi kullanım koşulları: içerik hakları, kullanıcı yükümlülükleri, sorumluluk reddi ve üçüncü taraf bağlantılar.','ensotek,legal,kullanim kosullari,terms,fikri mulkiyet,sorumluluk','2026-01-02 03:32:22.231','2026-01-02 03:32:22.231'),
('a6666c54-e78b-11f0-9483-e768515de04d','55550004-5555-4555-8555-555555550004','en','Terms of Use','terms-of-use','{\"html\": \"<section class=\\\"container mx-auto px-4 py-10\\\"><h1 class=\\\"text-3xl md:text-4xl font-semibold text-slate-900 mb-4\\\">Terms of Use</h1><p class=\\\"text-slate-700 mb-8\\\">By accessing or using this website you agree to the terms below. These terms cover content usage, limitation of liability, external links and updates.</p><div class=\\\"bg-white border border-slate-200 rounded-2xl p-6 mb-6\\\"><h2 class=\\\"text-xl font-semibold text-slate-900 mb-3\\\">1. Purpose and Scope</h2><p class=\\\"text-slate-700\\\">These terms govern the use of the Ensotek website. Website content is provided for informational purposes only.</p></div><div class=\\\"grid md:grid-cols-2 gap-6 mb-6\\\"><div class=\\\"bg-white border border-slate-200 rounded-2xl p-6\\\"><h2 class=\\\"text-xl font-semibold text-slate-900 mb-3\\\">2. Intellectual Property</h2><p class=\\\"text-slate-700 mb-3\\\">Texts, images, logos and all materials are owned by Ensotek or respective rights holders.</p><ul class=\\\"list-disc pl-6 text-slate-700 space-y-2\\\"><li>No reproduction or distribution without permission</li><li>Trademark/logo use requires written consent</li><li>Technical documents are provided for reference</li></ul></div><div class=\\\"bg-white border border-slate-200 rounded-2xl p-6\\\"><h2 class=\\\"text-xl font-semibold text-slate-900 mb-3\\\">3. User Obligations</h2><ul class=\\\"list-disc pl-6 text-slate-700 space-y-2\\\"><li>Do not use the site for unlawful purposes</li><li>Do not attempt to harm systems or services</li><li>Do not submit misleading information</li></ul></div></div><div class=\\\"bg-white border border-slate-200 rounded-2xl p-6 mb-6\\\"><h2 class=\\\"text-xl font-semibold text-slate-900 mb-3\\\">4. Disclaimer</h2><p class=\\\"text-slate-700 mb-3\\\">Content is provided “as is” for general information. Ensotek makes reasonable efforts to keep information accurate and up to date, but provides no warranty.</p><p class=\\\"text-slate-700\\\">Any reliance on site content is at the user’s own risk.</p></div><div class=\\\"bg-white border border-slate-200 rounded-2xl p-6 mb-6\\\"><h2 class=\\\"text-xl font-semibold text-slate-900 mb-3\\\">5. External Links</h2><p class=\\\"text-slate-700\\\">Links to third-party websites are provided for convenience. Ensotek is not responsible for third-party content or practices.</p></div><div class=\\\"bg-slate-900 text-white rounded-2xl p-6\\\"><h2 class=\\\"text-xl font-semibold mb-3\\\">6. Changes</h2><p class=\\\"text-white/90\\\">Ensotek may update these terms. Changes take effect upon publication on this website.</p></div></section>\"}','Ensotek Terms of Use: website usage, intellectual property, user obligations, disclaimer and updates.','Ensotek Terms of Use page','Terms of Use | Ensotek','Ensotek Terms of Use covers IP, user obligations, disclaimers, external links and changes.','ensotek,legal,terms of use,disclaimer,intellectual property','2026-01-02 03:32:22.231','2026-01-02 03:32:22.231'),
('a6666ff9-e78b-11f0-9483-e768515de04d','55550004-5555-4555-8555-555555550004','de','Nutzungsbedingungen','nutzungsbedingungen','{\"html\": \"<section class=\\\"container mx-auto px-4 py-10\\\"><h1 class=\\\"text-3xl md:text-4xl font-semibold text-slate-900 mb-4\\\">Nutzungsbedingungen</h1><p class=\\\"text-slate-700 mb-8\\\">Durch den Zugriff auf diese Website akzeptieren Sie die folgenden Bedingungen. Sie regeln u. a. Inhaltsnutzung, Haftungsbeschränkung, externe Links und Änderungen.</p><div class=\\\"bg-white border border-slate-200 rounded-2xl p-6 mb-6\\\"><h2 class=\\\"text-xl font-semibold text-slate-900 mb-3\\\">1. Zweck und Geltungsbereich</h2><p class=\\\"text-slate-700\\\">Diese Bedingungen regeln die Nutzung der Ensotek-Website. Inhalte dienen der allgemeinen Information.</p></div><div class=\\\"grid md:grid-cols-2 gap-6 mb-6\\\"><div class=\\\"bg-white border border-slate-200 rounded-2xl p-6\\\"><h2 class=\\\"text-xl font-semibold text-slate-900 mb-3\\\">2. Urheberrechte</h2><p class=\\\"text-slate-700 mb-3\\\">Texte, Bilder, Logos und Materialien sind Eigentum von Ensotek bzw. Rechteinhabern.</p><ul class=\\\"list-disc pl-6 text-slate-700 space-y-2\\\"><li>Keine Vervielfältigung ohne Erlaubnis</li><li>Marken-/Logonutzung nur mit Zustimmung</li><li>Technische Dokumente dienen als Referenz</li></ul></div><div class=\\\"bg-white border border-slate-200 rounded-2xl p-6\\\"><h2 class=\\\"text-xl font-semibold text-slate-900 mb-3\\\">3. Pflichten der Nutzer</h2><ul class=\\\"list-disc pl-6 text-slate-700 space-y-2\\\"><li>Keine rechtswidrige Nutzung</li><li>Keine schädigenden Systemeingriffe</li><li>Keine irreführenden Angaben</li></ul></div></div><div class=\\\"bg-white border border-slate-200 rounded-2xl p-6 mb-6\\\"><h2 class=\\\"text-xl font-semibold text-slate-900 mb-3\\\">4. Haftungsausschluss</h2><p class=\\\"text-slate-700 mb-3\\\">Inhalte werden „wie gesehen“ bereitgestellt. Ensotek bemüht sich um Aktualität, übernimmt jedoch keine Gewähr.</p><p class=\\\"text-slate-700\\\">Die Nutzung der Informationen erfolgt auf eigenes Risiko.</p></div><div class=\\\"bg-white border border-slate-200 rounded-2xl p-6 mb-6\\\"><h2 class=\\\"text-xl font-semibold text-slate-900 mb-3\\\">5. Externe Links</h2><p class=\\\"text-slate-700\\\">Für Inhalte verlinkter Drittseiten übernimmt Ensotek keine Verantwortung.</p></div><div class=\\\"bg-slate-900 text-white rounded-2xl p-6\\\"><h2 class=\\\"text-xl font-semibold mb-3\\\">6. Änderungen</h2><p class=\\\"text-white/90\\\">Ensotek kann diese Bedingungen aktualisieren. Änderungen gelten ab Veröffentlichung.</p></div></section>\"}','Ensotek Nutzungsbedingungen: Website-Nutzung, Urheberrechte, Pflichten, Haftungsausschluss und Änderungen.','Ensotek Nutzungsbedingungen','Nutzungsbedingungen | Ensotek','Die Nutzungsbedingungen regeln Inhaltsnutzung, Haftungsausschluss, externe Links und Aktualisierungen.','ensotek,legal,nutzungsbedingungen,haftung,urheberrecht','2026-01-02 03:32:22.231','2026-01-02 03:32:22.231'),
('a669b8d9-e78b-11f0-9483-e768515de04d','55550005-5555-4555-8555-555555550005','tr','Çerez Politikası','cerez-politikasi','{\"html\": \"<section class=\\\"container mx-auto px-4 py-10\\\"><h1 class=\\\"text-3xl md:text-4xl font-semibold text-slate-900 mb-4\\\">Çerez Politikası</h1><p class=\\\"text-slate-700 mb-8\\\">Web sitemizde kullanıcı deneyimini geliştirmek, güvenliği sağlamak ve performansı izlemek için çerezler kullanılabilir. Bu sayfa; çerez türlerini, kullanım amaçlarını ve tercih yönetimini açıklar.</p><div class=\\\"bg-white border border-slate-200 rounded-2xl p-6 mb-6\\\"><h2 class=\\\"text-xl font-semibold text-slate-900 mb-3\\\">1. Çerez Nedir?</h2><p class=\\\"text-slate-700\\\">Çerezler, ziyaret ettiğiniz web sitesi tarafından tarayıcınıza kaydedilen küçük metin dosyalarıdır. Oturum yönetimi, tercih saklama ve ölçümleme gibi amaçlarla kullanılabilir.</p></div><div class=\\\"grid md:grid-cols-2 gap-6 mb-6\\\"><div class=\\\"bg-white border border-slate-200 rounded-2xl p-6\\\"><h2 class=\\\"text-xl font-semibold text-slate-900 mb-3\\\">2. Çerez Türleri</h2><ul class=\\\"list-disc pl-6 text-slate-700 space-y-2\\\"><li><strong>Zorunlu:</strong> Sitenin temel işlevleri için gerekli</li><li><strong>Fonksiyonel:</strong> Dil/tercih gibi ayarları hatırlayabilir</li><li><strong>Analitik:</strong> Trafik ve kullanım ölçümü</li><li><strong>Güvenlik:</strong> Kötüye kullanım tespiti ve koruma</li></ul></div><div class=\\\"bg-white border border-slate-200 rounded-2xl p-6\\\"><h2 class=\\\"text-xl font-semibold text-slate-900 mb-3\\\">3. Kullanım Amaçları</h2><ul class=\\\"list-disc pl-6 text-slate-700 space-y-2\\\"><li>Sayfa performansı ve hata analizi</li><li>Güvenlik ve oturum bütünlüğü</li><li>Kullanıcı tercihlerini hatırlama</li><li>İçerik ve deneyim iyileştirme</li></ul></div></div><div class=\\\"bg-white border border-slate-200 rounded-2xl p-6 mb-6\\\"><h2 class=\\\"text-xl font-semibold text-slate-900 mb-3\\\">4. Çerez Tercihleri</h2><p class=\\\"text-slate-700 mb-3\\\">Çerez tercihlerinizi tarayıcı ayarlarından yönetebilir, dilediğiniz zaman silebilir veya engelleyebilirsiniz. Bazı çerezleri devre dışı bırakmak sitenin bazı işlevlerini etkileyebilir.</p><ul class=\\\"list-disc pl-6 text-slate-700 space-y-2\\\"><li>Tarayıcı ayarlarından çerezleri görüntüleme/silme</li><li>Üçüncü taraf çerezleri engelleme</li><li>Site verilerini temizleme</li></ul></div><div class=\\\"bg-slate-900 text-white rounded-2xl p-6\\\"><h2 class=\\\"text-xl font-semibold mb-3\\\">5. Güncellemeler</h2><p class=\\\"text-white/90\\\">Çerez politikası zaman zaman güncellenebilir. Güncel sürüm bu sayfada yayımlanır.</p></div></section>\"}','Ensotek Çerez Politikası: çerez türleri, kullanım amaçları ve tercih yönetimi.','Ensotek Çerez Politikası sayfası','Çerez Politikası | Ensotek','Ensotek çerez politikası; zorunlu, fonksiyonel ve analitik çerezler ile çerez tercih yönetimi hakkında bilgi verir.','ensotek,legal,cerez politikasi,cookies,analitik,tercih yonetimi','2026-01-02 03:32:22.252','2026-01-02 03:32:22.252'),
('a66b9433-e78b-11f0-9483-e768515de04d','55550005-5555-4555-8555-555555550005','en','Cookie Policy','cookie-policy','{\"html\": \"<section class=\\\"container mx-auto px-4 py-10\\\"><h1 class=\\\"text-3xl md:text-4xl font-semibold text-slate-900 mb-4\\\">Cookie Policy</h1><p class=\\\"text-slate-700 mb-8\\\">We may use cookies to improve user experience, maintain security, and measure website performance. This page explains cookie types and how to manage preferences.</p><div class=\\\"bg-white border border-slate-200 rounded-2xl p-6 mb-6\\\"><h2 class=\\\"text-xl font-semibold text-slate-900 mb-3\\\">1. What Are Cookies?</h2><p class=\\\"text-slate-700\\\">Cookies are small text files stored in your browser. They can be used for session management, preferences and analytics.</p></div><div class=\\\"grid md:grid-cols-2 gap-6 mb-6\\\"><div class=\\\"bg-white border border-slate-200 rounded-2xl p-6\\\"><h2 class=\\\"text-xl font-semibold text-slate-900 mb-3\\\">2. Types of Cookies</h2><ul class=\\\"list-disc pl-6 text-slate-700 space-y-2\\\"><li><strong>Necessary:</strong> Required for core functionality</li><li><strong>Functional:</strong> May remember preferences (e.g., language)</li><li><strong>Analytics:</strong> Measures traffic and usage</li><li><strong>Security:</strong> Helps protect the site against abuse</li></ul></div><div class=\\\"bg-white border border-slate-200 rounded-2xl p-6\\\"><h2 class=\\\"text-xl font-semibold text-slate-900 mb-3\\\">3. Purposes</h2><ul class=\\\"list-disc pl-6 text-slate-700 space-y-2\\\"><li>Performance and error diagnostics</li><li>Security and session integrity</li><li>Preference management</li><li>Experience improvements</li></ul></div></div><div class=\\\"bg-white border border-slate-200 rounded-2xl p-6 mb-6\\\"><h2 class=\\\"text-xl font-semibold text-slate-900 mb-3\\\">4. Managing Cookies</h2><p class=\\\"text-slate-700\\\">You can manage, delete or block cookies via browser settings. Disabling certain cookies may affect site functionality.</p></div><div class=\\\"bg-slate-900 text-white rounded-2xl p-6\\\"><h2 class=\\\"text-xl font-semibold mb-3\\\">5. Updates</h2><p class=\\\"text-white/90\\\">This policy may be updated. The current version is published on this page.</p></div></section>\"}','Ensotek Cookie Policy: cookie types, purposes, and preference management.','Ensotek Cookie Policy page','Cookie Policy | Ensotek','Ensotek Cookie Policy explains cookie categories and how to manage preferences in your browser.','ensotek,legal,cookie policy,cookies,analytics,preferences','2026-01-02 03:32:22.252','2026-01-02 03:32:22.252'),
('a66b98f0-e78b-11f0-9483-e768515de04d','55550005-5555-4555-8555-555555550005','de','Cookie-Richtlinie','cookie-richtlinie','{\"html\": \"<section class=\\\"container mx-auto px-4 py-10\\\"><h1 class=\\\"text-3xl md:text-4xl font-semibold text-slate-900 mb-4\\\">Cookie-Richtlinie</h1><p class=\\\"text-slate-700 mb-8\\\">Wir verwenden gegebenenfalls Cookies, um die Nutzererfahrung zu verbessern, Sicherheit zu gewährleisten und die Website-Performance zu messen.</p><div class=\\\"bg-white border border-slate-200 rounded-2xl p-6 mb-6\\\"><h2 class=\\\"text-xl font-semibold text-slate-900 mb-3\\\">1. Was sind Cookies?</h2><p class=\\\"text-slate-700\\\">Cookies sind kleine Textdateien, die im Browser gespeichert werden und z. B. Sitzungen, Präferenzen und Analysen unterstützen.</p></div><div class=\\\"grid md:grid-cols-2 gap-6 mb-6\\\"><div class=\\\"bg-white border border-slate-200 rounded-2xl p-6\\\"><h2 class=\\\"text-xl font-semibold text-slate-900 mb-3\\\">2. Cookie-Kategorien</h2><ul class=\\\"list-disc pl-6 text-slate-700 space-y-2\\\"><li><strong>Notwendig:</strong> Für Kernfunktionen erforderlich</li><li><strong>Funktional:</strong> Speichert Präferenzen (z. B. Sprache)</li><li><strong>Analyse:</strong> Misst Nutzung und Traffic</li><li><strong>Sicherheit:</strong> Schutz vor Missbrauch</li></ul></div><div class=\\\"bg-white border border-slate-200 rounded-2xl p-6\\\"><h2 class=\\\"text-xl font-semibold text-slate-900 mb-3\\\">3. Zwecke</h2><ul class=\\\"list-disc pl-6 text-slate-700 space-y-2\\\"><li>Performance- und Fehleranalyse</li><li>Sicherheit und Sitzungsintegrität</li><li>Präferenzverwaltung</li><li>Verbesserung des Nutzererlebnisses</li></ul></div></div><div class=\\\"bg-white border border-slate-200 rounded-2xl p-6 mb-6\\\"><h2 class=\\\"text-xl font-semibold text-slate-900 mb-3\\\">4. Cookie-Verwaltung</h2><p class=\\\"text-slate-700\\\">Cookies können über Browsereinstellungen verwaltet, gelöscht oder blockiert werden. Das Deaktivieren kann Funktionen einschränken.</p></div><div class=\\\"bg-slate-900 text-white rounded-2xl p-6\\\"><h2 class=\\\"text-xl font-semibold mb-3\\\">5. Aktualisierungen</h2><p class=\\\"text-white/90\\\">Diese Richtlinie kann aktualisiert werden. Die aktuelle Version wird hier veröffentlicht.</p></div></section>\"}','Ensotek Cookie-Richtlinie: Kategorien, Zwecke und Verwaltung der Cookie-Einstellungen.','Ensotek Cookie-Richtlinie','Cookie-Richtlinie | Ensotek','Die Cookie-Richtlinie von Ensotek erläutert Cookie-Kategorien und die Verwaltung über Browsereinstellungen.','ensotek,legal,cookie richtlinie,cookies,analyse,einstellungen','2026-01-02 03:32:22.252','2026-01-02 03:32:22.252'),
('a66dd60a-e78b-11f0-9483-e768515de04d','55550006-5555-4555-8555-555555550006','tr','Aydınlatma Metni','aydinlatma-metni','{\"html\": \"<section class=\\\"container mx-auto px-4 py-10\\\"><h1 class=\\\"text-3xl md:text-4xl font-semibold text-slate-900 mb-4\\\">Aydınlatma Metni</h1><p class=\\\"text-slate-700 mb-8\\\">Bu metin, kişisel verilerin işlenmesine ilişkin bilgilendirme amacıyla hazırlanmıştır. İşlenen veriler, amaçlar, hukuki sebepler, aktarım tarafları ve haklarınız aşağıda özetlenmiştir.</p><div class=\\\"bg-white border border-slate-200 rounded-2xl p-6 mb-6\\\"><h2 class=\\\"text-xl font-semibold text-slate-900 mb-3\\\">1. Veri Sorumlusu</h2><p class=\\\"text-slate-700\\\">Veri sorumlusu Ensotek’tir.</p></div><div class=\\\"grid md:grid-cols-2 gap-6 mb-6\\\"><div class=\\\"bg-white border border-slate-200 rounded-2xl p-6\\\"><h2 class=\\\"text-xl font-semibold text-slate-900 mb-3\\\">2. İşlenen Veriler</h2><ul class=\\\"list-disc pl-6 text-slate-700 space-y-2\\\"><li>İletişim bilgileri (ad, e-posta, telefon)</li><li>Talep/mesaj içerikleri</li><li>Teknik veriler ve log kayıtları</li></ul></div><div class=\\\"bg-white border border-slate-200 rounded-2xl p-6\\\"><h2 class=\\\"text-xl font-semibold text-slate-900 mb-3\\\">3. İşleme Amaçları</h2><ul class=\\\"list-disc pl-6 text-slate-700 space-y-2\\\"><li>İletişim taleplerinin alınması ve yanıtlanması</li><li>Teklif ve satış süreçlerinin yürütülmesi</li><li>Bilgi güvenliği ve sistem güvenliği</li><li>Yasal yükümlülüklerin yerine getirilmesi</li></ul></div></div><div class=\\\"bg-white border border-slate-200 rounded-2xl p-6 mb-6\\\"><h2 class=\\\"text-xl font-semibold text-slate-900 mb-3\\\">4. Hukuki Sebepler</h2><p class=\\\"text-slate-700\\\">Veriler; sözleşmenin kurulması/ifası, meşru menfaat, hukuki yükümlülük ve gerektiğinde açık rıza gibi sebeplerle işlenebilir.</p></div><div class=\\\"bg-white border border-slate-200 rounded-2xl p-6 mb-6\\\"><h2 class=\\\"text-xl font-semibold text-slate-900 mb-3\\\">5. Aktarım</h2><p class=\\\"text-slate-700 mb-3\\\">Hizmetin sağlanması kapsamında sınırlı olarak hizmet sağlayıcılara (barındırma, e-posta, güvenlik, analiz vb.) aktarım yapılabilir. Bu aktarım sözleşmesel ve güvenlik tedbirleriyle yürütülür.</p><p class=\\\"text-slate-700\\\">Yasal zorunluluk halinde yetkili kurum/kuruluşlara aktarım söz konusu olabilir.</p></div><div class=\\\"bg-slate-900 text-white rounded-2xl p-6\\\"><h2 class=\\\"text-xl font-semibold mb-3\\\">6. Haklarınız</h2><p class=\\\"text-white/90\\\">KVKK kapsamında; bilgi talep etme, düzeltme, silme, itiraz gibi haklara sahipsiniz. Talepleriniz mevzuat çerçevesinde değerlendirilir.</p></div></section>\"}','Ensotek Aydınlatma Metni: veri sorumlusu, işleme amaçları, hukuki sebepler, aktarım ve haklar.','Ensotek Aydınlatma Metni sayfası','Aydınlatma Metni | Ensotek','Ensotek aydınlatma metni; kişisel verilerin işlenmesi, hukuki sebepler, aktarım ve ilgili kişi hakları hakkında bilgilendirir.','ensotek,legal,aydinlatma metni,kvkk,kisisel veri,veri isleme','2026-01-02 03:32:22.280','2026-01-02 03:32:22.280'),
('a66ddb6f-e78b-11f0-9483-e768515de04d','55550006-5555-4555-8555-555555550006','en','Information Notice','information-notice','{\"html\": \"<section class=\\\"container mx-auto px-4 py-10\\\"><h1 class=\\\"text-3xl md:text-4xl font-semibold text-slate-900 mb-4\\\">Information Notice</h1><p class=\\\"text-slate-700 mb-8\\\">This notice provides information about processing of personal data, including data categories, purposes, legal grounds, transfers and your rights.</p><div class=\\\"bg-white border border-slate-200 rounded-2xl p-6 mb-6\\\"><h2 class=\\\"text-xl font-semibold text-slate-900 mb-3\\\">1. Data Controller</h2><p class=\\\"text-slate-700\\\">Ensotek is the data controller.</p></div><div class=\\\"grid md:grid-cols-2 gap-6 mb-6\\\"><div class=\\\"bg-white border border-slate-200 rounded-2xl p-6\\\"><h2 class=\\\"text-xl font-semibold text-slate-900 mb-3\\\">2. Data We Process</h2><ul class=\\\"list-disc pl-6 text-slate-700 space-y-2\\\"><li>Contact data (name, email, phone)</li><li>Request/message content</li><li>Technical data and logs</li></ul></div><div class=\\\"bg-white border border-slate-200 rounded-2xl p-6\\\"><h2 class=\\\"text-xl font-semibold text-slate-900 mb-3\\\">3. Purposes</h2><ul class=\\\"list-disc pl-6 text-slate-700 space-y-2\\\"><li>Receiving and responding to requests</li><li>Managing quotation and sales processes</li><li>Information security and system protection</li><li>Complying with legal obligations</li></ul></div></div><div class=\\\"bg-white border border-slate-200 rounded-2xl p-6 mb-6\\\"><h2 class=\\\"text-xl font-semibold text-slate-900 mb-3\\\">4. Legal Grounds</h2><p class=\\\"text-slate-700\\\">Processing may rely on contract necessity, legitimate interests, legal obligations and consent where required.</p></div><div class=\\\"bg-white border border-slate-200 rounded-2xl p-6 mb-6\\\"><h2 class=\\\"text-xl font-semibold text-slate-900 mb-3\\\">5. Transfers</h2><p class=\\\"text-slate-700\\\">Limited sharing with service providers (hosting, email delivery, security, analytics, etc.) may occur under contractual and security safeguards. Legal disclosures to authorities may occur where required.</p></div><div class=\\\"bg-slate-900 text-white rounded-2xl p-6\\\"><h2 class=\\\"text-xl font-semibold mb-3\\\">6. Your Rights</h2><p class=\\\"text-white/90\\\">You may contact us to exercise your rights under applicable laws. Requests are assessed and handled accordingly.</p></div></section>\"}','Ensotek Information Notice: controller, purposes, legal grounds, transfers and rights.','Ensotek Information Notice page','Information Notice | Ensotek','Ensotek information notice about personal data processing, transfers and data subject rights.','ensotek,legal,information notice,privacy,personal data,rights','2026-01-02 03:32:22.280','2026-01-02 03:32:22.280'),
('a66dded6-e78b-11f0-9483-e768515de04d','55550006-5555-4555-8555-555555550006','de','Informationspflicht','informationspflicht','{\"html\": \"<section class=\\\"container mx-auto px-4 py-10\\\"><h1 class=\\\"text-3xl md:text-4xl font-semibold text-slate-900 mb-4\\\">Informationspflicht</h1><p class=\\\"text-slate-700 mb-8\\\">Diese Informationen erläutern die Verarbeitung personenbezogener Daten, einschließlich Kategorien, Zwecke, Rechtsgrundlagen, Weitergaben und Ihrer Rechte.</p><div class=\\\"bg-white border border-slate-200 rounded-2xl p-6 mb-6\\\"><h2 class=\\\"text-xl font-semibold text-slate-900 mb-3\\\">1. Verantwortlicher</h2><p class=\\\"text-slate-700\\\">Verantwortlicher ist Ensotek.</p></div><div class=\\\"grid md:grid-cols-2 gap-6 mb-6\\\"><div class=\\\"bg-white border border-slate-200 rounded-2xl p-6\\\"><h2 class=\\\"text-xl font-semibold text-slate-900 mb-3\\\">2. Verarbeitete Daten</h2><ul class=\\\"list-disc pl-6 text-slate-700 space-y-2\\\"><li>Kontaktdaten (Name, E-Mail, Telefon)</li><li>Inhalte von Anfragen/Nachrichten</li><li>Technische Daten und Logs</li></ul></div><div class=\\\"bg-white border border-slate-200 rounded-2xl p-6\\\"><h2 class=\\\"text-xl font-semibold text-slate-900 mb-3\\\">3. Zwecke</h2><ul class=\\\"list-disc pl-6 text-slate-700 space-y-2\\\"><li>Entgegennahme und Beantwortung von Anfragen</li><li>Angebots- und Vertriebsprozesse</li><li>Informationssicherheit und Systemschutz</li><li>Erfüllung gesetzlicher Pflichten</li></ul></div></div><div class=\\\"bg-white border border-slate-200 rounded-2xl p-6 mb-6\\\"><h2 class=\\\"text-xl font-semibold text-slate-900 mb-3\\\">4. Rechtsgrundlagen</h2><p class=\\\"text-slate-700\\\">Verarbeitung kann auf Vertragserforderlichkeit, berechtigte Interessen, gesetzliche Pflichten und ggf. Einwilligung gestützt werden.</p></div><div class=\\\"bg-white border border-slate-200 rounded-2xl p-6 mb-6\\\"><h2 class=\\\"text-xl font-semibold text-slate-900 mb-3\\\">5. Weitergabe</h2><p class=\\\"text-slate-700\\\">Eine begrenzte Weitergabe an Dienstleister (Hosting, E-Mail, Sicherheit, Analyse usw.) kann unter vertraglichen und technischen Schutzmaßnahmen erfolgen. Gesetzliche Offenlegungen an Behörden können erforderlich sein.</p></div><div class=\\\"bg-slate-900 text-white rounded-2xl p-6\\\"><h2 class=\\\"text-xl font-semibold mb-3\\\">6. Ihre Rechte</h2><p class=\\\"text-white/90\\\">Sie können uns kontaktieren, um Ihre Betroffenenrechte nach anwendbarem Recht wahrzunehmen.</p></div></section>\"}','Ensotek Informationspflicht: Zwecke, Rechtsgrundlagen, Weitergabe und Betroffenenrechte.','Ensotek Informationspflicht','Informationspflicht | Ensotek','Hinweise zur Datenverarbeitung bei Ensotek: Zwecke, Rechtsgrundlagen, Weitergabe und Rechte.','ensotek,legal,informationspflicht,datenschutz,personenbezogene daten','2026-01-02 03:32:22.280','2026-01-02 03:32:22.280'),
('a670442b-e78b-11f0-9483-e768515de04d','55550007-5555-4555-8555-555555550007','tr','Yasal Bilgilendirme','yasal-bilgilendirme','{\"html\": \"<section class=\\\"container mx-auto px-4 py-10\\\"><h1 class=\\\"text-3xl md:text-4xl font-semibold text-slate-900 mb-4\\\">Yasal Bilgilendirme</h1><p class=\\\"text-slate-700 mb-8\\\">Bu sayfa, Ensotek web sitesine ilişkin genel yasal uyarıları ve bilgilendirmeleri içerir. Sitedeki içerikler bilgilendirme amaçlı olup, bağlayıcı teklif niteliği taşımayabilir.</p><div class=\\\"grid md:grid-cols-2 gap-6 mb-6\\\"><div class=\\\"bg-white border border-slate-200 rounded-2xl p-6\\\"><h2 class=\\\"text-xl font-semibold text-slate-900 mb-3\\\">1. İçerik Sorumluluğu</h2><p class=\\\"text-slate-700\\\">Ensotek, içeriklerin doğruluğu ve güncelliği için makul çaba gösterir; ancak içerikler genel bilgilendirme amaçlıdır ve bağlayıcı değildir.</p></div><div class=\\\"bg-white border border-slate-200 rounded-2xl p-6\\\"><h2 class=\\\"text-xl font-semibold text-slate-900 mb-3\\\">2. Harici Bağlantılar</h2><p class=\\\"text-slate-700\\\">Üçüncü taraf bağlantılar bilgilendirme amaçlıdır. Ensotek, üçüncü taraf içeriklerinden ve uygulamalarından sorumlu değildir.</p></div></div><div class=\\\"bg-white border border-slate-200 rounded-2xl p-6 mb-6\\\"><h2 class=\\\"text-xl font-semibold text-slate-900 mb-3\\\">3. Fikri Mülkiyet</h2><p class=\\\"text-slate-700 mb-3\\\">Web sitesindeki tüm içerikler (metin, görsel, logo, teknik doküman, tasarım) telif ve/veya marka hakları kapsamında korunur.</p><ul class=\\\"list-disc pl-6 text-slate-700 space-y-2\\\"><li>İzinsiz çoğaltma, kopyalama ve yayma yapılamaz</li><li>Marka/logo kullanımı yazılı izne tabidir</li><li>Teknik görseller ve dokümanlar referans amaçlıdır</li></ul></div><div class=\\\"bg-gradient-to-br from-slate-50 to-blue-50 border border-slate-200 rounded-2xl p-6 mb-6\\\"><h2 class=\\\"text-xl font-semibold text-slate-900 mb-3\\\">4. Sorumluluk Sınırı</h2><p class=\\\"text-slate-700\\\">Sitenin kullanımından doğabilecek doğrudan veya dolaylı zararlarda, yürürlükteki mevzuatın izin verdiği ölçüde sorumluluk sınırlamaları geçerli olabilir.</p></div><div class=\\\"bg-slate-900 text-white rounded-2xl p-6\\\"><h2 class=\\\"text-xl font-semibold mb-3\\\">5. İletişim</h2><p class=\\\"text-white/90\\\">Yasal bilgilendirme hakkında sorularınız için bizimle iletişime geçebilirsiniz.</p></div></section>\"}','Ensotek Yasal Bilgilendirme: içerik sorumluluğu, harici bağlantılar, fikri mülkiyet ve sorumluluk sınırları.','Ensotek Yasal Bilgilendirme sayfası','Yasal Bilgilendirme | Ensotek','Ensotek web sitesi yasal bilgilendirmeleri: sorumluluk reddi, harici bağlantılar, fikri mülkiyet ve genel uyarılar.','ensotek,legal,yasal bilgilendirme,impressum,sorumluluk,fikri mulkiyet','2026-01-02 03:32:22.296','2026-01-02 03:32:22.296'),
('a6704967-e78b-11f0-9483-e768515de04d','55550007-5555-4555-8555-555555550007','en','Legal Notice','legal-notice','{\"html\": \"<section class=\\\"container mx-auto px-4 py-10\\\"><h1 class=\\\"text-3xl md:text-4xl font-semibold text-slate-900 mb-4\\\">Legal Notice</h1><p class=\\\"text-slate-700 mb-8\\\">This page provides general legal information and disclaimers regarding the Ensotek website. Content is provided for informational purposes and may not constitute a binding offer.</p><div class=\\\"grid md:grid-cols-2 gap-6 mb-6\\\"><div class=\\\"bg-white border border-slate-200 rounded-2xl p-6\\\"><h2 class=\\\"text-xl font-semibold text-slate-900 mb-3\\\">1. Content</h2><p class=\\\"text-slate-700\\\">Ensotek makes reasonable efforts to keep content accurate, but provides no warranty and content is not legally binding.</p></div><div class=\\\"bg-white border border-slate-200 rounded-2xl p-6\\\"><h2 class=\\\"text-xl font-semibold text-slate-900 mb-3\\\">2. External Links</h2><p class=\\\"text-slate-700\\\">Ensotek is not responsible for third-party content or practices on linked sites.</p></div></div><div class=\\\"bg-white border border-slate-200 rounded-2xl p-6 mb-6\\\"><h2 class=\\\"text-xl font-semibold text-slate-900 mb-3\\\">3. Intellectual Property</h2><p class=\\\"text-slate-700 mb-3\\\">All texts, images, logos, technical documents and designs are protected by applicable IP laws.</p><ul class=\\\"list-disc pl-6 text-slate-700 space-y-2\\\"><li>No reproduction or distribution without permission</li><li>Trademark and logo use requires written consent</li><li>Technical materials are provided for reference</li></ul></div><div class=\\\"bg-gradient-to-br from-slate-50 to-blue-50 border border-slate-200 rounded-2xl p-6 mb-6\\\"><h2 class=\\\"text-xl font-semibold text-slate-900 mb-3\\\">4. Limitation of Liability</h2><p class=\\\"text-slate-700\\\">To the extent permitted by law, limitations of liability may apply for damages arising from use of this website.</p></div><div class=\\\"bg-slate-900 text-white rounded-2xl p-6\\\"><h2 class=\\\"text-xl font-semibold mb-3\\\">5. Contact</h2><p class=\\\"text-white/90\\\">For legal questions, please contact us.</p></div></section>\"}','Ensotek Legal Notice: disclaimers, external links, intellectual property and limitation of liability.','Ensotek Legal Notice page','Legal Notice | Ensotek','Ensotek Legal Notice covers disclaimers, external links, IP rights and limitation of liability.','ensotek,legal,legal notice,disclaimer,intellectual property,liability','2026-01-02 03:32:22.296','2026-01-02 03:32:22.296'),
('a6704d06-e78b-11f0-9483-e768515de04d','55550007-5555-4555-8555-555555550007','de','Impressum / Rechtliche Hinweise','impressum-rechtliche-hinweise','{\"html\": \"<section class=\\\"container mx-auto px-4 py-10\\\"><h1 class=\\\"text-3xl md:text-4xl font-semibold text-slate-900 mb-4\\\">Impressum / Rechtliche Hinweise</h1><p class=\\\"text-slate-700 mb-8\\\">Diese Seite enthält allgemeine rechtliche Hinweise zur Ensotek-Website. Inhalte dienen der Information und stellen ggf. kein verbindliches Angebot dar.</p><div class=\\\"grid md:grid-cols-2 gap-6 mb-6\\\"><div class=\\\"bg-white border border-slate-200 rounded-2xl p-6\\\"><h2 class=\\\"text-xl font-semibold text-slate-900 mb-3\\\">1. Inhalte</h2><p class=\\\"text-slate-700\\\">Ensotek bemüht sich um korrekte Inhalte, übernimmt jedoch keine Gewähr. Inhalte sind nicht rechtsverbindlich.</p></div><div class=\\\"bg-white border border-slate-200 rounded-2xl p-6\\\"><h2 class=\\\"text-xl font-semibold text-slate-900 mb-3\\\">2. Externe Links</h2><p class=\\\"text-slate-700\\\">Für Inhalte und Praktiken verlinkter Drittseiten übernimmt Ensotek keine Verantwortung.</p></div></div><div class=\\\"bg-white border border-slate-200 rounded-2xl p-6 mb-6\\\"><h2 class=\\\"text-xl font-semibold text-slate-900 mb-3\\\">3. Urheberrechte</h2><p class=\\\"text-slate-700 mb-3\\\">Texte, Bilder, Logos, technische Dokumente und Designs sind urheber- und markenrechtlich geschützt.</p><ul class=\\\"list-disc pl-6 text-slate-700 space-y-2\\\"><li>Keine Nutzung ohne Erlaubnis</li><li>Marken-/Logonutzung nur mit Zustimmung</li><li>Technische Materialien dienen als Referenz</li></ul></div><div class=\\\"bg-gradient-to-br from-slate-50 to-blue-50 border border-slate-200 rounded-2xl p-6 mb-6\\\"><h2 class=\\\"text-xl font-semibold text-slate-900 mb-3\\\">4. Haftungsbeschränkung</h2><p class=\\\"text-slate-700\\\">Soweit gesetzlich zulässig, können Haftungsbeschränkungen für Schäden aus der Website-Nutzung gelten.</p></div><div class=\\\"bg-slate-900 text-white rounded-2xl p-6\\\"><h2 class=\\\"text-xl font-semibold mb-3\\\">5. Kontakt</h2><p class=\\\"text-white/90\\\">Bei rechtlichen Fragen können Sie uns kontaktieren.</p></div></section>\"}','Ensotek Impressum / Rechtliche Hinweise: Haftungsausschluss, externe Links, Urheberrechte und Haftungsbeschränkung.','Ensotek Impressum / Rechtliche Hinweise','Impressum | Ensotek','Rechtliche Hinweise bei Ensotek: Haftungsausschluss, externe Links, Urheberrechte und Haftungsbeschränkung.','ensotek,legal,impressum,rechtliche hinweise,haftung,urheberrecht','2026-01-02 03:32:22.296','2026-01-02 03:32:22.296'),
('a6967759-e78b-11f0-9483-e768515de04d','11111111-2222-3333-4444-555555555590','tr','Çözümler','cozumler','{\"html\": \"<p>Ensotek su soğutma kuleleri; <strong>cebri çekişli (induced draft), karşı akışlı (counter-flow)</strong> kule prensibiyle, işletmeden gelen sıcak suyu üstten alta homojen dağıtarak soğutur. Dış ortam havası yan hava giriş panjurlarından emilir; ısı ve nem yükünü alarak fan bacasından atmosfere atılır ve soğumuş su kule alt havuzunda toplanır.</p><p>Modüler tasarım sayesinde kuleler, kurulum sonrası ihtiyaç halinde kaldırılıp taşınabilecek yapıda kurgulanır. Malzeme uyumu ve korozyon dayanımı (CTP/FRP, PVC, PP, paslanmaz bağlantılar vb.) uzun ömür ve düşük işletme/bakım maliyeti sağlar.</p><h2>Çözüm Başlıkları</h2><ul><li><strong>Endüstriyel Soğutma:</strong> Üretim tesisleri, enerji santralleri ve ağır çalışma koşulları için yüksek verimli kule çözümleri.</li><li><strong>HVAC Soğutma:</strong> Ticari binalar, AVM ve otel uygulamalarında stabil yaklaşım sıcaklığı ve enerji optimizasyonu.</li><li><strong>Proses Soğutma:</strong> Su kalitesinin kritik olduğu proseslerde açık/kapalı devre kule seçimi ve yardımcı ekipmanlar.</li></ul><h2>Açık Devre ve Kapalı Devre Seçimi</h2><p><strong>Açık devre kuleler</strong>, yüksek ısı transferi ve geniş kapasite aralığıyla yaygın uygulama alanına sahiptir. <strong>Kapalı devre kuleler</strong> ise proses suyunun kirliliğe hassas olduğu uygulamalarda tercih edilir; proses suyu kule içerisindeki serpantinlerden geçerken soğutulur ve daha temiz/kararlı işletme hedeflenir.</p><h2>Enerji ve Performans Yaklaşımı</h2><p>Cebri çekişli kulelerde fanın tükettiği enerji, alttan itmeli (forced draft) çözümlere kıyasla daha düşüktür; nemli havanın üstten yüksek hızla atılması resirkülasyon riskini azaltır ve performansı korur. Bu nedenle cebri çekişli tasarım, alttan itmeli kulelere göre yaklaşık <strong>1,5 – 2 kat</strong> enerji tasarrufu sağlayabilir.</p><h2>Malzeme ve Bileşen Standardımız</h2><ul><li><strong>Kule gövdesi:</strong> CTP/FRP sandviç panel, kaburga takviyeli; ihtiyaç halinde izoftalik/vinilester ve alev iletmez üretim opsiyonu.</li><li><strong>Dış yüzey:</strong> UV/kimyasal/korozyona dayanıklı, boyasız jel-coat.</li><li><strong>Taşıyıcı sistem:</strong> Pultruzyon CTP profiller; merdiven ve yürüyüş platformlarıyla birlikte.</li><li><strong>Fan grubu:</strong> Aksiyal fan; fan çevre hızları <strong>52–60 m/s</strong> aralığında.</li><li><strong>Motor/Redüktör:</strong> IP56 koruma, F sınıfı izolasyon, V1 konumunda düşey flanşlı tip; fan çapına göre motor veya motor+redüktör.</li><li><strong>Su dağıtım sistemi:</strong> PVC / PP / CTP; yaklaşık <strong>55°C</strong> altı PVC, üzeri PP/CTP tercihleri.</li><li><strong>Dolgu seçimi:</strong> Temiz sularda PVC film dolgu (maks. ~55°C), yüksek sıcaklıkta (~100°C) PP bigudi dolgu; çok kirli sularda sıçratma tipi grid dolgu.</li></ul><h2>Keşif ve Teklif</h2><p>Isı yükü, çevresel koşullar, su kimyası, yerleşim kısıtları ve bakım erişimi gibi kriterleri değerlendirerek doğru kule tipini ve konfigürasyonu belirliyoruz. Projeniz için teklif talep edebilir veya hizmetlerimiz (bakım, modernizasyon/retrofit, devreye alma) ile uçtan uca destek alabilirsiniz.</p><p><a href=\\\"/offer\\\"><strong>Teklif Al</strong></a> veya <a href=\\\"/services\\\"><strong>Hizmetlerimizi İncele</strong></a>.</p>\"}','Açık/kapalı devre kule çözümleri, cebri çekişli karşı akış prensibi, malzeme-bileşen standardı, dolgu seçimi ve keşif/teklif yaklaşımı özetlenir.','Ensotek su soğutma kulesi çözümleri','Çözümler | Ensotek','Ensotek; cebri çekişli karşı akışlı açık/kapalı devre su soğutma kulesi çözümleri, malzeme-bileşen standardı ve dolgu seçimiyle prosesinize uygun mühendislik sunar.','ensotek,cozumler,su sogutma kulesi,acik devre,kapali devre,cebri cekisli,karsi akis,frp,cti,retrofit','2026-01-02 03:32:22.546','2026-01-02 03:32:22.546'),
('a6967bfc-e78b-11f0-9483-e768515de04d','11111111-2222-3333-4444-555555555590','en','Solutions','solutions','{\"html\": \"<p>Ensotek cooling towers operate on an <strong>induced draft, counter-flow</strong> principle. Hot water from the facility is distributed from top to bottom across the tower cross-section, while ambient air is drawn in through side louvers, absorbs heat and moisture, and is discharged through the fan stack. Cooled water is collected in the basin at the bottom.</p><p>Thanks to the modular design, towers can be lifted and relocated when required. Material compatibility and corrosion resistance (FRP/CTP, PVC, PP, stainless fasteners, etc.) support long service life and reduced operating/maintenance costs.</p><h2>Solution Areas</h2><ul><li><strong>Industrial Cooling:</strong> High-efficiency tower solutions for manufacturing plants, power generation and demanding operating environments.</li><li><strong>HVAC Cooling:</strong> Stable approach temperature and energy optimization for commercial buildings, shopping malls and hotels.</li><li><strong>Process Cooling:</strong> Open/closed circuit selection and auxiliary components for processes where water quality is critical.</li></ul><h2>Open vs. Closed Circuit Selection</h2><p><strong>Open circuit towers</strong> are widely used due to high heat transfer and broad capacity range. <strong>Closed circuit towers</strong> are preferred when the process fluid must remain clean: the process water is cooled through coil pipes, reducing contamination risk and improving operational stability.</p><h2>Energy and Performance</h2><p>In induced draft towers, fan power consumption is generally lower than forced draft alternatives. Because humid air exits at higher velocity from the top, recirculation risk is reduced and performance is preserved. Therefore, induced draft designs can provide approximately <strong>1.5–2×</strong> energy savings compared to forced draft towers (application-dependent).</p><h2>Materials and Component Standard</h2><ul><li><strong>Tower body:</strong> FRP/CTP sandwich panels reinforced with ribs; isophthalic/vinylester and flame-retardant options upon request.</li><li><strong>Exterior surface:</strong> UV/chemical/corrosion resistant, paint-free gel-coat.</li><li><strong>Structural system:</strong> FRP pultrusion profiles including service ladders and platforms.</li><li><strong>Fan group:</strong> Axial fans; tip speed typically <strong>52–60 m/s</strong>.</li><li><strong>Motor/Gear unit:</strong> IP56 protection, class F insulation, V1 vertical flange type; motor-only or motor+gear depending on fan diameter.</li><li><strong>Water distribution:</strong> PVC / PP / FRP; typically PVC below ~<strong>55°C</strong>, PP/FRP for higher temperatures.</li><li><strong>Fill selection:</strong> PVC film fills for clean water (max ~55°C), PP ring fills for high temperature (~100°C), splash grid fills for very dirty water.</li></ul><h2>Survey and Quotation</h2><p>We evaluate heat load, ambient conditions, water chemistry, layout constraints and maintenance access to define the optimum tower type and configuration. Request a quotation or benefit from our services (maintenance, modernization/retrofit, commissioning) for end-to-end support.</p><p><a href=\\\"/offer\\\"><strong>Get a Quote</strong></a> or <a href=\\\"/services\\\"><strong>Explore Our Services</strong></a>.</p>\"}','Summarizes induced draft counter-flow cooling tower solutions, open/closed circuit selection, component standards, fill selection and quotation approach.','Ensotek cooling tower solutions','Solutions | Ensotek','Ensotek delivers induced draft counter-flow open and closed circuit cooling tower solutions with robust materials, component standards and engineering-based selection.','ensotek,solutions,water cooling tower,open circuit,closed circuit,induced draft,counter flow,frp,retrofit,commissioning','2026-01-02 03:32:22.546','2026-01-02 03:32:22.546'),
('a696ac42-e78b-11f0-9483-e768515de04d','11111111-2222-3333-4444-555555555590','de','Lösungen','loesungen','{\"html\": \"<p>Ensotek Kühltürme arbeiten nach dem Prinzip <strong>Gegenstrom (counter-flow) mit Saugzug (induced draft)</strong>. Das warme Wasser wird von oben nach unten über den Querschnitt verteilt; Umgebungsluft wird über seitliche Luftansaugjalousien angesaugt, nimmt Wärme und Feuchte auf und wird über den Ventilatorstapel abgeführt. Das abgekühlte Wasser sammelt sich im Becken am Turmboden.</p><p>Die modulare Bauweise ermöglicht bei Bedarf ein einfaches Anheben und Umsetzen nach der Installation. Materialverträglichkeit und Korrosionsbeständigkeit (GFK/CTP, PVC, PP, Edelstahl-Verbindungselemente usw.) unterstützen eine lange Lebensdauer sowie geringere Betriebs- und Wartungskosten.</p><h2>Lösungsbereiche</h2><ul><li><strong>Industrielle Kühllösungen:</strong> Effiziente Kühlturm-Lösungen für Produktionsanlagen, Energieerzeugung und anspruchsvolle Betriebsbedingungen.</li><li><strong>HVAC-Kühllösungen:</strong> Stabile Approach-Temperatur und Energieoptimierung für Gewerbeobjekte, Einkaufszentren und Hotels.</li><li><strong>Prozesskühlung:</strong> Auswahl von offen/geschlossen sowie Zusatzkomponenten für prozesskritische Wasserqualität.</li></ul><h2>Offener vs. geschlossener Kreislauf</h2><p><strong>Offene Kühltürme</strong> werden häufig eingesetzt (hohe Wärmeübertragung, großer Leistungsbereich). <strong>Geschlossene Kühltürme</strong> sind ideal, wenn das Prozessmedium sauber bleiben muss: Das Prozesswasser wird über Rohrschlangen (Serpentinen) gekühlt; Kontaminationsrisiken werden reduziert.</p><h2>Energie und Performance</h2><p>Bei Saugzug-Kühltürmen ist der Ventilatorenergiebedarf typischerweise geringer als bei Drucklüfter-/Forced-Draft-Lösungen. Durch die hohe Austrittsgeschwindigkeit der feuchten Luft wird Resirkulation reduziert und die Leistung stabil gehalten. Daher kann der Saugzug-Ansatz je nach Anwendung ca. <strong>1,5–2×</strong> Energieeinsparung gegenüber Forced-Draft ermöglichen.</p><h2>Material- und Komponentenstandard</h2><ul><li><strong>Turmkörper:</strong> GFK/CTP-Sandwichpaneele mit Rippenverstärkung; isophthalische/vinylester Ausführung und flammhemmende Option bei Bedarf.</li><li><strong>Außenoberfläche:</strong> UV-/Chemikalien-/Korrosionsbeständiger, lackfreier Gelcoat.</li><li><strong>Tragwerk:</strong> GFK-Pultrusionsprofile inkl. Leiter- und Wartungsplattformen.</li><li><strong>Ventilatorgruppe:</strong> Axialventilatoren; Umfangsgeschwindigkeit typischerweise <strong>52–60 m/s</strong>.</li><li><strong>Motor/Getriebe:</strong> IP56, Isolationsklasse F, V1-Position (vertikaler Flansch); je nach Ventilatordurchmesser Motor oder Motor+Getriebe.</li><li><strong>Wasserverteilung:</strong> PVC / PP / GFK; häufig PVC unter ~<strong>55°C</strong>, PP/GFK bei höheren Temperaturen.</li><li><strong>Füllkörper-Auswahl:</strong> PVC-Filmfüllkörper für sauberes Wasser (max ~55°C), PP-Ringfüllkörper für hohe Temperaturen (~100°C), Splash-Grid-Füllkörper für sehr verschmutztes Wasser.</li></ul><h2>Auslegung, Begehung und Angebot</h2><p>Wir bewerten Wärmelast, Umgebungsbedingungen, Wasserchemie, Platz-/Layoutrestriktionen und Wartungszugang, um Typ und Konfiguration optimal festzulegen. Fordern Sie ein Angebot an oder nutzen Sie unsere Services (Wartung, Modernisierung/Retrofit, Inbetriebnahme) für End-to-End Support.</p><p><a href=\\\"/offer\\\"><strong>Angebot anfordern</strong></a> oder <a href=\\\"/services\\\"><strong>Unsere Services ansehen</strong></a>.</p>\"}','Zusammenfassung der Saugzug-Gegenstrom-Kühlturm-Lösungen, Auswahl offen/geschlossen, Komponentenstandard, Füllkörperlogik und Angebotsprozess.','Ensotek Wasserkühlturm-Lösungen','Lösungen | Ensotek','Ensotek bietet Saugzug-Gegenstrom Kühlturm-Lösungen (offen/geschlossen) mit robusten Materialien, Komponentenstandard und engineering-basierter Auslegung.','ensotek,loesungen,wasserkuehlturm,offen,geschlossen,saugzug,gegenstrom,gfk,retrofit,inbetriebnahme','2026-01-02 03:32:22.546','2026-01-02 03:32:22.546'),
('a6980961-e78b-11f0-9483-e768515de04d','11111111-2222-3333-4444-555555555591','tr','Endüstriyel Soğutma Çözümleri','industrial-cooling-solutions','{\"html\": \"<p>Endüstriyel tesislerde soğutma kuleleri, yüksek ısı yükleri ve değişken proses koşullarında <strong>stabil yaklaşım sıcaklığı</strong> ve <strong>güvenilir işletme</strong> sağlamak için kritik rol oynar. Ensotek; cebri çekişli, karşı akışlı kule mimarisi ile yüksek verim ve düşük enerji tüketimini hedefler.</p><h2>Tip Seçimi: Açık / Kapalı Devre</h2><p><strong>Açık devre</strong> çözümler; yüksek ısı transferi ve geniş kapasite aralığıyla yaygın endüstriyel uygulamalarda tercih edilir. <strong>Kapalı devre</strong> çözümler ise proses suyunun kirlenmeye hassas olduğu durumlarda serpantin üzerinden soğutma sağlayarak daha temiz ve kararlı işletme sunar.</p><h2>Malzeme ve Dayanım</h2><ul><li><strong>CTP/FRP gövde:</strong> Korozyona dayanıklı, jel-coat dış yüzey ile boyasız ve uzun ömürlü yapı.</li><li><strong>Taşıyıcı sistem:</strong> Pultruzyon CTP profiller, merdiven ve platformlarla bakım erişimi.</li><li><strong>Bağlantılar:</strong> Uygulamaya göre paslanmaz bağlantı elemanları ve kimyasal uyum.</li></ul><h2>Performans Tasarımı</h2><ul><li><strong>Fan grubu:</strong> Aksiyal fan ve uygun motor/redüktör seçimi ile verimli hava debisi.</li><li><strong>Su dağıtımı:</strong> Homojen dağıtım; nozul ve kolektör tasarımıyla kuru bölge riskinin azaltılması.</li><li><strong>Dolgu seçimi:</strong> Su sıcaklığı ve kirlilik seviyesine göre PVC film / PP bigudi / grid dolgu alternatifleri.</li></ul><h2>Saha Koşulları ve Entegrasyon</h2><p>Isı yükü, çevre sıcaklığı, su kimyası, yerleşim kısıtları ve bakım erişimi değerlendirilerek doğru kule tipi ve konfigürasyon belirlenir. Gerekirse modernizasyon/retrofit ve otomasyon izleme altyapılarıyla sistem performansı sürdürülebilir hale getirilir.</p><p><a href=\\\"/offer\\\"><strong>Teklif Al</strong></a> veya <a href=\\\"/services\\\"><strong>Hizmetlerimizi İncele</strong></a>.</p>\"}','Yüksek ısı yükleri için açık/kapalı devre kule seçimi, malzeme dayanımı, dolgu ve fan grubu optimizasyonu ile endüstriyel soğutma çözümü.','Endüstriyel soğutma kulesi çözümleri','Endüstriyel Soğutma Çözümleri | Ensotek','Ensotek, endüstriyel tesisler için açık/kapalı devre su soğutma kulesi çözümleri; dayanıklı FRP/CTP gövde, doğru dolgu ve verimli fan grubu ile yüksek performans sağlar.','ensotek,endustriyel sogutma,solutions,su sogutma kulesi,frp,ctp,kapali devre,acik devre,dolgu,fansistem','2026-01-02 03:32:22.556','2026-01-02 03:32:22.556'),
('a6980ec0-e78b-11f0-9483-e768515de04d','11111111-2222-3333-4444-555555555591','en','Industrial Cooling Solutions','industrial-cooling-solutions','{\"html\": \"<p>In industrial plants, cooling towers are essential to maintain a <strong>stable approach temperature</strong> and <strong>reliable operation</strong> under high heat loads and variable process conditions. Ensotek focuses on efficient <strong>induced draft, counter-flow</strong> designs to reduce energy consumption while preserving performance.</p><h2>System Selection: Open vs. Closed Circuit</h2><p><strong>Open circuit</strong> solutions are widely used due to high heat transfer and broad capacity range. <strong>Closed circuit</strong> solutions are preferred when process fluid cleanliness is critical, cooling the process water through coils and reducing contamination risks.</p><h2>Materials & Durability</h2><ul><li><strong>FRP/CTP casing:</strong> Corrosion-resistant structure with paint-free gel-coat exterior.</li><li><strong>Structural system:</strong> FRP pultrusion profiles with safe maintenance access (ladders/platforms).</li><li><strong>Fasteners:</strong> Application-based stainless and chemical compatibility options.</li></ul><h2>Performance Engineering</h2><ul><li><strong>Fan group:</strong> Axial fans with correct motor/gear unit selection for efficient airflow.</li><li><strong>Water distribution:</strong> Uniform distribution to minimize dry spots and improve heat transfer.</li><li><strong>Fill selection:</strong> PVC film / PP ring / splash grid fills selected based on temperature and water quality.</li></ul><h2>Site Integration</h2><p>We evaluate heat load, ambient conditions, water chemistry, layout constraints and maintenance access to define the optimum tower configuration. Modernization/retrofit and monitoring/automation services can be added to sustain performance over the lifecycle.</p><p><a href=\\\"/offer\\\"><strong>Get a Quote</strong></a> or <a href=\\\"/services\\\"><strong>Explore Our Services</strong></a>.</p>\"}','Industrial cooling tower selection, materials, fan/fill optimization and engineering approach for high heat-load applications.','Industrial cooling tower solutions','Industrial Cooling Solutions | Ensotek','Ensotek delivers industrial cooling tower solutions with open/closed circuit selection, robust FRP/CTP materials, fill engineering and efficient fan systems.','ensotek,industrial cooling,solutions,water cooling tower,frp,ctp,open circuit,closed circuit,fill selection,fan system','2026-01-02 03:32:22.556','2026-01-02 03:32:22.556'),
('a69811f4-e78b-11f0-9483-e768515de04d','11111111-2222-3333-4444-555555555591','de','Industrielle Kühllösungen','industrial-cooling-solutions','{\"html\": \"<p>In Industrieanlagen sind Kühltürme entscheidend, um bei hohen Wärmelasten und wechselnden Prozessbedingungen eine <strong>stabile Approach-Temperatur</strong> und <strong>zuverlässigen Betrieb</strong> sicherzustellen. Ensotek setzt auf effiziente <strong>Saugzug-Gegenstrom</strong>-Konzepte, um Energieverbrauch zu reduzieren und Performance zu sichern.</p><h2>Systemwahl: Offener vs. geschlossener Kreislauf</h2><p><strong>Offene Systeme</strong> werden häufig eingesetzt (hohe Wärmeübertragung, großer Leistungsbereich). <strong>Geschlossene Systeme</strong> sind ideal, wenn das Prozessmedium sauber bleiben muss; die Kühlung erfolgt über Rohrschlangen und reduziert Kontamination.</p><h2>Material & Beständigkeit</h2><ul><li><strong>GFK/CTP-Gehäuse:</strong> Korrosionsbeständig mit lackfreiem Gelcoat.</li><li><strong>Tragwerk:</strong> GFK-Pultrusionsprofile, sichere Wartungszugänge (Leiter/Plattform).</li><li><strong>Verbindungselemente:</strong> Je nach Anwendung Edelstahl- und Chemie-Kompatibilitätsoptionen.</li></ul><h2>Performance-Engineering</h2><ul><li><strong>Ventilatorgruppe:</strong> Axialventilatoren mit passender Motor/Getriebeauswahl.</li><li><strong>Wasserverteilung:</strong> Homogene Verteilung zur Minimierung von Trockenstellen.</li><li><strong>Füllkörperauswahl:</strong> PVC-Film / PP-Ring / Splash-Grid je nach Temperatur und Wasserqualität.</li></ul><h2>Integration am Standort</h2><p>Wir bewerten Wärmelast, Umgebungsbedingungen, Wasserchemie, Layoutrestriktionen und Wartungszugang, um die optimale Konfiguration festzulegen. Modernisierung/Retrofit sowie Monitoring/Automatisierung können ergänzt werden, um die Lebenszyklus-Performance zu sichern.</p><p><a href=\\\"/offer\\\"><strong>Angebot anfordern</strong></a> oder <a href=\\\"/services\\\"><strong>Unsere Services ansehen</strong></a>.</p>\"}','Auswahl industrieller Kühlturm-Lösungen, Materialkonzept sowie Optimierung von Ventilator und Füllkörper für hohe Wärmelasten.','Industrielle Kühlturm-Lösungen','Industrielle Kühllösungen | Ensotek','Ensotek bietet industrielle Kühlturm-Lösungen mit offen/geschlossen Auswahl, robusten GFK/CTP Materialien, Füllkörperauslegung und effizienten Ventilatorsystemen.','ensotek,industrielle kuehlloesungen,solutions,wasserkuehlturm,gfk,ctp,offen,geschlossen,fuellkoerper,ventilator','2026-01-02 03:32:22.556','2026-01-02 03:32:22.556'),
('a6998ee4-e78b-11f0-9483-e768515de04d','11111111-2222-3333-4444-555555555592','tr','HVAC Soğutma Çözümleri','hvac-cooling-solutions','{\"html\": \"<p>HVAC uygulamalarında (AVM, otel, hastane, ofis, veri merkezi vb.) hedef; <strong>stabil soğutma suyu sıcaklığı</strong>, <strong>düşük ses</strong> ve <strong>yüksek enerji verimliliğidir</strong>. Ensotek, proje koşullarına göre kule seçimi ve ekipman optimizasyonu ile işletme maliyetlerini düşürmeyi amaçlar.</p><h2>HVAC için Doğru Kule Seçimi</h2><ul><li><strong>Açık devre</strong>: Standart HVAC kondenser suyu uygulamalarında yaygın, ekonomik ve verimli çözüm.</li><li><strong>Kapalı devre</strong>: Kirlilik riskinin azaltılması istenen veya devre ayrımı tercih edilen projelerde.</li></ul><h2>Ses ve Enerji Optimizasyonu</h2><ul><li><strong>Fan/motor seçimi:</strong> Uygun fan çevre hızı ve motor seçimi ile enerji tüketimi dengelenir.</li><li><strong>VFD opsiyonu:</strong> Kısmi yüklerde fan hız kontrolü ile enerji tasarrufu ve konfor.</li><li><strong>Resirkülasyon önleme:</strong> Cebri çekişli tasarım ve doğru yerleşim ile performans sürekliliği.</li></ul><h2>Su Kimyası ve İşletme Sürekliliği</h2><p>HVAC kulelerinde su şartlandırma ve periyodik bakım; dolgu tıkanması, korozyon ve biyolojik riskleri azaltır. Doğru dolgu/nozul seçimi ve bakım planı ile performans stabil kalır.</p><h2>Projelendirme ve Devreye Alma</h2><p>Keşif, kapasite/ısı yükü analizi, yerleşim ve erişim kriterleri ile kule konfigürasyonu belirlenir. Kurulum ve devreye alma hizmetleri ile güvenli ilk çalıştırma ve operatör eğitimleri tamamlanır.</p><p><a href=\\\"/offer\\\"><strong>Teklif Al</strong></a> veya <a href=\\\"/services\\\"><strong>Hizmetlerimizi İncele</strong></a>.</p>\"}','AVM/otel/ofis gibi HVAC projelerinde düşük ses, enerji verimliliği, stabil yaklaşım sıcaklığı ve bakım odaklı kule çözümleri.','HVAC soğutma kulesi çözümleri','HVAC Soğutma Çözümleri | Ensotek','Ensotek, HVAC projeleri için açık/kapalı devre soğutma kulesi çözümleri; ses/enerji optimizasyonu, su kimyası ve devreye alma desteği sunar.','ensotek,hvac,solutions,sogutma kulesi,dusuk ses,vfd,enerji verimliligi,kondenser suyu','2026-01-02 03:32:22.566','2026-01-02 03:32:22.566'),
('a6999387-e78b-11f0-9483-e768515de04d','11111111-2222-3333-4444-555555555592','en','HVAC Cooling Solutions','hvac-cooling-solutions','{\"html\": \"<p>In HVAC applications (shopping malls, hotels, hospitals, offices, data centers, etc.), the goal is <strong>stable cooling water temperature</strong>, <strong>low noise</strong>, and <strong>high energy efficiency</strong>. Ensotek optimizes tower selection and key components to reduce total cost of ownership.</p><h2>Selecting the Right Tower for HVAC</h2><ul><li><strong>Open circuit</strong>: Common and efficient solution for condenser water systems.</li><li><strong>Closed circuit</strong>: Preferred when reduced contamination risk or circuit separation is required.</li></ul><h2>Noise & Energy Optimization</h2><ul><li><strong>Fan/motor engineering:</strong> Balancing fan tip speed and motor selection for efficiency.</li><li><strong>VFD option:</strong> Variable speed control at partial loads for energy savings and comfort.</li><li><strong>Recirculation prevention:</strong> Induced draft design and proper layout to sustain performance.</li></ul><h2>Water Chemistry & Reliability</h2><p>Water treatment and periodic maintenance reduce fouling, corrosion and biological risks. Correct fill/nozzle choices and a maintenance plan keep performance stable.</p><h2>Engineering & Commissioning</h2><p>We define configuration based on survey, heat load analysis, layout constraints and service access. Installation and commissioning ensure safe startup and operator training.</p><p><a href=\\\"/offer\\\"><strong>Get a Quote</strong></a> or <a href=\\\"/services\\\"><strong>Explore Our Services</strong></a>.</p>\"}','HVAC cooling tower solutions focusing on low noise, energy efficiency, stable approach temperature and maintenance-based reliability.','HVAC cooling tower solutions','HVAC Cooling Solutions | Ensotek','Ensotek provides HVAC cooling tower solutions with open/closed circuit options, noise/energy optimization, water chemistry guidance and commissioning support.','ensotek,hvac,solutions,cooling tower,low noise,vfd,energy efficiency,condenser water','2026-01-02 03:32:22.566','2026-01-02 03:32:22.566'),
('a699968a-e78b-11f0-9483-e768515de04d','11111111-2222-3333-4444-555555555592','de','HVAC-Kühllösungen','hvac-cooling-solutions','{\"html\": \"<p>Bei HVAC-Anwendungen (Einkaufszentren, Hotels, Krankenhäuser, Büros, Rechenzentren usw.) stehen <strong>stabile Kühlwassertemperaturen</strong>, <strong>geringe Geräuschentwicklung</strong> und <strong>hohe Energieeffizienz</strong> im Vordergrund. Ensotek optimiert Turmauswahl und Komponenten, um die Betriebskosten zu senken.</p><h2>Die richtige Turmauswahl für HVAC</h2><ul><li><strong>Offener Kreislauf</strong>: Gängig und effizient für Kondensatorwassersysteme.</li><li><strong>Geschlossener Kreislauf</strong>: Wenn geringeres Kontaminationsrisiko oder Kreislauftrennung gefordert ist.</li></ul><h2>Geräusch- & Energieoptimierung</h2><ul><li><strong>Ventilator/Motor-Auslegung:</strong> Effizienz durch abgestimmte Umfangsgeschwindigkeit und Motorauswahl.</li><li><strong>VFD-Option:</strong> Drehzahlregelung bei Teillast für Einsparungen und Komfort.</li><li><strong>Resirkulation vermeiden:</strong> Saugzug-Design und korrekte Aufstellung zur Leistungsstabilität.</li></ul><h2>Wasserchemie & Betriebssicherheit</h2><p>Wasseraufbereitung und regelmäßige Wartung reduzieren Fouling, Korrosion und biologische Risiken. Passende Füllkörper/Düsen und ein Wartungsplan stabilisieren die Leistung.</p><h2>Engineering & Inbetriebnahme</h2><p>Konfiguration wird anhand Begehung, Wärmelastanalyse, Layout und Servicezugang definiert. Installation und Inbetriebnahme sichern einen sicheren Start inkl. Schulung.</p><p><a href=\\\"/offer\\\"><strong>Angebot anfordern</strong></a> oder <a href=\\\"/services\\\"><strong>Unsere Services ansehen</strong></a>.</p>\"}','HVAC-Kühlturm-Lösungen mit Fokus auf geringe Geräusche, Energieeffizienz, stabile Approach-Temperatur und wartungsbasierte Zuverlässigkeit.','HVAC Kühlturm-Lösungen','HVAC-Kühllösungen | Ensotek','Ensotek bietet HVAC-Kühlturm-Lösungen mit offen/geschlossen Optionen, Geräusch-/Energieoptimierung, Wasserchemie und Inbetriebnahme-Support.','ensotek,hvac,solutions,kuehlturm,geraeuscharm,vfd,energieeffizienz,kondensatorwasser','2026-01-02 03:32:22.566','2026-01-02 03:32:22.566'),
('a69a9ca0-e78b-11f0-9483-e768515de04d','11111111-2222-3333-4444-555555555593','tr','Proses Soğutma Çözümleri','process-cooling-solutions','{\"html\": \"<p>Proses soğutmada hedef; ürün kalitesi ve proses stabilitesi için <strong>kontrollü sıcaklık</strong> ve <strong>su kalitesinin korunmasıdır</strong>. Ensotek, prosesinize göre açık/kapalı devre kule seçimi ve yardımcı ekipmanlarla güvenilir işletmeyi destekler.</p><h2>Su Kalitesi Kritikse: Kapalı Devre Yaklaşımı</h2><p>Proses suyunun kirlilikten etkilenmemesi gereken uygulamalarda <strong>kapalı devre</strong> kuleler tercih edilir. Proses suyu serpantin içerisinden geçerek soğutulur; kule suyu ve dış ortam etkileri proses devresinden izole edilir.</p><h2>Açık Devre + Filtrasyon / Şartlandırma</h2><p>Proses koşulları uygunsa <strong>açık devre</strong> çözümler ekonomik ve yüksek verimli olabilir. Bu senaryoda su şartlandırma, filtrasyon ve periyodik bakım performansı korumada kritik rol oynar.</p><h2>Dolgu, Nozul ve Kirlilik Yönetimi</h2><ul><li><strong>Dolgu seçimi:</strong> Su sıcaklığı ve kirlilik seviyesine göre film / bigudi / grid dolgu alternatifleri.</li><li><strong>Dağıtım:</strong> Nozul ve kolektör tasarımı ile homojen dağıtım ve tıkanma riskinin azaltılması.</li><li><strong>Bakım planı:</strong> Dolgu/nozul temizliği, drift kontrolü ve mekanik kontrollerle süreklilik.</li></ul><h2>İzleme ve Devreye Alma</h2><p>Sıcaklık, debi, iletkenlik ve seviye gibi parametreler izlenerek proses güvenliği artırılır. Kurulum ve devreye alma adımlarında kontrol listeleri, testler ve operatör eğitimi ile güvenli ilk çalıştırma sağlanır.</p><p><a href=\\\"/offer\\\"><strong>Teklif Al</strong></a> veya <a href=\\\"/services\\\"><strong>Hizmetlerimizi İncele</strong></a>.</p>\"}','Proses stabilitesi için su kalitesi odaklı açık/kapalı devre kule seçimi, dolgu/nozul yönetimi, izleme ve devreye alma yaklaşımı.','Proses soğutma çözümleri','Proses Soğutma Çözümleri | Ensotek','Ensotek, proses soğutmada su kalitesi kritik uygulamalar için kapalı devre yaklaşımı; açık devrede filtrasyon/şartlandırma, dolgu seçimi ve izleme ile güvenilir performans sunar.','ensotek,proses sogutma,solutions,kapali devre,acik devre,filtrasyon,su kalitesi,dolgu,nozul,izleme','2026-01-02 03:32:22.572','2026-01-02 03:32:22.572'),
('a69aa233-e78b-11f0-9483-e768515de04d','11111111-2222-3333-4444-555555555593','en','Process Cooling Solutions','process-cooling-solutions','{\"html\": \"<p>In process cooling, the priority is <strong>controlled temperature</strong> and <strong>protecting water quality</strong> to maintain product quality and process stability. Ensotek supports your process with open/closed circuit selection and the right auxiliary equipment.</p><h2>When Water Quality Is Critical: Closed Circuit</h2><p><strong>Closed circuit</strong> towers are preferred when the process fluid must remain clean. The process water is cooled through coils while tower water and ambient effects are isolated from the process loop.</p><h2>Open Circuit with Filtration / Treatment</h2><p>Where applicable, <strong>open circuit</strong> solutions can be cost-effective and efficient. In that scenario, water treatment, filtration and periodic maintenance are essential to preserve performance.</p><h2>Fill/Nozzle Strategy & Fouling Control</h2><ul><li><strong>Fill selection:</strong> Film / ring / splash grid options based on temperature and water quality.</li><li><strong>Distribution:</strong> Uniform distribution and reduced clogging risk via correct nozzle/collector design.</li><li><strong>Maintenance plan:</strong> Fill/nozzle cleaning, drift control and mechanical inspections.</li></ul><h2>Monitoring & Commissioning</h2><p>Monitoring temperature, flow, conductivity and level improves process reliability. Installation and commissioning follow checklists and testing, concluding with safe startup and operator training.</p><p><a href=\\\"/offer\\\"><strong>Get a Quote</strong></a> or <a href=\\\"/services\\\"><strong>Explore Our Services</strong></a>.</p>\"}','Process cooling solutions with water-quality driven open/closed circuit selection, fill/nozzle strategy, monitoring and commissioning.','Process cooling solutions','Process Cooling Solutions | Ensotek','Ensotek delivers process cooling solutions with closed circuit options for clean loops, open circuit systems with treatment/filtration, and engineering-based fill selection and monitoring.','ensotek,process cooling,solutions,closed circuit,open circuit,filtration,water quality,fill selection,nozzles,monitoring','2026-01-02 03:32:22.572','2026-01-02 03:32:22.572'),
('a69aa57d-e78b-11f0-9483-e768515de04d','11111111-2222-3333-4444-555555555593','de','Prozesskühllösungen','process-cooling-solutions','{\"html\": \"<p>Bei der Prozesskühlung stehen <strong>kontrollierte Temperaturen</strong> und der <strong>Schutz der Wasserqualität</strong> im Mittelpunkt, um Produktqualität und Prozessstabilität sicherzustellen. Ensotek unterstützt mit offen/geschlossen Auswahl und passenden Zusatzkomponenten.</p><h2>Wenn Wasserqualität kritisch ist: Geschlossener Kreislauf</h2><p><strong>Geschlossene</strong> Systeme werden bevorzugt, wenn das Prozessmedium sauber bleiben muss. Die Prozessflüssigkeit wird über Rohrschlangen gekühlt; Turmwasser und Umgebungseinflüsse bleiben vom Prozesskreislauf getrennt.</p><h2>Offener Kreislauf mit Filtration / Aufbereitung</h2><p>Wo möglich, sind <strong>offene</strong> Systeme wirtschaftlich und effizient. Dann sind Wasseraufbereitung, Filtration und regelmäßige Wartung entscheidend, um die Leistung zu erhalten.</p><h2>Füllkörper/Düsen-Strategie & Fouling-Kontrolle</h2><ul><li><strong>Füllkörperauswahl:</strong> Film / Ring / Splash-Grid je nach Temperatur und Wasserqualität.</li><li><strong>Verteilung:</strong> Homogene Verteilung, geringeres Verstopfungsrisiko durch Düsen-/Kollektorauslegung.</li><li><strong>Wartungsplan:</strong> Reinigung von Füllkörpern/Düsen, Drift-Kontrolle und mechanische Inspektionen.</li></ul><h2>Monitoring & Inbetriebnahme</h2><p>Monitoring von Temperatur, Durchfluss, Leitfähigkeit und Füllstand erhöht die Prozesssicherheit. Installation und Inbetriebnahme folgen Checklisten und Tests – inklusive sicherem Start und Bedienerschulung.</p><p><a href=\\\"/offer\\\"><strong>Angebot anfordern</strong></a> oder <a href=\\\"/services\\\"><strong>Unsere Services ansehen</strong></a>.</p>\"}','Prozesskühlung mit wasserqualitätsorientierter offen/geschlossen Auswahl, Füllkörper/Düsen-Strategie, Monitoring und Inbetriebnahme.','Prozesskühllösungen','Prozesskühllösungen | Ensotek','Ensotek bietet Prozesskühllösungen mit geschlossenen Systemen für saubere Kreisläufe, offenen Systemen mit Aufbereitung/Filtration sowie engineering-basierter Füllkörperauslegung und Monitoring.','ensotek,prozesskuehlung,solutions,geschlossen,offen,filtration,wasserqualitaet,fuellkoerper,duesen,monitoring','2026-01-02 03:32:22.572','2026-01-02 03:32:22.572');
/*!40000 ALTER TABLE `custom_pages_i18n` ENABLE KEYS */;
UNLOCK TABLES;

--
-- Table structure for table `email_templates`
--

DROP TABLE IF EXISTS `email_templates`;
/*!40101 SET @saved_cs_client     = @@character_set_client */;
/*!40101 SET character_set_client = utf8mb4 */;
CREATE TABLE `email_templates` (
  `id` char(36) NOT NULL,
  `template_key` varchar(100) NOT NULL,
  `variables` longtext CHARACTER SET utf8mb4 COLLATE utf8mb4_bin DEFAULT NULL,
  `is_active` tinyint(1) NOT NULL DEFAULT 1,
  `created_at` datetime(3) NOT NULL DEFAULT current_timestamp(3),
  `updated_at` datetime(3) NOT NULL DEFAULT current_timestamp(3) ON UPDATE current_timestamp(3),
  PRIMARY KEY (`id`),
  UNIQUE KEY `ux_email_tpl_key` (`template_key`),
  KEY `ix_email_tpl_active` (`is_active`),
  KEY `ix_email_tpl_updated_at` (`updated_at`),
  CONSTRAINT `ck_email_templates_variables_json` CHECK (`variables` is null or json_valid(`variables`))
) ENGINE=InnoDB DEFAULT CHARSET=utf8mb4 COLLATE=utf8mb4_unicode_ci;
/*!40101 SET character_set_client = @saved_cs_client */;

--
-- Dumping data for table `email_templates`
--

LOCK TABLES `email_templates` WRITE;
/*!40000 ALTER TABLE `email_templates` DISABLE KEYS */;
INSERT INTO `email_templates` VALUES
('11112222-3333-4444-5555-666677778888','contact_admin_notification','[\"name\", \"email\", \"phone\", \"subject\", \"message\", \"ip\", \"user_agent\"]',1,'2025-10-09 19:38:58.000','2025-10-09 19:38:58.000'),
('1111aaaa-2222-3333-4444-555566667777','offer_sent_customer','[\"customer_name\", \"company_name\", \"offer_no\", \"email\", \"phone\", \"currency\", \"net_total\", \"vat_total\", \"gross_total\", \"valid_until\", \"pdf_url\"]',1,'2025-10-10 10:00:00.000','2025-10-10 10:00:00.000'),
('2222bbbb-2222-3333-4444-555566667777','offer_sent_admin','[\"customer_name\", \"company_name\", \"offer_no\", \"email\", \"phone\", \"currency\", \"net_total\", \"vat_total\", \"gross_total\", \"valid_until\", \"pdf_url\"]',1,'2025-10-10 10:00:00.000','2025-10-10 10:00:00.000'),
('3333cccc-2222-3333-4444-555566667777','offer_request_received_admin','[\"customer_name\", \"company_name\", \"email\", \"phone\", \"offer_id\", \"message\"]',1,'2025-10-10 10:00:00.000','2025-10-10 10:00:00.000'),
('4290e3d9-d5b8-4423-aab2-1cbc85bee59b','ticket_replied','[\"user_name\", \"ticket_id\", \"ticket_subject\", \"reply_message\", \"site_name\"]',1,'2025-10-09 19:38:58.000','2025-10-13 20:28:47.000'),
('4444dddd-2222-3333-4444-555566667777','catalog_request_received_admin','[\"site_title\", \"site_name\", \"customer_name\", \"company_name\", \"email\", \"phone\", \"message\", \"locale\", \"country_code\", \"catalog_url\", \"catalog_request_id\"]',1,'2025-12-14 00:00:00.000','2025-12-14 00:00:00.000'),
('5555eeee-2222-3333-4444-555566667777','catalog_sent_customer','[\"site_title\", \"site_name\", \"customer_name\", \"company_name\", \"email\", \"phone\", \"catalog_url\", \"catalog_filename\"]',1,'2025-12-14 00:00:00.000','2025-12-14 00:00:00.000'),
('99990000-aaaa-bbbb-cccc-ddddeeee0000','contact_user_autoreply','[\"name\", \"subject\"]',1,'2025-10-09 19:38:58.000','2025-10-09 19:38:58.000'),
('c0bb0c00-1a2b-4c5d-9e8f-001122334455','password_changed','[\"user_name\", \"site_name\"]',1,'2025-10-09 19:38:58.000','2025-10-09 19:38:58.000'),
('da91f94a-bfe1-46b7-83fc-b4152e27c65e','password_reset','[\"reset_link\", \"site_name\"]',1,'2025-10-09 19:38:58.000','2025-10-09 19:38:58.000'),
('e7fae474-c1cf-4600-8466-2f915146cfb9','welcome','[\"user_name\", \"user_email\", \"site_name\"]',1,'2025-10-09 19:38:58.000','2025-10-13 15:06:38.000');
/*!40000 ALTER TABLE `email_templates` ENABLE KEYS */;
UNLOCK TABLES;

--
-- Table structure for table `email_templates_i18n`
--

DROP TABLE IF EXISTS `email_templates_i18n`;
/*!40101 SET @saved_cs_client     = @@character_set_client */;
/*!40101 SET character_set_client = utf8mb4 */;
CREATE TABLE `email_templates_i18n` (
  `id` char(36) NOT NULL,
  `template_id` char(36) NOT NULL,
  `locale` varchar(10) NOT NULL,
  `template_name` varchar(150) NOT NULL,
  `subject` varchar(255) NOT NULL,
  `content` longtext NOT NULL,
  `created_at` datetime(3) NOT NULL DEFAULT current_timestamp(3),
  `updated_at` datetime(3) NOT NULL DEFAULT current_timestamp(3) ON UPDATE current_timestamp(3),
  PRIMARY KEY (`id`),
  UNIQUE KEY `ux_email_tpl_key_locale` (`template_id`,`locale`),
  KEY `ix_email_tpl_i18n_locale` (`locale`),
  KEY `ix_email_tpl_i18n_name` (`template_name`),
  CONSTRAINT `fk_email_tpl_i18n_template` FOREIGN KEY (`template_id`) REFERENCES `email_templates` (`id`) ON DELETE CASCADE ON UPDATE CASCADE
) ENGINE=InnoDB DEFAULT CHARSET=utf8mb4 COLLATE=utf8mb4_unicode_ci;
/*!40101 SET character_set_client = @saved_cs_client */;

--
-- Dumping data for table `email_templates_i18n`
--

LOCK TABLES `email_templates_i18n` WRITE;
/*!40000 ALTER TABLE `email_templates_i18n` DISABLE KEYS */;
INSERT INTO `email_templates_i18n` VALUES
('07fae474-c1cf-4600-8466-2f915146cfb9','e7fae474-c1cf-4600-8466-2f915146cfb9','en','Welcome','Your Account Has Been Created - {{site_name}}','<h1 class=\"ql-align-center\">Your Account Has Been Created</h1><p>Hello <strong>{{user_name}}</strong>,</p><p>Welcome to {{site_name}}! Your account has been successfully created.</p><p><br></p><p>Email: <strong>{{user_email}}</strong></p><p>If you have any questions, feel free to contact us anytime.</p><p>Best regards,</p><p>{{site_name}} Team</p>','2025-10-09 19:38:58.000','2025-10-13 15:06:38.000'),
('0a91f94a-bfe1-46b7-83fc-b4152e27c65e','da91f94a-bfe1-46b7-83fc-b4152e27c65e','de','Passwort zurücksetzen','Passwort zurücksetzen - {{site_name}}','<div style=\"font-family: Arial, sans-serif; max-width: 600px; margin: 0 auto; padding: 20px;\">\n    <h1 style=\"color: #333; text-align: center;\">Passwort zurücksetzen</h1>\n    <p style=\"color: #666; font-size: 16px;\">Hallo,</p>\n    <p style=\"color: #666; font-size: 16px;\">wir haben eine Anfrage zum Zurücksetzen Ihres Passworts erhalten.</p>\n    <div style=\"background: #f5f5f5; padding: 15px; border-radius: 5px; margin: 20px 0; text-align: center;\">\n      <a href=\"{{reset_link}}\" style=\"display: inline-block; background: #3b82f6; color: white; padding: 12px 30px; text-decoration: none; border-radius: 5px; font-weight: bold;\">Passwort zurücksetzen</a>\n    </div>\n    <p style=\"color: #666; font-size: 14px;\">Dieser Link ist 1 Stunde gültig.</p>\n    <p style=\"color: #666; font-size: 14px;\">Wenn Sie diese Anfrage nicht gestellt haben, können Sie diese E-Mail ignorieren.</p>\n    <p style=\"color: #666; font-size: 16px;\">Mit freundlichen Grüßen,<br>{{site_name}} Team</p>\n  </div>','2025-10-09 19:38:58.000','2025-10-09 19:38:58.000'),
('1111aaaa-2222-3333-4444-aaaabbbb0001','1111aaaa-2222-3333-4444-555566667777','tr','Teklif Gönderildi (Müşteri)','Teklifiniz Hazır - Teklif No: {{offer_no}}','<div style=\"font-family:system-ui,-apple-system,BlinkMacSystemFont,\'Segoe UI\',sans-serif;font-size:14px;line-height:1.5;color:#111827;max-width:640px;margin:0 auto;\">\n  <h1 style=\"font-size:20px;margin-bottom:12px;\">Teklifiniz Hazır</h1>\n  <p>Merhaba <strong>{{customer_name}}</strong>,</p>\n  <p>Talebiniz doğrultusunda hazırladığımız teklif bilgilerini aşağıda bulabilirsiniz.</p>\n  <ul style=\"padding-left:18px;margin:12px 0;\">\n    <li><strong>Teklif No:</strong> {{offer_no}}</li>\n    <li><strong>Müşteri:</strong> {{customer_name}} ({{company_name}})</li>\n    <li><strong>E-posta:</strong> {{email}}</li>\n    <li><strong>Telefon:</strong> {{phone}}</li>\n    <li><strong>Para Birimi:</strong> {{currency}}</li>\n    <li><strong>Ara Toplam (Net):</strong> {{net_total}}</li>\n    <li><strong>KDV:</strong> {{vat_total}}</li>\n    <li><strong>Genel Toplam (Brüt):</strong> {{gross_total}}</li>\n    <li><strong>Geçerlilik Tarihi:</strong> {{valid_until}}</li>\n  </ul>\n  <p>Teklif detaylarını PDF olarak görüntülemek için aşağıdaki bağlantıyı kullanabilirsiniz:</p>\n  <p><a href=\"{{pdf_url}}\" style=\"display:inline-block;padding:10px 18px;border-radius:6px;background:#2563eb;color:#ffffff;text-decoration:none;font-weight:600;\">PDF Teklifi Görüntüle</a></p>\n  <p style=\"margin-top:20px;\">Herhangi bir sorunuz olması durumunda bu e-postayı yanıtlayarak veya telefonla bizimle iletişime geçebilirsiniz.</p>\n  <p>Saygılarımızla,<br>Satış Ekibi</p>\n</div>','2025-10-10 10:00:00.000','2025-10-10 10:00:00.000'),
('1111aaaa-2222-3333-4444-aaaabbbb0002','1111aaaa-2222-3333-4444-555566667777','en','Offer Sent (Customer)','Your Quotation is Ready - Offer No: {{offer_no}}','<div style=\"font-family:system-ui,-apple-system,BlinkMacSystemFont,\'Segoe UI\',sans-serif;font-size:14px;line-height:1.5;color:#111827;max-width:640px;margin:0 auto;\">\n  <h1 style=\"font-size:20px;margin-bottom:12px;\">Your Quotation is Ready</h1>\n  <p>Hello <strong>{{customer_name}}</strong>,</p>\n  <p>We have prepared your quotation based on your request. You can find the summary below.</p>\n  <ul style=\"padding-left:18px;margin:12px 0;\">\n    <li><strong>Offer No:</strong> {{offer_no}}</li>\n    <li><strong>Customer:</strong> {{customer_name}} ({{company_name}})</li>\n    <li><strong>Email:</strong> {{email}}</li>\n    <li><strong>Phone:</strong> {{phone}}</li>\n    <li><strong>Currency:</strong> {{currency}}</li>\n    <li><strong>Net Total:</strong> {{net_total}}</li>\n    <li><strong>VAT:</strong> {{vat_total}}</li>\n    <li><strong>Gross Total:</strong> {{gross_total}}</li>\n    <li><strong>Valid Until:</strong> {{valid_until}}</li>\n  </ul>\n  <p>You can view the full quotation as a PDF using the link below:</p>\n  <p><a href=\"{{pdf_url}}\" style=\"display:inline-block;padding:10px 18px;border-radius:6px;background:#2563eb;color:#ffffff;text-decoration:none;font-weight:600;\">View PDF Quotation</a></p>\n  <p style=\"margin-top:20px;\">If you have any questions, simply reply to this email or call us.</p>\n  <p>Best regards,<br>Sales Team</p>\n</div>','2025-10-10 10:00:00.000','2025-10-10 10:00:00.000'),
('1111aaaa-2222-3333-4444-aaaabbbb0003','1111aaaa-2222-3333-4444-555566667777','de','Angebot versendet (Kunde)','Ihr Angebot ist bereit - Angebotsnr.: {{offer_no}}','<div style=\"font-family:system-ui,-apple-system,BlinkMacSystemFont,\'Segoe UI\',sans-serif;font-size:14px;line-height:1.5;color:#111827;max-width:640px;margin:0 auto;\">\n  <h1 style=\"font-size:20px;margin-bottom:12px;\">Ihr Angebot ist bereit</h1>\n  <p>Hallo <strong>{{customer_name}}</strong>,</p>\n  <p>wir haben Ihr Angebot basierend auf Ihrer Anfrage erstellt. Eine Zusammenfassung finden Sie unten.</p>\n  <ul style=\"padding-left:18px;margin:12px 0;\">\n    <li><strong>Angebotsnr.:</strong> {{offer_no}}</li>\n    <li><strong>Kunde:</strong> {{customer_name}} ({{company_name}})</li>\n    <li><strong>E-Mail:</strong> {{email}}</li>\n    <li><strong>Telefon:</strong> {{phone}}</li>\n    <li><strong>Währung:</strong> {{currency}}</li>\n    <li><strong>Netto Zwischensumme:</strong> {{net_total}}</li>\n    <li><strong>MwSt.:</strong> {{vat_total}}</li>\n    <li><strong>Brutto Gesamt:</strong> {{gross_total}}</li>\n    <li><strong>Gültig bis:</strong> {{valid_until}}</li>\n  </ul>\n  <p>Das vollständige Angebot als PDF finden Sie unter folgendem Link:</p>\n  <p><a href=\"{{pdf_url}}\" style=\"display:inline-block;padding:10px 18px;border-radius:6px;background:#2563eb;color:#ffffff;text-decoration:none;font-weight:600;\">PDF-Angebot anzeigen</a></p>\n  <p style=\"margin-top:20px;\">Bei Fragen antworten Sie einfach auf diese E-Mail oder rufen Sie uns an.</p>\n  <p>Mit freundlichen Grüßen,<br/>Sales Team</p>\n</div>','2025-10-10 10:00:00.000','2025-10-10 10:00:00.000'),
('17fae474-c1cf-4600-8466-2f915146cfb9','e7fae474-c1cf-4600-8466-2f915146cfb9','de','Willkommen','Ihr Konto wurde erstellt - {{site_name}}','<h1 style=\"text-align:center;\">Ihr Konto wurde erstellt</h1><p>Hallo <strong>{{user_name}}</strong>,</p><p>Willkommen bei {{site_name}}! Ihr Konto wurde erfolgreich erstellt.</p><p><br></p><p>E-Mail: <strong>{{user_email}}</strong></p><p>Wenn Sie Fragen haben, kontaktieren Sie uns jederzeit.</p><p>Mit freundlichen Grüßen,</p><p>{{site_name}} Team</p>','2025-10-09 19:38:58.000','2025-10-13 15:06:38.000'),
('21112222-3333-4444-5555-666677778888','11112222-3333-4444-5555-666677778888','tr','İletişim Formu (Admin Bildirimi)','Yeni İletişim Mesajı - {{subject}}','<div style=\"font-family:system-ui,-apple-system,BlinkMacSystemFont,\'Segoe UI\',sans-serif;font-size:14px;line-height:1.5;color:#111827;\">\n  <h1 style=\"font-size:18px;margin-bottom:12px;\">Yeni iletişim formu mesajı</h1>\n  <p><strong>Ad Soyad:</strong> {{name}}</p>\n  <p><strong>E-posta:</strong> {{email}}</p>\n  <p><strong>Telefon:</strong> {{phone}}</p>\n  <p><strong>Konu:</strong> {{subject}}</p>\n  <p><strong>IP:</strong> {{ip}}</p>\n  <p><strong>User-Agent:</strong> {{user_agent}}</p>\n  <hr style=\"margin:16px 0;border:none;border-top:1px solid #e5e7eb;\" />\n  <p><strong>Mesaj:</strong></p>\n  <pre style=\"white-space:pre-wrap;word-break:break-word;background:#f9fafb;padding:12px;border-radius:8px;border:1px solid #e5e7eb;\">{{message}}</pre>\n</div>','2025-10-09 19:38:58.000','2025-10-09 19:38:58.000'),
('2222bbbb-2222-3333-4444-aaaabbbb0001','2222bbbb-2222-3333-4444-555566667777','tr','Teklif Gönderildi (Admin)','Yeni Teklif Gönderildi - Teklif No: {{offer_no}}','<div style=\"font-family:system-ui,-apple-system,BlinkMacSystemFont,\'Segoe UI\',sans-serif;font-size:14px;line-height:1.5;color:#111827;max-width:640px;margin:0 auto;\">\n  <h1 style=\"font-size:20px;margin-bottom:12px;\">Yeni Teklif Gönderildi</h1>\n  <p>Bir teklif müşteriye gönderildi. Özet:</p>\n  <ul style=\"padding-left:18px;margin:12px 0;\">\n    <li><strong>Teklif No:</strong> {{offer_no}}</li>\n    <li><strong>Müşteri:</strong> {{customer_name}} ({{company_name}})</li>\n    <li><strong>E-posta:</strong> {{email}}</li>\n    <li><strong>Telefon:</strong> {{phone}}</li>\n    <li><strong>Para Birimi:</strong> {{currency}}</li>\n    <li><strong>Ara Toplam (Net):</strong> {{net_total}}</li>\n    <li><strong>KDV:</strong> {{vat_total}}</li>\n    <li><strong>Genel Toplam (Brüt):</strong> {{gross_total}}</li>\n    <li><strong>Geçerlilik Tarihi:</strong> {{valid_until}}</li>\n  </ul>\n  <p>PDF:</p>\n  <p><a href=\"{{pdf_url}}\" style=\"display:inline-block;padding:10px 18px;border-radius:6px;background:#2563eb;color:#ffffff;text-decoration:none;font-weight:600;\">PDF Teklifi Görüntüle</a></p>\n</div>','2025-10-10 10:00:00.000','2025-10-10 10:00:00.000'),
('2222bbbb-2222-3333-4444-aaaabbbb0002','2222bbbb-2222-3333-4444-555566667777','en','Offer Sent (Admin)','Quotation Sent - Offer No: {{offer_no}}','<div style=\"font-family:system-ui,-apple-system,BlinkMacSystemFont,\'Segoe UI\',sans-serif;font-size:14px;line-height:1.5;color:#111827;max-width:640px;margin:0 auto;\">\n  <h1 style=\"font-size:20px;margin-bottom:12px;\">Quotation Sent</h1>\n  <p>A quotation has been sent to the customer. Summary:</p>\n  <ul style=\"padding-left:18px;margin:12px 0;\">\n    <li><strong>Offer No:</strong> {{offer_no}}</li>\n    <li><strong>Customer:</strong> {{customer_name}} ({{company_name}})</li>\n    <li><strong>Email:</strong> {{email}}</li>\n    <li><strong>Phone:</strong> {{phone}}</li>\n    <li><strong>Currency:</strong> {{currency}}</li>\n    <li><strong>Net Total:</strong> {{net_total}}</li>\n    <li><strong>VAT:</strong> {{vat_total}}</li>\n    <li><strong>Gross Total:</strong> {{gross_total}}</li>\n    <li><strong>Valid Until:</strong> {{valid_until}}</li>\n  </ul>\n  <p>PDF:</p>\n  <p><a href=\"{{pdf_url}}\" style=\"display:inline-block;padding:10px 18px;border-radius:6px;background:#2563eb;color:#ffffff;text-decoration:none;font-weight:600;\">View PDF Quotation</a></p>\n</div>','2025-10-10 10:00:00.000','2025-10-10 10:00:00.000'),
('2222bbbb-2222-3333-4444-aaaabbbb0003','2222bbbb-2222-3333-4444-555566667777','de','Angebot versendet (Admin)','Angebot versendet - Angebotsnr.: {{offer_no}}','<div style=\"font-family:system-ui,-apple-system,BlinkMacSystemFont,\'Segoe UI\',sans-serif;font-size:14px;line-height:1.5;color:#111827;max-width:640px;margin:0 auto;\">\n  <h1 style=\"font-size:20px;margin-bottom:12px;\">Angebot versendet</h1>\n  <p>Ein Angebot wurde an den Kunden versendet. Zusammenfassung:</p>\n  <ul style=\"padding-left:18px;margin:12px 0;\">\n    <li><strong>Angebotsnr.:</strong> {{offer_no}}</li>\n    <li><strong>Kunde:</strong> {{customer_name}} ({{company_name}})</li>\n    <li><strong>E-Mail:</strong> {{email}}</li>\n    <li><strong>Telefon:</strong> {{phone}}</li>\n    <li><strong>Währung:</strong> {{currency}}</li>\n    <li><strong>Netto:</strong> {{net_total}}</li>\n    <li><strong>MwSt.:</strong> {{vat_total}}</li>\n    <li><strong>Brutto:</strong> {{gross_total}}</li>\n    <li><strong>Gültig bis:</strong> {{valid_until}}</li>\n  </ul>\n  <p>PDF:</p>\n  <p><a href=\"{{pdf_url}}\" style=\"display:inline-block;padding:10px 18px;border-radius:6px;background:#2563eb;color:#ffffff;text-decoration:none;font-weight:600;\">PDF-Angebot anzeigen</a></p>\n</div>','2025-10-10 10:00:00.000','2025-10-10 10:00:00.000'),
('31112222-3333-4444-5555-666677778888','11112222-3333-4444-5555-666677778888','en','Contact Admin Notification','New Contact Message - {{subject}}','<div style=\"font-family:system-ui,-apple-system,BlinkMacSystemFont,\'Segoe UI\',sans-serif;font-size:14px;line-height:1.5;color:#111827;\">\n  <h1 style=\"font-size:18px;margin-bottom:12px;\">New contact form message</h1>\n  <p><strong>Name:</strong> {{name}}</p>\n  <p><strong>Email:</strong> {{email}}</p>\n  <p><strong>Phone:</strong> {{phone}}</p>\n  <p><strong>Subject:</strong> {{subject}}</p>\n  <p><strong>IP:</strong> {{ip}}</p>\n  <p><strong>User-Agent:</strong> {{user_agent}}</p>\n  <hr style=\"margin:16px 0;border:none;border-top:1px solid #e5e7eb;\" />\n  <p><strong>Message:</strong></p>\n  <pre style=\"white-space:pre-wrap;word-break:break-word;background:#f9fafb;padding:12px;border-radius:8px;border:1px solid #e5e7eb;\">{{message}}</pre>\n</div>','2025-10-09 19:38:58.000','2025-10-09 19:38:58.000'),
('3333cccc-2222-3333-4444-aaaabbbb0001','3333cccc-2222-3333-4444-555566667777','tr','Teklif Talebi (Admin)','Yeni Teklif Talebi Alındı','<div style=\"font-family:system-ui,-apple-system,BlinkMacSystemFont,\'Segoe UI\',sans-serif;font-size:14px;line-height:1.5;color:#111827;max-width:640px;margin:0 auto;\">\n  <h1 style=\"font-size:20px;margin-bottom:12px;\">Yeni Teklif Talebi</h1>\n  <p>Yeni bir teklif talebi alındı.</p>\n  <ul style=\"padding-left:18px;margin:12px 0;\">\n    <li><strong>Müşteri:</strong> {{customer_name}} ({{company_name}})</li>\n    <li><strong>E-posta:</strong> {{email}}</li>\n    <li><strong>Telefon:</strong> {{phone}}</li>\n    <li><strong>Teklif ID:</strong> {{offer_id}}</li>\n  </ul>\n  <p><strong>Mesaj:</strong></p>\n  <pre style=\"white-space:pre-wrap;word-break:break-word;background:#f9fafb;padding:12px;border-radius:8px;border:1px solid #e5e7eb;\">{{message}}</pre>\n</div>','2025-10-10 10:00:00.000','2025-10-10 10:00:00.000'),
('3333cccc-2222-3333-4444-aaaabbbb0002','3333cccc-2222-3333-4444-555566667777','en','Offer Request (Admin)','New Offer Request Received','<div style=\"font-family:system-ui,-apple-system,BlinkMacSystemFont,\'Segoe UI\',sans-serif;font-size:14px;line-height:1.5;color:#111827;max-width:640px;margin:0 auto;\">\n  <h1 style=\"font-size:20px;margin-bottom:12px;\">New Offer Request</h1>\n  <p>A new offer request has been received.</p>\n  <ul style=\"padding-left:18px;margin:12px 0;\">\n    <li><strong>Customer:</strong> {{customer_name}} ({{company_name}})</li>\n    <li><strong>Email:</strong> {{email}}</li>\n    <li><strong>Phone:</strong> {{phone}}</li>\n    <li><strong>Offer ID:</strong> {{offer_id}}</li>\n  </ul>\n  <p><strong>Message:</strong></p>\n  <pre style=\"white-space:pre-wrap;word-break:break-word;background:#f9fafb;padding:12px;border-radius:8px;border:1px solid #e5e7eb;\">{{message}}</pre>\n</div>','2025-10-10 10:00:00.000','2025-10-10 10:00:00.000'),
('3333cccc-2222-3333-4444-aaaabbbb0003','3333cccc-2222-3333-4444-555566667777','de','Angebotsanfrage (Admin)','Neue Angebotsanfrage eingegangen','<div style=\"font-family:system-ui,-apple-system,BlinkMacSystemFont,\'Segoe UI\',sans-serif;font-size:14px;line-height:1.5;color:#111827;max-width:640px;margin:0 auto;\">\n  <h1 style=\"font-size:20px;margin-bottom:12px;\">Neue Angebotsanfrage</h1>\n  <p>Es ist eine neue Angebotsanfrage eingegangen.</p>\n  <ul style=\"padding-left:18px;margin:12px 0;\">\n    <li><strong>Kunde:</strong> {{customer_name}} ({{company_name}})</li>\n    <li><strong>E-Mail:</strong> {{email}}</li>\n    <li><strong>Telefon:</strong> {{phone}}</li>\n    <li><strong>Anfrage/Offer-ID:</strong> {{offer_id}}</li>\n  </ul>\n  <p><strong>Nachricht:</strong></p>\n  <pre style=\"white-space:pre-wrap;word-break:break-word;background:#f9fafb;padding:12px;border-radius:8px;border:1px solid #e5e7eb;\">{{message}}</pre>\n</div>','2025-10-10 10:00:00.000','2025-10-10 10:00:00.000'),
('41112222-3333-4444-5555-666677778888','11112222-3333-4444-5555-666677778888','de','Kontaktformular Admin-Benachrichtigung','Neue Kontaktanfrage - {{subject}}','<div style=\"font-family:system-ui,-apple-system,BlinkMacSystemFont,\'Segoe UI\',sans-serif;font-size:14px;line-height:1.5;color:#111827;\">\n  <h1 style=\"font-size:18px;margin-bottom:12px;\">Neue Nachricht über das Kontaktformular</h1>\n  <p><strong>Name:</strong> {{name}}</p>\n  <p><strong>E-Mail:</strong> {{email}}</p>\n  <p><strong>Telefon:</strong> {{phone}}</p>\n  <p><strong>Betreff:</strong> {{subject}}</p>\n  <p><strong>IP:</strong> {{ip}}</p>\n  <p><strong>User-Agent:</strong> {{user_agent}}</p>\n  <hr style=\"margin:16px 0;border:none;border-top:1px solid #e5e7eb;\" />\n  <p><strong>Nachricht:</strong></p>\n  <pre style=\"white-space:pre-wrap;word-break:break-word;background:#f9fafb;padding:12px;border-radius:8px;border:1px solid #e5e7eb;\">{{message}}</pre>\n</div>','2025-10-09 19:38:58.000','2025-10-09 19:38:58.000'),
('4444dddd-2222-3333-4444-aaaabbbb0001','4444dddd-2222-3333-4444-555566667777','tr','Katalog Talebi (Admin)','Yeni Katalog Talebi Alındı','<div style=\"font-family:system-ui,-apple-system,BlinkMacSystemFont,\'Segoe UI\',sans-serif;font-size:14px;line-height:1.5;color:#111827;max-width:640px;margin:0 auto;\">\n  <h1 style=\"font-size:20px;margin-bottom:12px;\">Yeni Katalog Talebi</h1>\n  <p>{{site_title}} ({{site_name}}) üzerinden yeni bir katalog talebi alındı.</p>\n  <ul style=\"padding-left:18px;margin:12px 0;\">\n    <li><strong>Müşteri:</strong> {{customer_name}} ({{company_name}})</li>\n    <li><strong>E-posta:</strong> {{email}}</li>\n    <li><strong>Telefon:</strong> {{phone}}</li>\n    <li><strong>Locale:</strong> {{locale}}</li>\n    <li><strong>Ülke Kodu:</strong> {{country_code}}</li>\n    <li><strong>Katalog:</strong> <a href=\"{{catalog_url}}\">{{catalog_url}}</a></li>\n    <li><strong>Katalog Talep ID:</strong> {{catalog_request_id}}</li>\n  </ul>\n  <p><strong>Mesaj:</strong></p>\n  <pre style=\"white-space:pre-wrap;word-break:break-word;background:#f9fafb;padding:12px;border-radius:8px;border:1px solid #e5e7eb;\">{{message}}</pre>\n</div>','2025-12-14 00:00:00.000','2025-12-14 00:00:00.000'),
('4444dddd-2222-3333-4444-aaaabbbb0002','4444dddd-2222-3333-4444-555566667777','en','Catalog Request (Admin)','New Catalog Request Received','<div style=\"font-family:system-ui,-apple-system,BlinkMacSystemFont,\'Segoe UI\',sans-serif;font-size:14px;line-height:1.5;color:#111827;max-width:640px;margin:0 auto;\">\n  <h1 style=\"font-size:20px;margin-bottom:12px;\">New Catalog Request</h1>\n  <p>A new catalog request has been received via {{site_title}} ({{site_name}}).</p>\n  <ul style=\"padding-left:18px;margin:12px 0;\">\n    <li><strong>Customer:</strong> {{customer_name}} ({{company_name}})</li>\n    <li><strong>Email:</strong> {{email}}</li>\n    <li><strong>Phone:</strong> {{phone}}</li>\n    <li><strong>Locale:</strong> {{locale}}</li>\n    <li><strong>Country Code:</strong> {{country_code}}</li>\n    <li><strong>Catalog:</strong> <a href=\"{{catalog_url}}\">{{catalog_url}}</a></li>\n    <li><strong>Catalog Request ID:</strong> {{catalog_request_id}}</li>\n  </ul>\n  <p><strong>Message:</strong></p>\n  <pre style=\"white-space:pre-wrap;word-break:break-word;background:#f9fafb;padding:12px;border-radius:8px;border:1px solid #e5e7eb;\">{{message}}</pre>\n</div>','2025-12-14 00:00:00.000','2025-12-14 00:00:00.000'),
('4444dddd-2222-3333-4444-aaaabbbb0003','4444dddd-2222-3333-4444-555566667777','de','Kataloganfrage (Admin)','Neue Kataloganfrage eingegangen','<div style=\"font-family:system-ui,-apple-system,BlinkMacSystemFont,\'Segoe UI\',sans-serif;font-size:14px;line-height:1.5;color:#111827;max-width:640px;margin:0 auto;\">\n  <h1 style=\"font-size:20px;margin-bottom:12px;\">Neue Kataloganfrage</h1>\n  <p>Über {{site_title}} ({{site_name}}) ist eine neue Kataloganfrage eingegangen.</p>\n  <ul style=\"padding-left:18px;margin:12px 0;\">\n    <li><strong>Kunde:</strong> {{customer_name}} ({{company_name}})</li>\n    <li><strong>E-Mail:</strong> {{email}}</li>\n    <li><strong>Telefon:</strong> {{phone}}</li>\n    <li><strong>Sprache:</strong> {{locale}}</li>\n    <li><strong>Ländercode:</strong> {{country_code}}</li>\n    <li><strong>Katalog:</strong> <a href=\"{{catalog_url}}\">{{catalog_url}}</a></li>\n    <li><strong>Kataloganfrage-ID:</strong> {{catalog_request_id}}</li>\n  </ul>\n  <p><strong>Nachricht:</strong></p>\n  <pre style=\"white-space:pre-wrap;word-break:break-word;background:#f9fafb;padding:12px;border-radius:8px;border:1px solid #e5e7eb;\">{{message}}</pre>\n</div>','2025-12-14 00:00:00.000','2025-12-14 00:00:00.000'),
('5555eeee-2222-3333-4444-aaaabbbb0001','5555eeee-2222-3333-4444-555566667777','tr','Katalog Gönderildi (Müşteri)','Kataloğunuz Hazır - {{site_name}}','<div style=\"font-family:system-ui,-apple-system,BlinkMacSystemFont,\'Segoe UI\',sans-serif;font-size:14px;line-height:1.5;color:#111827;max-width:640px;margin:0 auto;\">\n  <h1 style=\"font-size:20px;margin-bottom:12px;\">Kataloğunuz Hazır</h1>\n  <p>Merhaba <strong>{{customer_name}}</strong>,</p>\n  <p>{{site_title}} ({{site_name}}) için talep ettiğiniz katalog hazır.</p>\n  <ul style=\"padding-left:18px;margin:12px 0;\">\n    <li><strong>Firma:</strong> {{company_name}}</li>\n    <li><strong>E-posta:</strong> {{email}}</li>\n    <li><strong>Telefon:</strong> {{phone}}</li>\n    <li><strong>Dosya:</strong> {{catalog_filename}}</li>\n  </ul>\n  <p>Kataloğu indirmek/görüntülemek için:</p>\n  <p><a href=\"{{catalog_url}}\" style=\"display:inline-block;padding:10px 18px;border-radius:6px;background:#2563eb;color:#ffffff;text-decoration:none;font-weight:600;\">Kataloğu Görüntüle</a></p>\n  <p style=\"margin-top:20px;\">Saygılarımızla,<br>{{site_name}}</p>\n</div>','2025-12-14 00:00:00.000','2025-12-14 00:00:00.000'),
('5555eeee-2222-3333-4444-aaaabbbb0002','5555eeee-2222-3333-4444-555566667777','en','Catalog Sent (Customer)','Your Catalog Is Ready - {{site_name}}','<div style=\"font-family:system-ui,-apple-system,BlinkMacSystemFont,\'Segoe UI\',sans-serif;font-size:14px;line-height:1.5;color:#111827;max-width:640px;margin:0 auto;\">\n  <h1 style=\"font-size:20px;margin-bottom:12px;\">Your Catalog Is Ready</h1>\n  <p>Hello <strong>{{customer_name}}</strong>,</p>\n  <p>The catalog you requested for {{site_title}} ({{site_name}}) is ready.</p>\n  <ul style=\"padding-left:18px;margin:12px 0;\">\n    <li><strong>Company:</strong> {{company_name}}</li>\n    <li><strong>Email:</strong> {{email}}</li>\n    <li><strong>Phone:</strong> {{phone}}</li>\n    <li><strong>File:</strong> {{catalog_filename}}</li>\n  </ul>\n  <p>Use the link below to view/download the catalog:</p>\n  <p><a href=\"{{catalog_url}}\" style=\"display:inline-block;padding:10px 18px;border-radius:6px;background:#2563eb;color:#ffffff;text-decoration:none;font-weight:600;\">View Catalog</a></p>\n  <p style=\"margin-top:20px;\">Best regards,<br>{{site_name}}</p>\n</div>','2025-12-14 00:00:00.000','2025-12-14 00:00:00.000'),
('5555eeee-2222-3333-4444-aaaabbbb0003','5555eeee-2222-3333-4444-555566667777','de','Katalog versendet (Kunde)','Ihr Katalog ist bereit - {{site_name}}','<div style=\"font-family:system-ui,-apple-system,BlinkMacSystemFont,\'Segoe UI\',sans-serif;font-size:14px;line-height:1.5;color:#111827;max-width:640px;margin:0 auto;\">\n  <h1 style=\"font-size:20px;margin-bottom:12px;\">Ihr Katalog ist bereit</h1>\n  <p>Hallo <strong>{{customer_name}}</strong>,</p>\n  <p>Der von Ihnen angeforderte Katalog für {{site_title}} ({{site_name}}) ist bereit.</p>\n  <ul style=\"padding-left:18px;margin:12px 0;\">\n    <li><strong>Firma:</strong> {{company_name}}</li>\n    <li><strong>E-Mail:</strong> {{email}}</li>\n    <li><strong>Telefon:</strong> {{phone}}</li>\n    <li><strong>Datei:</strong> {{catalog_filename}}</li>\n  </ul>\n  <p>Über den folgenden Link können Sie den Katalog anzeigen/herunterladen:</p>\n  <p><a href=\"{{catalog_url}}\" style=\"display:inline-block;padding:10px 18px;border-radius:6px;background:#2563eb;color:#ffffff;text-decoration:none;font-weight:600;\">Katalog anzeigen</a></p>\n  <p style=\"margin-top:20px;\">Mit freundlichen Grüßen,<br>{{site_name}}</p>\n</div>','2025-12-14 00:00:00.000','2025-12-14 00:00:00.000'),
('7290e3d9-d5b8-4423-aab2-1cbc85bee59b','4290e3d9-d5b8-4423-aab2-1cbc85bee59b','tr','Ticket Yanıtlandı','Destek Talebiniz Yanıtlandı - {{site_name}}','<h1 class=\"ql-align-center\">Destek Talebiniz Yanıtlandı</h1><p>Merhaba <strong>{{user_name}}</strong>,</p><p>Destek talebiniz yanıtlandı.</p><p><br></p><p>Detayları görüntülemek için kullanıcı paneline giriş yapabilirsiniz.</p><p>Saygılarımızla,</p><p>{{site_name}} Ekibi</p>','2025-10-09 19:38:58.000','2025-10-13 20:28:47.000'),
('8290e3d9-d5b8-4423-aab2-1cbc85bee59b','4290e3d9-d5b8-4423-aab2-1cbc85bee59b','en','Ticket Replied','Your Support Ticket Has Been Answered - {{site_name}}','<h1 class=\"ql-align-center\">Your Support Ticket Has Been Answered</h1><p>Hello <strong>{{user_name}}</strong>,</p><p>Your support ticket has been answered.</p><p><br></p><p>You can log in to your account to view the full details.</p><p>Best regards,</p><p>{{site_name}} Team</p>','2025-10-09 19:38:58.000','2025-10-13 20:28:47.000'),
('9290e3d9-d5b8-4423-aab2-1cbc85bee59b','4290e3d9-d5b8-4423-aab2-1cbc85bee59b','de','Ticket beantwortet','Ihre Support-Anfrage wurde beantwortet - {{site_name}}','<h1 style=\"text-align:center;\">Ihre Support-Anfrage wurde beantwortet</h1><p>Hallo <strong>{{user_name}}</strong>,</p><p>Ihre Support-Anfrage wurde beantwortet.</p><p><br></p><p>Bitte melden Sie sich in Ihrem Konto an, um die vollständigen Details zu sehen.</p><p>Mit freundlichen Grüßen,</p><p>{{site_name}} Team</p>','2025-10-09 19:38:58.000','2025-10-13 20:28:47.000'),
('99990000-bbbb-cccc-dddd-eeeeffff0000','99990000-aaaa-bbbb-cccc-ddddeeee0000','tr','İletişim Otomatik Yanıt','Mesajınızı Aldık - {{subject}}','<div style=\"font-family:system-ui,-apple-system,BlinkMacSystemFont,\'Segoe UI\',sans-serif;font-size:14px;line-height:1.5;color:#111827;\">\n  <h1 style=\"font-size:18px;margin-bottom:12px;\">Mesajınızı Aldık</h1>\n  <p>Merhaba <strong>{{name}}</strong>,</p>\n  <p>İletişim formu üzerinden göndermiş olduğunuz mesaj bize ulaştı.</p>\n  <p>En kısa süre içinde size dönüş yapacağız.</p>\n  <p>İyi günler dileriz.</p>\n</div>','2025-10-09 19:38:58.000','2025-10-09 19:38:58.000'),
('99990000-cccc-dddd-eeee-ffff11110000','99990000-aaaa-bbbb-cccc-ddddeeee0000','en','Contact User Autoreply','We\'ve Received Your Message - {{subject}}','<div style=\"font-family:system-ui,-apple-system,BlinkMacSystemFont,\'Segoe UI\',sans-serif;font-size:14px;line-height:1.5;color:#111827;\">\n  <h1 style=\"font-size:18px;margin-bottom:12px;\">We\'ve received your message</h1>\n  <p>Hello <strong>{{name}}</strong>,</p>\n  <p>Your message sent via our contact form has reached us.</p>\n  <p>We will get back to you as soon as possible.</p>\n  <p>Have a nice day.</p>\n</div>','2025-10-09 19:38:58.000','2025-10-09 19:38:58.000'),
('99990000-dddd-eeee-ffff-222233330000','99990000-aaaa-bbbb-cccc-ddddeeee0000','de','Kontakt Auto-Antwort','Wir haben Ihre Nachricht erhalten - {{subject}}','<div style=\"font-family:system-ui,-apple-system,BlinkMacSystemFont,\'Segoe UI\',sans-serif;font-size:14px;line-height:1.5;color:#111827;\">\n  <h1 style=\"font-size:18px;margin-bottom:12px;\">Wir haben Ihre Nachricht erhalten</h1>\n  <p>Hallo <strong>{{name}}</strong>,</p>\n  <p>Ihre Nachricht über unser Kontaktformular ist bei uns eingegangen.</p>\n  <p>Wir melden uns so schnell wie möglich bei Ihnen.</p>\n  <p>Freundliche Grüße</p>\n</div>','2025-10-09 19:38:58.000','2025-10-09 19:38:58.000'),
('d0bb0c00-1a2b-4c5d-9e8f-554433221100','c0bb0c00-1a2b-4c5d-9e8f-001122334455','tr','Şifre Güncellendi','Şifreniz Güncellendi - {{site_name}}','<div style=\"font-family: Arial, sans-serif; max-width: 600px; margin: 0 auto; padding: 20px;\">\n    <h1 style=\"font-size:20px; text-align:center;\">Şifreniz Güncellendi</h1>\n    <p>Merhaba <strong>{{user_name}}</strong>,</p>\n    <p>Hesap şifreniz başarıyla değiştirildi.</p>\n    <p>Eğer bu işlemi siz yapmadıysanız lütfen en kısa sürede bizimle iletişime geçin.</p>\n    <p>Saygılarımızla,</p>\n    <p>{{site_name}} Ekibi</p>\n</div>','2025-10-09 19:38:58.000','2025-10-09 19:38:58.000'),
('e0bb0c00-1a2b-4c5d-9e8f-554433221100','c0bb0c00-1a2b-4c5d-9e8f-001122334455','en','Password Changed','Your Password Has Been Updated - {{site_name}}','<div style=\"font-family: Arial, sans-serif; max-width: 600px; margin: 0 auto; padding: 20px;\">\n    <h1 style=\"font-size:20px; text-align:center;\">Your Password Has Been Updated</h1>\n    <p>Hello <strong>{{user_name}}</strong>,</p>\n    <p>Your account password has been successfully changed.</p>\n    <p>If you did not perform this action, please contact us as soon as possible.</p>\n    <p>Best regards,</p>\n    <p>{{site_name}} Team</p>\n</div>','2025-10-09 19:38:58.000','2025-10-09 19:38:58.000'),
('ea91f94a-bfe1-46b7-83fc-b4152e27c65e','da91f94a-bfe1-46b7-83fc-b4152e27c65e','en','Password Reset','Password Reset Request - {{site_name}}','<div style=\"font-family: Arial, sans-serif; max-width: 600px; margin: 0 auto; padding: 20px;\">\n    <h1 style=\"color: #333; text-align: center;\">Password Reset</h1>\n    <p style=\"color: #666; font-size: 16px;\">Hello,</p>\n    <p style=\"color: #666; font-size: 16px;\">We received a password reset request for your account.</p>\n    <div style=\"background: #f5f5f5; padding: 15px; border-radius: 5px; margin: 20px 0; text-align: center;\">\n      <a href=\"{{reset_link}}\" style=\"display: inline-block; background: #3b82f6; color: white; padding: 12px 30px; text-decoration: none; border-radius: 5px; font-weight: bold;\">Reset My Password</a>\n    </div>\n    <p style=\"color: #666; font-size: 14px;\">This link is valid for 1 hour.</p>\n    <p style=\"color: #666; font-size: 14px;\">If you did not request this, you can safely ignore this email.</p>\n    <p style=\"color: #666; font-size: 16px;\">Best regards,<br>{{site_name}} Team</p>\n  </div>','2025-10-09 19:38:58.000','2025-10-09 19:38:58.000'),
('f0bb0c00-1a2b-4c5d-9e8f-554433221100','c0bb0c00-1a2b-4c5d-9e8f-001122334455','de','Passwort geändert','Ihr Passwort wurde aktualisiert - {{site_name}}','<div style=\"font-family: Arial, sans-serif; max-width: 600px; margin: 0 auto; padding: 20px;\">\n    <h1 style=\"font-size:20px; text-align:center;\">Ihr Passwort wurde aktualisiert</h1>\n    <p>Hallo <strong>{{user_name}}</strong>,</p>\n    <p>Ihr Kontopasswort wurde erfolgreich geändert.</p>\n    <p>Wenn Sie diese Aktion nicht durchgeführt haben, kontaktieren Sie uns bitte so schnell wie möglich.</p>\n    <p>Mit freundlichen Grüßen,</p>\n    <p>{{site_name}} Team</p>\n</div>','2025-10-09 19:38:58.000','2025-10-09 19:38:58.000'),
('f7fae474-c1cf-4600-8466-2f915146cfb9','e7fae474-c1cf-4600-8466-2f915146cfb9','tr','Hoş Geldiniz','Hesabınız Oluşturuldu - {{site_name}}','<h1 class=\"ql-align-center\">Hesabınız Oluşturuldu</h1><p>Merhaba <strong>{{user_name}}</strong>,</p><p>{{site_name}} ailesine hoş geldiniz! Hesabınız başarıyla oluşturuldu.</p><p><br></p><p>E-posta: <strong>{{user_email}}</strong></p><p>Herhangi bir sorunuz olursa bizimle iletişime geçmekten çekinmeyin.</p><p>Saygılarımızla,</p><p>{{site_name}} Ekibi</p>','2025-10-09 19:38:58.000','2025-10-13 15:06:38.000'),
('fa91f94a-bfe1-46b7-83fc-b4152e27c65e','da91f94a-bfe1-46b7-83fc-b4152e27c65e','tr','Şifre Sıfırlama','Şifre Sıfırlama Talebi - {{site_name}}','<div style=\"font-family: Arial, sans-serif; max-width: 600px; margin: 0 auto; padding: 20px;\">\n    <h1 style=\"color: #333; text-align: center;\">Şifre Sıfırlama</h1>\n    <p style=\"color: #666; font-size: 16px;\">Merhaba,</p>\n    <p style=\"color: #666; font-size: 16px;\">Hesabınız için şifre sıfırlama talebi aldık.</p>\n    <div style=\"background: #f5f5f5; padding: 15px; border-radius: 5px; margin: 20px 0; text-align: center;\">\n      <a href=\"{{reset_link}}\" style=\"display: inline-block; background: #3b82f6; color: white; padding: 12px 30px; text-decoration: none; border-radius: 5px; font-weight: bold;\">Şifremi Sıfırla</a>\n    </div>\n    <p style=\"color: #666; font-size: 14px;\">Bu linkin geçerlilik süresi 1 saattir.</p>\n    <p style=\"color: #666; font-size: 14px;\">Bu talebi siz yapmadıysanız, bu e-postayı görmezden gelebilirsiniz.</p>\n    <p style=\"color: #666; font-size: 16px;\">Saygılarımızla,<br>{{site_name}} Ekibi</p>\n  </div>','2025-10-09 19:38:58.000','2025-10-09 19:38:58.000');
/*!40000 ALTER TABLE `email_templates_i18n` ENABLE KEYS */;
UNLOCK TABLES;

--
-- Table structure for table `faqs`
--

DROP TABLE IF EXISTS `faqs`;
/*!40101 SET @saved_cs_client     = @@character_set_client */;
/*!40101 SET character_set_client = utf8mb4 */;
CREATE TABLE `faqs` (
  `id` char(36) NOT NULL,
  `is_active` tinyint(1) NOT NULL DEFAULT 1,
  `display_order` int(11) NOT NULL DEFAULT 0,
  `category_id` char(36) DEFAULT NULL,
  `sub_category_id` char(36) DEFAULT NULL,
  `created_at` datetime(3) NOT NULL DEFAULT current_timestamp(3),
  `updated_at` datetime(3) NOT NULL DEFAULT current_timestamp(3) ON UPDATE current_timestamp(3),
  PRIMARY KEY (`id`),
  KEY `faqs_active_idx` (`is_active`),
  KEY `faqs_order_idx` (`display_order`),
  KEY `faqs_created_idx` (`created_at`),
  KEY `faqs_updated_idx` (`updated_at`),
  KEY `faqs_category_idx` (`category_id`),
  KEY `faqs_sub_category_idx` (`sub_category_id`)
) ENGINE=InnoDB DEFAULT CHARSET=utf8mb4 COLLATE=utf8mb4_unicode_ci;
/*!40101 SET character_set_client = @saved_cs_client */;

--
-- Dumping data for table `faqs`
--

LOCK TABLES `faqs` WRITE;
/*!40000 ALTER TABLE `faqs` DISABLE KEYS */;
INSERT INTO `faqs` VALUES
('11111111-1111-1111-1111-111111111111',1,1,NULL,NULL,'2024-01-01 00:00:00.000','2024-01-01 00:00:00.000'),
('22222222-2222-2222-2222-222222222222',1,2,NULL,NULL,'2024-01-01 00:00:00.000','2024-01-01 00:00:00.000'),
('33333333-3333-3333-3333-333333333333',1,3,NULL,NULL,'2024-01-01 00:00:00.000','2024-01-01 00:00:00.000'),
('44444444-4444-4444-4444-444444444444',1,4,NULL,NULL,'2024-01-01 00:00:00.000','2024-01-01 00:00:00.000'),
('55555555-5555-5555-5555-555555555555',1,5,NULL,NULL,'2024-01-01 00:00:00.000','2024-01-01 00:00:00.000'),
('66666666-6666-6666-6666-666666666666',1,6,NULL,NULL,'2024-01-01 00:00:00.000','2024-01-01 00:00:00.000'),
('77777777-7777-7777-7777-777777777777',1,7,NULL,NULL,'2024-01-01 00:00:00.000','2024-01-01 00:00:00.000'),
('88888888-8888-8888-8888-888888888888',1,8,NULL,NULL,'2024-01-01 00:00:00.000','2024-01-01 00:00:00.000');
/*!40000 ALTER TABLE `faqs` ENABLE KEYS */;
UNLOCK TABLES;

--
-- Table structure for table `faqs_i18n`
--

DROP TABLE IF EXISTS `faqs_i18n`;
/*!40101 SET @saved_cs_client     = @@character_set_client */;
/*!40101 SET character_set_client = utf8mb4 */;
CREATE TABLE `faqs_i18n` (
  `id` char(36) NOT NULL,
  `faq_id` char(36) NOT NULL,
  `locale` varchar(10) NOT NULL,
  `question` varchar(500) NOT NULL,
  `answer` longtext NOT NULL,
  `slug` varchar(255) NOT NULL,
  `created_at` datetime(3) NOT NULL DEFAULT current_timestamp(3),
  `updated_at` datetime(3) NOT NULL DEFAULT current_timestamp(3) ON UPDATE current_timestamp(3),
  PRIMARY KEY (`id`),
  UNIQUE KEY `ux_faqs_i18n_parent_locale` (`faq_id`,`locale`),
  UNIQUE KEY `ux_faqs_i18n_locale_slug` (`locale`,`slug`),
  KEY `faqs_i18n_locale_idx` (`locale`),
  KEY `faqs_i18n_slug_idx` (`slug`),
  CONSTRAINT `fk_faqs_i18n_faq` FOREIGN KEY (`faq_id`) REFERENCES `faqs` (`id`) ON DELETE CASCADE ON UPDATE CASCADE
) ENGINE=InnoDB DEFAULT CHARSET=utf8mb4 COLLATE=utf8mb4_unicode_ci;
/*!40101 SET character_set_client = @saved_cs_client */;

--
-- Dumping data for table `faqs_i18n`
--

LOCK TABLES `faqs_i18n` WRITE;
/*!40000 ALTER TABLE `faqs_i18n` DISABLE KEYS */;
INSERT INTO `faqs_i18n` VALUES
('fa01de00-0000-0000-0000-000000000003','11111111-1111-1111-1111-111111111111','de','Was ist ein Kühlturm?','Ein Kühlturm ist eine technisch entwickelte Anlage, die heißes Wasser aus Industrieanlagen durch Verdampfen eines Teils abkühlt und das gekühlte Wasser wieder in das System zurückführt.','was-ist-ein-kuehlturm','2024-01-01 00:00:00.000','2024-01-01 00:00:00.000'),
('fa01en00-0000-0000-0000-000000000002','11111111-1111-1111-1111-111111111111','en','What is a cooling tower?','A cooling tower is an engineered equipment that cools hot water from industrial systems by evaporating part of it and discharging the cooled remainder back into the system.','what-is-a-cooling-tower','2024-01-01 00:00:00.000','2024-01-01 00:00:00.000'),
('fa01tr00-0000-0000-0000-000000000001','11111111-1111-1111-1111-111111111111','tr','Soğutma kulesi nedir?','Bir mühendislik ürünü olan soğutma kulesi, binadan veya sistemden gelen sıcak suyu buharlaştırma ve atmosferle temas ederek soğutarak tekrar sisteme gönderir.','sogutma-kulesi-nedir','2024-01-01 00:00:00.000','2024-01-01 00:00:00.000'),
('fa02de00-0000-0000-0000-000000000006','22222222-2222-2222-2222-222222222222','de','Was ist ein Chillersystem und wo wird es eingesetzt?','Ein Chillersystem ist eine Anlage, die Wasser für Klimaanlagen, Produktionsanlagen oder Prozesskühlung in Industrieanlagen oder Geschäftsgebäuden kühlt. Es wird häufig in Krankenhäusern, Einkaufszentren, Hotels und Fabriken eingesetzt.','was-ist-ein-chillersystem-und-wo-wird-es-eingesetzt','2024-01-01 00:00:00.000','2024-01-01 00:00:00.000'),
('fa02en00-0000-0000-0000-000000000005','22222222-2222-2222-2222-222222222222','en','What is a chiller system and where is it used?','A chiller is a system that cools water for air conditioning, production equipment, or process cooling in industrial plants or commercial buildings. It is commonly used in hospitals, shopping malls, hotels, and factories.','what-is-a-chiller-system-and-where-is-it-used','2024-01-01 00:00:00.000','2024-01-01 00:00:00.000'),
('fa02tr00-0000-0000-0000-000000000004','22222222-2222-2222-2222-222222222222','tr','Chiller sistemi nedir ve nerelerde kullanılır?','Chiller, endüstriyel tesislerde veya ticari binalarda kullanılan, suyu soğutarak klima, üretim ekipmanları veya prosesler için soğutma sağlayan bir sistemdir. Genellikle hastaneler, alışveriş merkezleri, oteller ve fabrikalarda kullanılır.','chiller-sistemi-nedir-ve-nerelerde-kullanilir','2024-01-01 00:00:00.000','2024-01-01 00:00:00.000'),
('fa03de00-0000-0000-0000-000000000009','33333333-3333-3333-3333-333333333333','de','Was ist ein offener Kühlturm bei Ensotek?','Ein offener Kühlturm bei Ensotek ist ein System, bei dem heißes Prozesswasser über Füllmaterial nach unten fließt und mit Umgebungsluft in Kontakt kommt, wodurch ein Teil verdunstet. Das restliche Wasser kühlt ab und wird recycelt. Diese effiziente Technologie bietet hohe Kühlleistung und dank der Verwendung von FRP-Materialien eine hervorragende Korrosionsbeständigkeit.','was-ist-ein-offener-kuehlturm-bei-ensotek','2024-01-01 00:00:00.000','2024-01-01 00:00:00.000'),
('fa03en00-0000-0000-0000-000000000008','33333333-3333-3333-3333-333333333333','en','What is an open circuit cooling tower at Ensotek?','At Ensotek, an open circuit cooling tower is a system where hot process water flows down over fill materials and contacts ambient air, causing some evaporation. The remaining water cools and is recirculated. This efficient technology delivers high cooling performance and, due to Ensotek’s use of FRP materials, offers excellent corrosion resistance.','what-is-an-open-circuit-cooling-tower-at-ensotek','2024-01-01 00:00:00.000','2024-01-01 00:00:00.000'),
('fa03tr00-0000-0000-0000-000000000007','33333333-3333-3333-3333-333333333333','tr','Ensotek’te açık tip bir soğutma kulesi (Open Circuit Cooling Tower) nedir?','Ensotek’te açık tip soğutma kulesi, sıcak proses suyunun dolgu malzemeleri üzerinde aşağıya aktığı ve dışarıdan alınan havayla temas ederek bir kısmının buharlaştığı bir sistemdir. Buharlaşma sayesinde kalan su soğur ve sistemde tekrar kullanılır. Bu teknoloji, yüksek verimle çalışır ve Ensotek’in FRP malzeme kullanımı sayesinde korozyona karşı dayanıklıdır.','ensotekte-acik-tip-sogutma-kulesi-nedir','2024-01-01 00:00:00.000','2024-01-01 00:00:00.000'),
('fa04de00-0000-0000-0000-000000000012','44444444-4444-4444-4444-444444444444','de','Was sind die Vorteile der CTP-Kühltürme von Ensotek?','Die CTP-Kühltürme von Ensotek bestehen aus glasfaserverstärktem Polyester, benötigen keine Lackierung, sind korrosionsbeständig und bieten eine lange Lebensdauer.','was-sind-die-vorteile-der-ctp-kuehltuerme-von-ensotek','2024-01-01 00:00:00.000','2024-01-01 00:00:00.000'),
('fa04en00-0000-0000-0000-000000000011','44444444-4444-4444-4444-444444444444','en','What are the advantages of Ensotek’s CTP cooling towers?','Ensotek’s CTP cooling towers are made from fiberglass reinforced polyester, which means they do not require painting, are corrosion-resistant, and offer long service life.','what-are-the-advantages-of-ensoteks-ctp-cooling-towers','2024-01-01 00:00:00.000','2024-01-01 00:00:00.000'),
('fa04tr00-0000-0000-0000-000000000010','44444444-4444-4444-4444-444444444444','tr','Ensotek’in CTP su soğutma kulelerinin avantajları nelerdir?','Ensotek’in CTP soğutma kuleleri fiberglas destekli polimer malzemeden üretildiği için boyama gerektirmez, korozyona karşı dayanıklıdır ve uzun ömürlüdür.','ensotek-ctp-sogutma-kulelerinin-avantajlari-nelerdir','2024-01-01 00:00:00.000','2024-01-01 00:00:00.000'),
('fa05de00-0000-0000-0000-000000000015','55555555-5555-5555-5555-555555555555','de','Was ist ein geschlossener Kühlkreislauf und wann wird er eingesetzt?','Bei Kühltürmen mit geschlossenem Kreislauf zirkuliert das Prozesswasser in Rohren und kommt nicht mit der Außenluft in Kontakt. Nur das äußere Wasser kühlt die Rohrleitungen. Dadurch ist das Systemwasser vor Verschmutzung und Verlust geschützt. Diese Türme werden bevorzugt, wenn hohe Hygieneanforderungen, Wiederverwendung des Wassers oder Frostgefahr bestehen.','was-ist-ein-geschlossener-kuehlkreislauf-und-wann-wird-er-eingesetzt','2024-01-01 00:00:00.000','2024-01-01 00:00:00.000'),
('fa05en00-0000-0000-0000-000000000014','55555555-5555-5555-5555-555555555555','en','What is a closed-circuit cooling tower and when should it be used?','In closed-circuit cooling towers, the process water circulates inside pipes without contact with outside air, and only the external water cools the pipe surfaces. This protects the process water from contamination and losses. They are preferred in applications where hygiene is important, water needs to be reused, or there is a risk of freezing.','what-is-a-closed-circuit-cooling-tower-and-when-should-it-be-used','2024-01-01 00:00:00.000','2024-01-01 00:00:00.000'),
('fa05tr00-0000-0000-0000-000000000013','55555555-5555-5555-5555-555555555555','tr','Kapalı devre su soğutma kulesi nedir ve hangi durumlarda tercih edilir?','Kapalı devre soğutma kulelerinde prosese ait su dış ortamla temas etmeden, borular içinde dolaşır ve dışarıdan gelen su yalnızca boru yüzeyini soğutur. Böylece sistem suyu dış etkenlere, kirlenmeye ve kayba karşı korunmuş olur. Yüksek hijyen gerektiren, suyun tekrar kullanılması istenen veya don riski olan uygulamalarda tercih edilir.','kapali-devre-sogutma-kulesi-nedir-ve-ne-zaman-tercih-edilir','2024-01-01 00:00:00.000','2024-01-01 00:00:00.000'),
('fa06de00-0000-0000-0000-000000000018','66666666-6666-6666-6666-666666666666','de','Was ist ein Verdunstungskondensator und welche Vorteile bietet er?','Verdunstungskondensatoren nutzen die Verdunstung von Wasser, um das Kältemittelgas zu kondensieren. In diesen Systemen sorgen sowohl Luft als auch Wasser für maximalen Wärmetransfer. Im Vergleich zu herkömmlichen luft- oder wassergekühlten Kondensatoren bieten sie eine höhere Effizienz bei geringerem Wasser- und Energieverbrauch. Die kompakte Bauweise spart zudem Platz.','was-ist-ein-verdunstungskondensator-und-welche-vorteile-bietet-er','2024-01-01 00:00:00.000','2024-01-01 00:00:00.000'),
('fa06en00-0000-0000-0000-000000000017','66666666-6666-6666-6666-666666666666','en','What is an evaporative condenser and what are its advantages?','Evaporative condensers use the effect of water evaporation to condense the refrigerant gas. Both air and water maximize heat transfer in these systems. Compared to traditional air- or water-cooled condensers, they provide higher efficiency with less water and energy consumption. Their compact design also saves space.','what-is-an-evaporative-condenser-and-what-are-its-advantages','2024-01-01 00:00:00.000','2024-01-01 00:00:00.000'),
('fa06tr00-0000-0000-0000-000000000016','66666666-6666-6666-6666-666666666666','tr','Buharlaşmalı kondenser nedir ve avantajları nelerdir?','Buharlaşmalı kondenserler, soğutma gazının yoğuşmasını sağlamak için suyun buharlaşma etkisini kullanır. Bu sistemlerde hem hava hem de su, ısı transferini maksimize eder. Geleneksel hava soğutmalı veya su soğutmalı kondenserlere göre daha yüksek verim, daha az su ve enerji tüketimi sağlar. Kompakt yapısı sayesinde yer tasarrufu da sunar.','buharlas-mali-kondenser-nedir-ve-avantajlari-nelerdir','2024-01-01 00:00:00.000','2024-01-01 00:00:00.000'),
('fa07de00-0000-0000-0000-000000000021','77777777-7777-7777-7777-777777777777','de','Warum ist die regelmäßige Wartung von Kühlsystemen wichtig?','Regelmäßige Wartung sorgt dafür, dass Kühlsysteme effizient, sicher und langlebig arbeiten. Andernfalls steigt der Energieverbrauch, Störungen treten häufiger auf und die Lebensdauer des Systems verkürzt sich.','warum-ist-die-regelmaessige-wartung-von-kuehlsystemen-wichtig','2024-01-01 00:00:00.000','2024-01-01 00:00:00.000'),
('fa07en00-0000-0000-0000-000000000020','77777777-7777-7777-7777-777777777777','en','Why is periodic maintenance important in cooling systems?','Regular maintenance ensures cooling systems operate efficiently, safely, and with a long lifespan. Otherwise, energy consumption increases, failures occur more frequently, and system life is reduced.','why-is-periodic-maintenance-important-in-cooling-systems','2024-01-01 00:00:00.000','2024-01-01 00:00:00.000'),
('fa07tr00-0000-0000-0000-000000000019','77777777-7777-7777-7777-777777777777','tr','Soğutma sistemlerinde periyodik bakım neden önemlidir?','Düzenli bakım, soğutma sistemlerinin verimli, güvenli ve uzun ömürlü çalışmasını sağlar. Aksi halde enerji tüketimi artar, arızalar sıklaşır ve sistem ömrü kısalır.','sogutma-sistemlerinde-periyodik-bakim-neden-onemlidir','2024-01-01 00:00:00.000','2024-01-01 00:00:00.000'),
('fa08de00-0000-0000-0000-000000000024','88888888-8888-8888-8888-888888888888','de','Wie kann die Energieeffizienz in Kühlsystemen erhöht werden?','Um die Energieeffizienz zu verbessern, sollten moderne Technologien, automatische Steuerungssysteme und regelmäßige Wartung verwendet werden. Auch die richtige Kapazitätsauswahl und Isolierung sparen Energie.','wie-kann-die-energieeffizienz-in-kuehlsystemen-erhoeht-werden','2024-01-01 00:00:00.000','2024-01-01 00:00:00.000'),
('fa08en00-0000-0000-0000-000000000023','88888888-8888-8888-8888-888888888888','en','How can energy efficiency be improved in cooling systems?','To improve energy efficiency, use equipment with modern technology, automatic control systems, and ensure regular maintenance. Choosing the right capacity and proper insulation also save energy.','how-can-energy-efficiency-be-improved-in-cooling-systems','2024-01-01 00:00:00.000','2024-01-01 00:00:00.000'),
('fa08tr00-0000-0000-0000-000000000022','88888888-8888-8888-8888-888888888888','tr','Soğutma sistemlerinde enerji verimliliği nasıl artırılır?','Enerji verimliliği için modern teknolojilere sahip ekipmanlar, otomatik kontrol sistemleri ve düzenli bakım önemlidir. Ayrıca doğru kapasite seçimi ve izolasyon da enerji tasarrufu sağlar.','sogutma-sistemlerinde-enerji-verimliligi-nasil-artirilir','2024-01-01 00:00:00.000','2024-01-01 00:00:00.000');
/*!40000 ALTER TABLE `faqs_i18n` ENABLE KEYS */;
UNLOCK TABLES;

--
-- Table structure for table `footer_sections`
--

DROP TABLE IF EXISTS `footer_sections`;
/*!40101 SET @saved_cs_client     = @@character_set_client */;
/*!40101 SET character_set_client = utf8mb4 */;
CREATE TABLE `footer_sections` (
  `id` char(36) NOT NULL,
  `is_active` tinyint(1) NOT NULL DEFAULT 1,
  `display_order` int(11) NOT NULL DEFAULT 0,
  `created_at` datetime(3) NOT NULL DEFAULT current_timestamp(3),
  `updated_at` datetime(3) NOT NULL DEFAULT current_timestamp(3) ON UPDATE current_timestamp(3),
  PRIMARY KEY (`id`),
  KEY `footer_sections_active_idx` (`is_active`),
  KEY `footer_sections_order_idx` (`display_order`),
  KEY `footer_sections_created_idx` (`created_at`),
  KEY `footer_sections_updated_idx` (`updated_at`)
) ENGINE=InnoDB DEFAULT CHARSET=utf8mb4 COLLATE=utf8mb4_unicode_ci;
/*!40101 SET character_set_client = @saved_cs_client */;

--
-- Dumping data for table `footer_sections`
--

LOCK TABLES `footer_sections` WRITE;
/*!40000 ALTER TABLE `footer_sections` DISABLE KEYS */;
INSERT INTO `footer_sections` VALUES
('59583ef1-0ba1-4c7c-b806-84fd204b52b9',1,0,'2024-01-01 00:00:00.000','2024-01-01 00:00:00.000'),
('a0e2b2a9-7f0d-4f30-9a64-3ed7bd1d3c10',1,1,'2024-01-01 00:00:00.000','2024-01-01 00:00:00.000'),
('b3b7e7b2-7d75-4c5f-9b9d-8f0d3c1a0d77',1,3,'2024-01-01 00:00:00.000','2024-01-01 00:00:00.000'),
('f942a930-6743-4ecc-b4b3-1fd6b77f9d77',1,2,'2024-01-01 00:00:00.000','2024-01-01 00:00:00.000');
/*!40000 ALTER TABLE `footer_sections` ENABLE KEYS */;
UNLOCK TABLES;

--
-- Table structure for table `footer_sections_i18n`
--

DROP TABLE IF EXISTS `footer_sections_i18n`;
/*!40101 SET @saved_cs_client     = @@character_set_client */;
/*!40101 SET character_set_client = utf8mb4 */;
CREATE TABLE `footer_sections_i18n` (
  `id` char(36) NOT NULL,
  `section_id` char(36) NOT NULL,
  `locale` varchar(10) NOT NULL,
  `title` varchar(150) NOT NULL,
  `slug` varchar(255) NOT NULL,
  `description` longtext DEFAULT NULL,
  `created_at` datetime(3) NOT NULL DEFAULT current_timestamp(3),
  `updated_at` datetime(3) NOT NULL DEFAULT current_timestamp(3) ON UPDATE current_timestamp(3),
  PRIMARY KEY (`id`),
  UNIQUE KEY `ux_footer_sections_i18n_section_locale` (`section_id`,`locale`),
  UNIQUE KEY `ux_footer_sections_i18n_locale_slug` (`locale`,`slug`),
  KEY `footer_sections_i18n_locale_idx` (`locale`),
  KEY `footer_sections_i18n_title_idx` (`title`),
  CONSTRAINT `fk_footer_sections_i18n_section` FOREIGN KEY (`section_id`) REFERENCES `footer_sections` (`id`) ON DELETE CASCADE ON UPDATE CASCADE
) ENGINE=InnoDB DEFAULT CHARSET=utf8mb4 COLLATE=utf8mb4_unicode_ci;
/*!40101 SET character_set_client = @saved_cs_client */;

--
-- Dumping data for table `footer_sections_i18n`
--

LOCK TABLES `footer_sections_i18n` WRITE;
/*!40000 ALTER TABLE `footer_sections_i18n` DISABLE KEYS */;
INSERT INTO `footer_sections_i18n` VALUES
('09583ef1-0ba1-4c7c-b806-84fd204b52b9','59583ef1-0ba1-4c7c-b806-84fd204b52b9','en','Quick Access','quick-access','Quick links to corporate pages and frequently used resources.','2024-01-01 00:00:00.000','2024-01-01 00:00:00.000'),
('1a6a2c0b-0fd1-4e3b-98c8-6d2c7c1d7a21','b3b7e7b2-7d75-4c5f-9b9d-8f0d3c1a0d77','en','Social','social','Our social media channels.','2024-01-01 00:00:00.000','2024-01-01 00:00:00.000'),
('2cdd0c4b-6c31-4a5b-9d92-9b1a9d2fe0a1','59583ef1-0ba1-4c7c-b806-84fd204b52b9','de','Schnellzugriff','schnellzugriff','Schnelllinks zu Unternehmensseiten und häufig genutzten Ressourcen.','2024-01-01 00:00:00.000','2024-01-01 00:00:00.000'),
('69583ef1-0ba1-4c7c-b806-84fd204b52b9','59583ef1-0ba1-4c7c-b806-84fd204b52b9','tr','Hızlı Erişim','hizli-erisim','Kurumsal sayfalara ve sık kullanılan bağlantılara hızlı erişim.','2024-01-01 00:00:00.000','2024-01-01 00:00:00.000'),
('7d2f1b3a-4d7a-4f8f-9b11-2a0c6d7a1f33','b3b7e7b2-7d75-4c5f-9b9d-8f0d3c1a0d77','de','Social Media','social-media','Unsere Social-Media-Kanäle.','2024-01-01 00:00:00.000','2024-01-01 00:00:00.000'),
('9c6b19d1-7f3a-4c0b-8fb6-5d0d1e0c7a11','b3b7e7b2-7d75-4c5f-9b9d-8f0d3c1a0d77','tr','Sosyal','sosyal','Sosyal medya hesaplarımız.','2024-01-01 00:00:00.000','2024-01-01 00:00:00.000'),
('9e68f2b1-36f7-4c7a-9c79-3b8a51f9d7d1','f942a930-6743-4ecc-b4b3-1fd6b77f9d77','de','Rechtliches','rechtliches','Rechtliche Seiten und Compliance-Informationen.','2024-01-01 00:00:00.000','2024-01-01 00:00:00.000'),
('b7d2d4c0-0e2b-4d7c-8a6f-6b1d6c2f1a21','a0e2b2a9-7f0d-4f30-9a64-3ed7bd1d3c10','tr','Hizmetler','hizmetler','Bakım, retrofit, mühendislik ve proje hizmetlerimiz.','2024-01-01 00:00:00.000','2024-01-01 00:00:00.000'),
('c1a9c1a2-6c6b-4a88-9c5a-0c4cf0a2f7b1','a0e2b2a9-7f0d-4f30-9a64-3ed7bd1d3c10','en','Services','services','Maintenance, retrofit, engineering and project services.','2024-01-01 00:00:00.000','2024-01-01 00:00:00.000'),
('d7b2fb1e-2ef5-4a73-9f31-6f1a0f4d9a10','a0e2b2a9-7f0d-4f30-9a64-3ed7bd1d3c10','de','Leistungen','leistungen','Wartung, Retrofit, Engineering und Projektleistungen.','2024-01-01 00:00:00.000','2024-01-01 00:00:00.000'),
('e942a930-6743-4ecc-b4b3-1fd6b77f9d77','f942a930-6743-4ecc-b4b3-1fd6b77f9d77','en','Legal','legal','Legal pages and compliance information.','2024-01-01 00:00:00.000','2024-01-01 00:00:00.000'),
('f942a930-6743-4ecc-b4b3-1fd6b77f9d78','f942a930-6743-4ecc-b4b3-1fd6b77f9d77','tr','Kurumsal','kurumsal','Şirket ve yasal bilgilere ait bağlantılar.','2024-01-01 00:00:00.000','2024-01-01 00:00:00.000');
/*!40000 ALTER TABLE `footer_sections_i18n` ENABLE KEYS */;
UNLOCK TABLES;

--
-- Table structure for table `library`
--

DROP TABLE IF EXISTS `library`;
/*!40101 SET @saved_cs_client     = @@character_set_client */;
/*!40101 SET character_set_client = utf8mb4 */;
CREATE TABLE `library` (
  `id` char(36) NOT NULL,
  `type` varchar(32) NOT NULL DEFAULT 'other',
  `category_id` char(36) DEFAULT NULL,
  `sub_category_id` char(36) DEFAULT NULL,
  `featured` tinyint(1) NOT NULL DEFAULT 0,
  `is_published` tinyint(1) NOT NULL DEFAULT 0,
  `is_active` tinyint(1) NOT NULL DEFAULT 1,
  `display_order` int(11) NOT NULL DEFAULT 0,
  `featured_image` varchar(500) DEFAULT NULL,
  `image_url` varchar(500) DEFAULT NULL,
  `image_asset_id` char(36) DEFAULT NULL,
  `views` int(11) NOT NULL DEFAULT 0,
  `download_count` int(11) NOT NULL DEFAULT 0,
  `published_at` datetime(3) DEFAULT NULL,
  `created_at` datetime(3) NOT NULL DEFAULT current_timestamp(3),
  `updated_at` datetime(3) NOT NULL DEFAULT current_timestamp(3) ON UPDATE current_timestamp(3),
  PRIMARY KEY (`id`),
  KEY `library_active_idx` (`is_active`),
  KEY `library_published_idx` (`is_published`),
  KEY `library_order_idx` (`display_order`),
  KEY `library_type_idx` (`type`),
  KEY `library_featured_idx` (`featured`),
  KEY `library_category_id_idx` (`category_id`),
  KEY `library_sub_category_id_idx` (`sub_category_id`),
  KEY `library_asset_idx` (`image_asset_id`),
  KEY `library_created_idx` (`created_at`),
  KEY `library_updated_idx` (`updated_at`),
  KEY `library_published_at_idx` (`published_at`),
  KEY `library_views_idx` (`views`),
  KEY `library_download_idx` (`download_count`),
  CONSTRAINT `fk_library_category` FOREIGN KEY (`category_id`) REFERENCES `categories` (`id`) ON DELETE SET NULL ON UPDATE CASCADE,
  CONSTRAINT `fk_library_featured_asset` FOREIGN KEY (`image_asset_id`) REFERENCES `storage_assets` (`id`) ON DELETE SET NULL ON UPDATE CASCADE,
  CONSTRAINT `fk_library_sub_category` FOREIGN KEY (`sub_category_id`) REFERENCES `sub_categories` (`id`) ON DELETE SET NULL ON UPDATE CASCADE
) ENGINE=InnoDB DEFAULT CHARSET=utf8mb4 COLLATE=utf8mb4_unicode_ci;
/*!40101 SET character_set_client = @saved_cs_client */;

--
-- Dumping data for table `library`
--

LOCK TABLES `library` WRITE;
/*!40000 ALTER TABLE `library` DISABLE KEYS */;
INSERT INTO `library` VALUES
('11111111-1111-1111-1111-111111111111','other','aaaa6001-1111-4111-8111-aaaaaaaa6001','bbbb6001-1111-4111-8111-bbbbbbbb6001',0,1,1,40,NULL,NULL,NULL,0,0,'2026-01-02 03:32:23.729','2026-01-02 03:32:23.729','2026-01-02 03:32:23.729'),
('22222222-2222-2222-2222-222222222222','other','aaaa6001-1111-4111-8111-aaaaaaaa6001','bbbb6001-1111-4111-8111-bbbbbbbb6001',0,1,1,50,'https://res.cloudinary.com/dbozv7wqd/image/upload/v1752786288/uploads/metahub/about-images/closed-circuit-water-cooling-towers1-1752786287184-840184158.webp','https://res.cloudinary.com/dbozv7wqd/image/upload/v1752786288/uploads/metahub/about-images/closed-circuit-water-cooling-towers1-1752786287184-840184158.webp',NULL,0,0,'2026-01-02 03:32:23.750','2026-01-02 03:32:23.750','2026-01-02 03:32:23.750'),
('33333333-3333-3333-3333-333333333333','other',NULL,NULL,0,1,1,60,NULL,NULL,NULL,0,0,'2026-01-02 03:32:23.781','2026-01-02 03:32:23.781','2026-01-02 03:32:23.781'),
('44444444-4444-4444-4444-444444444444','other',NULL,NULL,0,1,1,70,NULL,NULL,NULL,0,0,'2026-01-02 03:32:23.796','2026-01-02 03:32:23.796','2026-01-02 03:32:23.796'),
('55555555-5555-5555-5555-555555555555','other',NULL,NULL,0,1,1,80,NULL,NULL,NULL,0,0,'2026-01-02 03:32:23.813','2026-01-02 03:32:23.813','2026-01-02 03:32:23.813'),
('77777777-7777-7777-7777-777777777777','pdf',NULL,NULL,0,1,1,90,NULL,NULL,NULL,0,0,'2026-01-02 03:32:23.865','2026-01-02 03:32:23.865','2026-01-02 07:51:28.218'),
('88888888-8888-8888-8888-888888888888','other',NULL,NULL,0,1,1,110,NULL,NULL,NULL,0,0,'2026-01-02 03:32:23.842','2026-01-02 03:32:23.842','2026-01-02 03:32:23.842');
/*!40000 ALTER TABLE `library` ENABLE KEYS */;
UNLOCK TABLES;

--
-- Table structure for table `library_files`
--

DROP TABLE IF EXISTS `library_files`;
/*!40101 SET @saved_cs_client     = @@character_set_client */;
/*!40101 SET character_set_client = utf8mb4 */;
CREATE TABLE `library_files` (
  `id` char(36) NOT NULL,
  `library_id` char(36) NOT NULL,
  `asset_id` char(36) DEFAULT NULL,
  `file_url` varchar(500) DEFAULT NULL,
  `name` varchar(255) NOT NULL,
  `size_bytes` int(11) DEFAULT NULL,
  `mime_type` varchar(255) DEFAULT NULL,
  `tags_json` text DEFAULT NULL,
  `display_order` int(11) NOT NULL DEFAULT 0,
  `is_active` tinyint(1) NOT NULL DEFAULT 1,
  `created_at` datetime(3) NOT NULL DEFAULT current_timestamp(3),
  `updated_at` datetime(3) NOT NULL DEFAULT current_timestamp(3) ON UPDATE current_timestamp(3),
  PRIMARY KEY (`id`),
  KEY `library_files_library_idx` (`library_id`),
  KEY `library_files_asset_idx` (`asset_id`),
  KEY `library_files_order_idx` (`display_order`),
  KEY `library_files_active_idx` (`is_active`),
  CONSTRAINT `fk_library_files_asset` FOREIGN KEY (`asset_id`) REFERENCES `storage_assets` (`id`) ON DELETE SET NULL ON UPDATE CASCADE,
  CONSTRAINT `fk_library_files_library` FOREIGN KEY (`library_id`) REFERENCES `library` (`id`) ON DELETE CASCADE ON UPDATE CASCADE
) ENGINE=InnoDB DEFAULT CHARSET=utf8mb4 COLLATE=utf8mb4_unicode_ci;
/*!40101 SET character_set_client = @saved_cs_client */;

--
-- Dumping data for table `library_files`
--

LOCK TABLES `library_files` WRITE;
/*!40000 ALTER TABLE `library_files` DISABLE KEYS */;
INSERT INTO `library_files` VALUES
('b016b0a4-a18e-4774-88b9-38307f705ee9','77777777-7777-7777-7777-777777777777','919ca702-8adb-4c88-bd42-21ba4e0110aa','/uploads/catalog/ensotek-katalog.pdf','ensotek-katalog.pdf',4113891,'application/pdf',NULL,0,1,'2026-01-02 07:51:22.259','2026-01-02 07:51:22.259');
/*!40000 ALTER TABLE `library_files` ENABLE KEYS */;
UNLOCK TABLES;

--
-- Table structure for table `library_files_i18n`
--

DROP TABLE IF EXISTS `library_files_i18n`;
/*!40101 SET @saved_cs_client     = @@character_set_client */;
/*!40101 SET character_set_client = utf8mb4 */;
CREATE TABLE `library_files_i18n` (
  `id` char(36) NOT NULL,
  `file_id` char(36) NOT NULL,
  `locale` varchar(10) NOT NULL,
  `title` varchar(255) DEFAULT NULL,
  `description` varchar(512) DEFAULT NULL,
  `created_at` datetime(3) NOT NULL DEFAULT current_timestamp(3),
  `updated_at` datetime(3) NOT NULL DEFAULT current_timestamp(3) ON UPDATE current_timestamp(3),
  PRIMARY KEY (`id`),
  UNIQUE KEY `uq_library_files_i18n_file_locale` (`file_id`,`locale`),
  KEY `idx_library_files_i18n_locale` (`locale`),
  CONSTRAINT `fk_library_files_i18n_file` FOREIGN KEY (`file_id`) REFERENCES `library_files` (`id`) ON DELETE CASCADE ON UPDATE CASCADE
) ENGINE=InnoDB DEFAULT CHARSET=utf8mb4 COLLATE=utf8mb4_unicode_ci;
/*!40101 SET character_set_client = @saved_cs_client */;

--
-- Dumping data for table `library_files_i18n`
--

LOCK TABLES `library_files_i18n` WRITE;
/*!40000 ALTER TABLE `library_files_i18n` DISABLE KEYS */;
/*!40000 ALTER TABLE `library_files_i18n` ENABLE KEYS */;
UNLOCK TABLES;

--
-- Table structure for table `library_i18n`
--

DROP TABLE IF EXISTS `library_i18n`;
/*!40101 SET @saved_cs_client     = @@character_set_client */;
/*!40101 SET character_set_client = utf8mb4 */;
CREATE TABLE `library_i18n` (
  `id` char(36) NOT NULL,
  `library_id` char(36) NOT NULL,
  `locale` varchar(10) NOT NULL,
  `slug` varchar(255) NOT NULL,
  `name` varchar(255) NOT NULL,
  `description` text DEFAULT NULL,
  `image_alt` varchar(255) DEFAULT NULL,
  `tags` varchar(255) DEFAULT NULL,
  `meta_title` varchar(255) DEFAULT NULL,
  `meta_description` varchar(500) DEFAULT NULL,
  `meta_keywords` varchar(255) DEFAULT NULL,
  `created_at` datetime(3) NOT NULL DEFAULT current_timestamp(3),
  `updated_at` datetime(3) NOT NULL DEFAULT current_timestamp(3) ON UPDATE current_timestamp(3),
  PRIMARY KEY (`id`),
  UNIQUE KEY `ux_library_i18n_unique` (`library_id`,`locale`),
  UNIQUE KEY `ux_library_locale_slug` (`locale`,`slug`),
  KEY `library_i18n_slug_idx` (`slug`),
  KEY `library_i18n_name_idx` (`name`),
  KEY `library_i18n_created_idx` (`created_at`),
  KEY `library_i18n_updated_idx` (`updated_at`),
  CONSTRAINT `fk_library_i18n_parent` FOREIGN KEY (`library_id`) REFERENCES `library` (`id`) ON DELETE CASCADE ON UPDATE CASCADE
) ENGINE=InnoDB DEFAULT CHARSET=utf8mb4 COLLATE=utf8mb4_unicode_ci;
/*!40101 SET character_set_client = @saved_cs_client */;

--
-- Dumping data for table `library_i18n`
--

LOCK TABLES `library_i18n` WRITE;
/*!40000 ALTER TABLE `library_i18n` DISABLE KEYS */;
INSERT INTO `library_i18n` VALUES
('11111111-1111-4111-8111-111111111111','11111111-1111-1111-1111-111111111111','tr','su-sogutma-kulesi-nedir-cesitleri-nelerdir-nasil-calisir','Su Soğutma Kulesi Temelleri: Tipler, Çalışma Prensibi, Kayıplar ve Tasarım Parametreleri','<h2>Su Soğutma Kulesi Nedir?</h2><p>Su soğutma kulesi; proses veya HVAC sisteminden ısınarak dönen suyun ısısını atmosfere atan bir <strong>ısı uzaklaştırma</strong> ekipmanıdır. Temel mekanizma, su ile havanın temas etmesi ve suyun küçük bir kısmının buharlaşarak ısıyı taşımasıdır. Soğuyan su, soğuk su havuzunda toplanır ve tekrar sisteme pompalanır.</p><h2>Temel Çalışma Prensibi</h2><ol><li><strong>Dağıtım:</strong> Sıcak su, dağıtım boruları/nozullar ile dolgu üzerine homojen yayılır.</li><li><strong>Temas Yüzeyi:</strong> Dolgu üzerinde film/damlacık oluşur; yüzey alanını artırır.</li><li><strong>Hava Akışı:</strong> Fan (veya doğal çekiş) ile hava kule içine alınır.</li><li><strong>Isı Transferi:</strong> Duyulur ısı transferi + <em>kısmi buharlaşma</em> suyu soğutur.</li><li><strong>Toplama:</strong> Soğuyan su havuzda toplanır ve prosese geri gönderilir.</li></ol><h2>Sınıflandırma: Karşı Akış / Çapraz Akış</h2><p><strong>Karşı akışlı</strong> kulelerde su aşağı inerken hava yukarı çıkar; genelde yüksek performans sağlar. <strong>Çapraz akışlı</strong> kulelerde hava suya göre yatay/çapraz yönde ilerler.</p><h2>Açık Devre / Kapalı Devre</h2><p><strong>Açık devre</strong> kulelerde proses suyu hava ile doğrudan temas eder. <strong>Kapalı devre</strong> kulelerde proses suyu serpantin içinde dolaşır; dıştaki püskürtme suyu ve hava ile ısı atılır.</p><h2>Kritik Parametreler</h2><ul><li><strong>Range:</strong> giriş (sıcak) ve çıkış (soğuk) su sıcaklık farkı.</li><li><strong>Approach:</strong> çıkış suyu ile <em>yaş termometre</em> sıcaklığı farkı.</li><li><strong>Wet-bulb:</strong> evaporatif kulelerde erişilebilir minimuma yakın sınır.</li></ul><h2>Su Kayıpları</h2><ul><li><strong>Buharlaşma:</strong> ısı atımının doğal sonucu.</li><li><strong>Sürüklenme (Drift):</strong> egzoz havası ile taşınan damlacıklar; drift eliminator ile azaltılır.</li><li><strong>Blöf (Blowdown):</strong> TDS birikimini sınırlamak için kontrollü tahliye.</li></ul><h2>İşletme ve Bakım</h2><ul><li>Su şartlandırma (korozyon/kireç/biyolojik kontrol) süreklilik için kritiktir.</li><li>Nozul/dolgu/drift eliminator/fan-motor grubu periyodik kontrol edilmelidir.</li></ul>','Su soğutma kulesi teknik içerik görseli','su sogutma kulesi, acik devre, kapali devre, karsi akis, capraz akis, buharlasma, drift, blof, wet bulb, approach','Su soğutma kulesi temelleri','Su soğutma kulelerinin çalışma prensibi, sınıflandırması ve tasarım/işletme parametreleri.','su sogutma kulesi, acik devre, kapali devre, karsi akis, capraz akis, buharlasma, drift, blof, wet bulb','2026-01-02 03:32:23.730','2026-01-02 03:32:23.730'),
('11111111-1111-4111-8111-222222222222','11111111-1111-1111-1111-111111111111','en','what-is-a-cooling-tower-types-and-how-it-works','Cooling Tower Basics: Types, Working Principle, Losses, and Design Parameters','<h2>What Is a Cooling Tower?</h2><p>A cooling tower is a <strong>heat rejection</strong> device that removes heat from warm process or HVAC water and releases it to the atmosphere. A small portion of water evaporates and carries away heat. The cooled water is collected in a basin and returned to the system.</p><h2>How It Works</h2><ol><li><strong>Distribution:</strong> warm water is distributed over fill media.</li><li><strong>Surface area:</strong> film/droplet formation increases heat transfer area.</li><li><strong>Airflow:</strong> fan (or natural draft) moves air through wetted surfaces.</li><li><strong>Heat transfer:</strong> sensible + <em>partial evaporation</em> cools the water.</li><li><strong>Collection:</strong> cooled water returns to the loop.</li></ol><h2>Counterflow vs Crossflow</h2><p><strong>Counterflow</strong>: air moves upward while water moves downward. <strong>Crossflow</strong>: air moves horizontally/diagonally relative to falling water.</p><h2>Open vs Closed Circuit</h2><p><strong>Open circuit</strong> towers directly expose process water to air. <strong>Closed circuit</strong> towers keep process fluid inside a coil while spray water + air reject heat.</p><h2>Key Design Metrics</h2><ul><li><strong>Range:</strong> hot-water inlet minus cold-water outlet.</li><li><strong>Approach:</strong> cold-water outlet minus <em>wet-bulb</em> temperature.</li><li><strong>Wet-bulb:</strong> practical performance limit for evaporative cooling.</li></ul><h2>Water Losses</h2><ul><li><strong>Evaporation:</strong> inherent heat removal mechanism.</li><li><strong>Drift:</strong> droplets carried out with exhaust air; reduced by drift eliminators.</li><li><strong>Blowdown:</strong> controlled purge to manage dissolved solids (TDS).</li></ul><h2>Operation and Maintenance</h2><ul><li>Water treatment (scale/corrosion/biological control) is essential.</li><li>Periodic inspections: nozzles, fill, drift eliminators, fan/motor group, basin hygiene.</li></ul>','Cooling tower technical article image','cooling tower, counterflow, crossflow, drift, blowdown','Cooling tower basics','Cooling tower working principle, classifications, key design parameters, and operating losses.','cooling tower, open circuit, closed circuit, counterflow, crossflow, evaporation, drift, blowdown, wet bulb, approach','2026-01-02 03:32:23.731','2026-01-02 03:32:23.731'),
('11111111-1111-4111-8111-333333333333','11111111-1111-1111-1111-111111111111','de','was-ist-ein-kuehlturm-arten-und-funktionsweise','Kühlturm-Grundlagen: Bauarten, Funktionsprinzip, Verluste und Auslegungsparameter','<h2>Was ist ein Kühlturm?</h2><p>Ein Kühlturm ist eine Anlage zur <strong>Wärmeabfuhr</strong>, die erwärmtes Prozess- oder HVAC-Wasser abkühlt und Wärme an die Atmosphäre abgibt. Ein kleiner Teil des Wassers verdunstet und trägt Wärme ab. Das abgekühlte Wasser wird im Becken gesammelt und in den Kreislauf zurückgepumpt.</p><h2>Funktionsprinzip</h2><ol><li><strong>Verteilung:</strong> Warmwasser wird gleichmäßig über den Füllkörper verteilt.</li><li><strong>Oberfläche:</strong> Film/Tropfen erhöhen die Austauschfläche.</li><li><strong>Luftstrom:</strong> Ventilator (oder Naturzug) führt Luft durch benetzte Bereiche.</li><li><strong>Wärmeübertragung:</strong> fühlbare Wärme + <em>Teilverdunstung</em> kühlen das Wasser.</li><li><strong>Sammlung:</strong> Kaltwasser wird gesammelt und zurückgeführt.</li></ol><h2>Gegenstrom vs Kreuzstrom</h2><p><strong>Gegenstrom</strong>: Luft nach oben, Wasser nach unten. <strong>Kreuzstrom</strong>: Luft horizontal/diagonal relativ zum Wasser.</p><h2>Offener vs Geschlossener Kreislauf</h2><p><strong>Offener Kreislauf</strong> mit Direktkontakt von Prozesswasser und Luft. <strong>Geschlossener Kreislauf</strong>: Prozessmedium im Wärmetauscher/Coil, Wärmeabfuhr über Sprühwasser + Luft.</p><h2>Wichtige Kenngrößen</h2><ul><li><strong>Range:</strong> Differenz Heißwasser-Eintritt minus Kaltwasser-Austritt.</li><li><strong>Approach:</strong> Kaltwasser-Austritt minus <em>Feuchtkugeltemperatur</em>.</li><li><strong>Feuchtkugel:</strong> praktische Untergrenze bei Verdunstungskühlung.</li></ul><h2>Wasserverluste</h2><ul><li><strong>Verdunstung:</strong> grundlegender Mechanismus der Wärmeabfuhr.</li><li><strong>Drift:</strong> Tropfenmitriss in der Abluft; Tropfenabscheider reduzieren dies.</li><li><strong>Abschlämmung (Blowdown):</strong> kontrollierte Spülung zur TDS-Begrenzung.</li></ul><h2>Betrieb und Wartung</h2><ul><li>Wasseraufbereitung ist für nachhaltige Leistung wesentlich.</li><li>Regelmäßige Kontrollen: Düsen, Füllkörper, Tropfenabscheider, Ventilator/Motor, Beckenhygiene.</li></ul>','Technischer Beitrag über Kühlturm-Grundlagen','kuehlturm, gegenstrom, kreuzstrom, drift, blowdown','Kühlturm-Grundlagen','Kühlturm-Funktionsprinzip, Einteilung, Auslegungsgrößen und Verluste im Betrieb.','kuehlturm, offener kreislauf, geschlossener kreislauf, gegenstrom, kreuzstrom, verdunstung, drift, blowdown, feuchtkugel, approach','2026-01-02 03:32:23.732','2026-01-02 03:32:23.732'),
('22222222-2222-4222-8222-111111111111','22222222-2222-2222-2222-222222222222','tr','ensotek-sogutma-kulelerinin-ozellikleri','Ensotek Soğutma Kulelerimizin Özellikleri','<h2>Ensotek Soğutma Kulelerimizin Özellikleri</h2><h3>Gövde ve Malzeme Yapısı</h3><ol><li><strong>CTP gövde yapısı:</strong> Ensotek soğutma kuleleri camelyaf takviyeli polyester (CTP) malzemeden imal edilir. Boyama ihtiyacı duymaz; uzun yıllar korozyona uğramadan görünümünü ve mekanik dayanımını korur.</li><li><strong>Kimyasallara ve korozyona dayanıklılık:</strong> CTP yapı kimyasallara ve korozyona karşı yüksek direnç sağlar; metal kulelerde görülen paslanma ve yüzey bozulmaları bu yapıda minimize edilir.</li><li><strong>Alev ilerletmeyen reçine seçeneği:</strong> Otel, hastane, AVM, rezidans gibi hassas tesislerde alev ilerletmeyen reçine ile yangın güvenliği artırılabilir.</li></ol><h3>Dolgu Seçenekleri</h3><p>Proses suyunun temizliği ve işletme koşullarına göre aşağıdaki dolgu tipleri tercih edilebilir:</p><ol><li><strong>PVC petek dolgu (film fill):</strong> Temiz su uygulamalarında yüksek ıslak yüzey alanı sayesinde yüksek performans sağlar.</li><li><strong>PP bigudi dolgu (splash fill):</strong> Kirli/yağlı/tufallı su ve tozlu ortamlarda tıkanma riski düşüktür; temizlenebilir ve tekrar kullanılabilir. PP, yüksek sıcaklıklı proseslerde (~100&nbsp;°C) tercih edilebilir.</li><li><strong>PP grid dolgu:</strong> Çok kirli su koşullarında sıçratma tipi yapı ile bakım kolaylığı ve tıkanma dayanımı sağlar.</li></ol><h3>Dayanıklılık ve İşletme Ekonomisi</h3><ul><li><strong>Uzun ömür:</strong> Kompozit yapı, korozyon kaynaklı degradasyonu azaltır.</li><li><strong>Düşük bakım maliyeti:</strong> Doğru dolgu seçimi ve korozyonun minimize edilmesi ile periyodik bakım ihtiyacı azalır.</li></ul><h3>Fan Konfigürasyonu ve Enerji Verimliliği</h3><ul><li><strong>Üstten fanlı, karşı akışlı, cebri çekişli tasarım:</strong> Nemli hava daha hızlı uzaklaşır; resirkülasyon riski azaltılabilir.</li><li><strong>Enerji avantajı:</strong> Uygun tasarım ve işletme şartlarında cebri çekişli tasarım, cebri itişli yapılara göre enerji tüketiminde avantaj sağlayabilir.</li></ul><h3>Performans ve İşletme Avantajları</h3><ul><li><strong>Yüksek soğutma performansı:</strong> Yaş termometre değerine yaklaşım iyileşebilir; proses kararlılığı artar.</li><li><strong>Toplam sahip olma maliyeti:</strong> Yaşam döngüsü maliyeti, enerji ve bakım avantajları ile optimize edilebilir.</li><li><strong>Yedek parça erişimi:</strong> Fan, dolgu, nozullar ve yardımcı ekipmanlarda yedek parça temini hızlıdır.</li></ul>','Ensotek soğutma kulesi özellikleri teknik içerik görseli','ensotek, ctp, grp, pvc film fill, pp splash fill, enerji verimliligi','Ensotek soğutma kulelerinin özellikleri','Ensotek soğutma kulelerinin CTP/GFK malzeme yapısı, dolgu seçenekleri, enerji verimliliği ve işletme avantajları.','ensotek sogutma kulesi, ctp, gfk, pvc petek dolgu, pp bigudi dolgu, grid dolgu, induced draft, enerji verimliligi','2026-01-02 03:32:23.751','2026-01-02 03:32:23.751'),
('22222222-2222-4222-8222-222222222222','22222222-2222-2222-2222-222222222222','en','features-of-ensotek-cooling-towers','Features of Ensotek Cooling Towers','<h2>Features of Ensotek Cooling Towers</h2><h3>Body and Material Structure</h3><ul><li><strong>GRP body:</strong> Ensotek cooling towers are made of fiberglass reinforced polyester (GRP), so painting is not required. The structure remains corrosion-resistant over long service life.</li><li><strong>Chemical/corrosion resistance:</strong> GRP offers strong resistance to chemicals and corrosion compared to conventional metal constructions.</li><li><strong>Flame-retardant resin option:</strong> For sensitive facilities (hotels, hospitals, malls, residences), a flame-retardant resin can be selected to improve fire safety.</li></ul><h3>Fill Options</h3><p>Depending on water quality and operating conditions, the following fill types may be used:</p><ol><li><strong>PVC film fill:</strong> for clean circulating water; high wetted surface area supports strong thermal performance.</li><li><strong>PP splash fill (bigudi type):</strong> preferred for dirty/oily water and dusty environments; lower clogging risk, often washable and reusable; PP can withstand high temperatures (around 100°C).</li><li><strong>PP grid splash fill:</strong> for very dirty water where maintainability and clogging resistance are critical.</li></ol><h3>Durability and Operating Economy</h3><ul><li><strong>Long service life:</strong> composite construction reduces corrosion-related deterioration.</li><li><strong>Lower maintenance cost:</strong> GRP body and correct fill selection help reduce routine maintenance.</li></ul><h3>Fan Configuration and Energy Efficiency</h3><ul><li><strong>Top-mounted induced-draft, counterflow design:</strong> airflow management can reduce recirculation of moist discharge air.</li><li><strong>Energy advantage:</strong> under suitable conditions, induced-draft designs can be more energy-efficient than forced-draft layouts.</li></ul><h3>Performance and Operational Advantages</h3><ul><li><strong>High cooling performance:</strong> improved approach to wet-bulb can support stable processes and energy savings.</li><li><strong>Total cost of ownership:</strong> lifecycle economics may be optimized through reduced maintenance and energy consumption.</li><li><strong>Spare parts availability:</strong> fans, fills, nozzles and auxiliaries can be supplied to support uptime.</li></ul>','Technical image for cooling tower materials and fill options','ensotek, grp, fill options, pvc film fill, pp splash fill, energy saving','Features of Ensotek cooling towers','GRP construction, fill options, fan configuration, and operational benefits of Ensotek cooling towers.','ensotek cooling tower, grp, fiberglass, pvc film fill, pp splash fill, grid fill, induced draft, energy efficiency','2026-01-02 03:32:23.753','2026-01-02 03:32:23.753'),
('22222222-2222-4222-8222-333333333333','22222222-2222-2222-2222-222222222222','de','merkmale-der-ensotek-kuehltuerme','Merkmale der Ensotek Kühltürme','<h2>Merkmale der Ensotek Kühltürme</h2><h3>Gehäuse- und Materialaufbau</h3><ul><li><strong>CTP/GFK-Gehäuse:</strong> Ensotek Kühltürme werden aus glasfaserverstärktem Polyester gefertigt und benötigen keine Lackierung. Das Gehäuse bleibt langfristig korrosionsarm.</li><li><strong>Beständigkeit:</strong> Hohe Beständigkeit gegen Chemikalien und Korrosion im Vergleich zu Metallkonstruktionen.</li><li><strong>Flammhemmende Harz-Option:</strong> Für sensible Anlagen kann ein flammhemmendes Harz gewählt werden, um den Brandschutz zu erhöhen.</li></ul><h3>Füllkörper-Optionen</h3><p>Je nach Wasserqualität und Betriebsbedingungen können folgende Füllkörper eingesetzt werden:</p><ol><li><strong>PVC-Filmfüllung:</strong> für sauberes Umlaufwasser; hohe Leistung durch große benetzte Oberfläche.</li><li><strong>PP-Spritzfüllung (Bigudi-Typ):</strong> für verschmutztes/öliges Wasser und staubige Umgebungen; geringere Verstopfungsneigung, oft reinigbar und wiederverwendbar; temperaturbeständig (ca. 100°C).</li><li><strong>PP-Gitter/Spritzfüllung:</strong> für sehr schmutzige Wässer in anspruchsvollen Anwendungen.</li></ol><h3>Haltbarkeit und Betriebskosten</h3><ul><li><strong>Lange Lebensdauer:</strong> Composite-Bauweise reduziert korrosionsbedingte Schäden.</li><li><strong>Geringere Wartungskosten:</strong> Geeignete Füllkörperwahl und GFK/CTP-Gehäuse reduzieren Wartungsaufwand.</li></ul><h3>Ventilator-Konfiguration und Energieeffizienz</h3><ul><li><strong>Induzierter Zug, Gegenstrom, Ventilator oben:</strong> Luft wird angesaugt; Rezirkulationsrisiken können reduziert werden.</li><li><strong>Energie-Vorteile:</strong> Unter passenden Bedingungen können induzierte Designs energieeffizient sein.</li></ul><h3>Leistung und betriebliche Vorteile</h3><ul><li><strong>Hohe Kühlleistung:</strong> Verbesserte Annäherung an die Feuchtkugeltemperatur kann Prozessstabilität unterstützen.</li><li><strong>Lebenszykluskosten:</strong> Wirtschaftlichkeit kann über reduzierte Wartungs- und Energiekosten erreicht werden.</li><li><strong>Ersatzteile:</strong> Ventilator, Füllkörper, Düsen und Zubehör sind verfügbar und unterstützen Verfügbarkeit.</li></ul>','Technisches Bild zu Materialien und Füllkörpern','ensotek, kuehlturm, gfk, fuellkoerper, pvc filmfuellung, energie','Merkmale der Ensotek Kühltürme','CTP/GFK-Bauweise, Füllkörper-Optionen, Ventilator-Konfiguration und betriebliche Vorteile der Ensotek Kühltürme.','ensotek kuehlturm, gfk, glasfaser, pvc filmfuellung, pp spritzfuellung, gitterfuellung, induced draft, energieeffizienz','2026-01-02 03:32:23.754','2026-01-02 03:32:23.754'),
('33333333-3333-4333-8333-111111111111','33333333-3333-3333-3333-333333333333','tr','acik-tip-su-sogutma-kulesi-calisma-prensibi','Açık Tip Su Soğutma Kulesi Çalışma Prensibi','<h2>Açık Tip Su Soğutma Kulesi Çalışma Prensibi</h2><h3>Açık Tip (Açık Devre) Kule Nedir?</h3><p>Açık tip su soğutma kulelerinde proses suyu, kule içerisinde hava ile <strong>doğrudan temas</strong> eder. Isı uzaklaştırmanın büyük bölümü buharlaşma ile sağlanır. Bu nedenle verim yüksektir; ancak su kalitesi, kireçlenme ve kirlenme yönetimi doğru yapılmalıdır.</p><h3>Temel Çalışma Mekanizması</h3><p>Su, üst dağıtım sisteminden nozullar ile dolgu üzerine yayılır. Fan ile kule içine alınan hava, dolgu yüzeyinde su ile temas eder. Bu temas sırasında:</p><ul><li><strong>Duyulur ısı transferi</strong>: Su ile hava arasındaki sıcaklık farkı ile sudan havaya ısı geçer.</li><li><strong>Gizli ısı (buharlaşma)</strong>: Suyun bir kısmı buharlaşarak hal değiştirir ve sudan ek ısı çeker.</li></ul><p>Soğuyan su alt havuzda toplanır ve pompalanarak tekrar prosese gönderilir. Nemlenen hava ise fan bacasından atmosfere atılır.</p><h3>Karşı Akışlı ve Çapraz Akışlı Düzen</h3><p>Su soğutma kuleleri, hava-su akış yönlerine göre temel olarak ikiye ayrılır: <strong>karşı akışlı</strong> ve <strong>çapraz akışlı</strong>. Karşı akışlı kulelerde su aşağı inerken hava aşağıdan yukarı çıkar. Çapraz akışlı kulelerde hava, suya göre yatay/çapraz akar.</p><h3>Cebri Çekişli Karşı Akışlı Kulelerde Adım Adım İşleyiş</h3><ol><li><strong>Sıcak su girişi:</strong> Prosesten gelen sıcak su, dağıtım hattına alınır.</li><li><strong>Dağıtım ve püskürtme:</strong> Nozullar suyu dolgu üzerine homojen şekilde yayar.</li><li><strong>Dolgu üzerinde film/damlacık oluşumu:</strong> Su, dolgu yüzeyinde ince film ve küçük damlacıklar oluşturarak ısı transfer alanını artırır.</li><li><strong>Hava emişi:</strong> Fan, dış havayı hava panjurlarından içeri alır ve dolgudan geçirir.</li><li><strong>Isı uzaklaştırma:</strong> Su, havaya ısı verir; bir kısmı buharlaşır ve su sıcaklığı düşer.</li><li><strong>Soğuk su havuzu:</strong> Soğuyan su havuzda toplanır.</li><li><strong>Deşarj:</strong> Nemli hava fan bacasından atılır; su ise pompalanarak prosese geri döner.</li></ol><h3>Açık Tip Kulelerin Temel Bileşenleri</h3><ul><li><strong>Gövde ve havuz:</strong> Su toplama ve taşıyıcı yapı.</li><li><strong>Su dağıtım sistemi ve nozullar:</strong> Suyun homojen yayılması.</li><li><strong>Dolgu (fill):</strong> Isı transfer yüzeyini büyütür; film veya sıçratma tipi olabilir.</li><li><strong>Fan-motor grubu:</strong> Hava akışını sağlar (cebri çekişli/itme seçenekleri).</li><li><strong>Sürüklenme tutucu (drift eliminator):</strong> Su damlacıklarının hava ile taşınmasını azaltır.</li><li><strong>Hava panjurları (louvers):</strong> Hava girişini düzenler, su sıçramasını azaltır.</li></ul><h3>Performans Terimleri: Range, Approach ve Yaş Termometre</h3><ul><li><strong>Range (Soğutma aralığı):</strong> T<sub>g</sub> − T<sub>ç</sub> (giriş-çıkış suyu sıcaklık farkı).</li><li><strong>Approach (Yaklaşım):</strong> T<sub>ç</sub> − T<sub>wb</sub> (çıkış suyu ile yaş termometre arasındaki fark).</li><li><strong>Yaş termometre (Wet-bulb):</strong> Kule performansını doğrudan etkileyen temel iklim parametresidir.</li></ul><h3>Buharlaşma, Sürüklenme ve Blöf Kayıpları</h3><p>Su kaybı üç ana başlıkta değerlendirilir:</p><ul><li><strong>Buharlaşma kaybı:</strong> Soğutmanın doğal sonucudur; ısı uzaklaştırmanın temel mekanizmasıdır.</li><li><strong>Sürüklenme (drift) kaybı:</strong> Hava ile taşınan su damlacıklarıdır; drift eliminator ile minimize edilir.</li><li><strong>Blöf (purge / blowdown):</strong> İletkenlik/katı madde kontrolü için sistemden su atılmasıdır.</li></ul><h3>İşletme Notları</h3><ul><li><strong>Su şartlandırma:</strong> Kireçlenme/korozyon/biyolojik kontrol için su kimyası yönetimi gerekir.</li><li><strong>Dolgu seçimi:</strong> Su kalitesi ve kirlilik durumuna göre film veya sıçratma dolgu seçilmelidir.</li><li><strong>Drift kontrolü:</strong> Doğru sürüklenme tutucu ile su tüketimi ve çevresel etki azaltılır.</li></ul><h3>Özet</h3><p>Açık tip kulelerde soğutma, suyun hava ile doğrudan temas etmesi ve kısmi buharlaşma ile gerçekleşir. Karşı akışlı cebri çekişli tasarımda su aşağı inerken hava yukarı çıkar; dolgu ısı transfer alanını büyütür. Su kayıpları (buharlaşma, sürüklenme, blöf) doğru tasarım ve işletme ile kontrol altında tutulur.</p>','Açık tip su soğutma kulesi çalışma prensibi şeması','acik tip, acik devre, karsı akis, induced draft, drift, blowdown','Açık Tip Su Soğutma Kulesi Çalışma Prensibi','Açık tip (açık devre) kule çalışma prensibi: adımlar, bileşenler, performans terimleri ve su kayıpları.','acik tip kule, acik devre, sogutma kulesi, karsi akis, buharlasma, drift, blof, wet bulb','2026-01-02 03:32:23.782','2026-01-02 03:32:23.782'),
('33333333-3333-4333-8333-222222222222','33333333-3333-3333-3333-333333333333','en','open-circuit-cooling-tower-working-principle','Open-Circuit Cooling Tower Working Principle','<h2>Open-Circuit Cooling Tower Working Principle</h2><h3>What Is an Open-Circuit Cooling Tower?</h3><p>In an open-circuit (open-loop) cooling tower, the process water comes into <strong>direct contact</strong> with air. Most heat rejection is achieved through evaporation, which typically provides high thermal performance. Because the water is exposed to the environment, water quality management (scaling, fouling, biological control) is essential.</p><h3>Core Heat-Rejection Mechanisms</h3><ul><li><strong>Sensible heat transfer:</strong> heat moves from water to air due to temperature difference.</li><li><strong>Latent heat (evaporation):</strong> a small portion of water evaporates and removes additional heat via phase change.</li></ul><h3>Counterflow vs. Crossflow Arrangements</h3><p><strong>Counterflow</strong>: air rises while water falls. <strong>Crossflow</strong>: air moves horizontally/diagonally across the falling water.</p><h3>Induced-Draft Counterflow: Step-by-Step</h3><ol><li><strong>Hot water enters</strong> the distribution header.</li><li><strong>Nozzles distribute</strong> water evenly over the fill.</li><li><strong>Fill increases surface area</strong> by creating films and droplets.</li><li><strong>Fan induces airflow</strong> through louvers and across the fill zone.</li><li><strong>Heat is rejected</strong>: water cools; a fraction evaporates.</li><li><strong>Cooled water collects</strong> in the cold-water basin.</li><li><strong>Moist air discharges</strong> through the fan stack; cooled water recirculates back to the process.</li></ol><h3>Key Components</h3><ul><li><strong>Structure & basin</strong></li><li><strong>Water distribution & nozzles</strong></li><li><strong>Fill media</strong> (film or splash)</li><li><strong>Fan & motor</strong></li><li><strong>Drift eliminators</strong> to reduce droplet carryover</li><li><strong>Louvers</strong> for airflow control</li></ul><h3>Performance Terms</h3><ul><li><strong>Range:</strong> T<sub>in</sub> − T<sub>out</sub>.</li><li><strong>Approach:</strong> T<sub>out</sub> − T<sub>wb</sub>.</li><li><strong>Wet-bulb:</strong> dominant climate parameter for tower capacity.</li></ul><h3>Water Losses</h3><ul><li><strong>Evaporation</strong></li><li><strong>Drift</strong></li><li><strong>Blowdown</strong></li></ul><h3>Summary</h3><p>Open-circuit towers cool by direct contact and partial evaporation. With proper design and operation, high performance is achievable while controlling water losses via drift elimination and blowdown strategy.</p>','Open-circuit cooling tower working principle diagram','open circuit, open loop, counterflow, induced draft, drift, blowdown','Open-Circuit Cooling Tower Working Principle','Expanded technical description: operation steps, components, performance metrics, and water losses in open-circuit cooling towers.','open circuit cooling tower, working principle, counterflow, induced draft, evaporation, drift, blowdown, wet bulb','2026-01-02 03:32:23.784','2026-01-02 03:32:23.784'),
('33333333-3333-4333-8333-333333333333','33333333-3333-3333-3333-333333333333','de','funktionsprinzip-offener-kuehlturm','Funktionsprinzip eines offenen Kühlturms','<h2>Funktionsprinzip eines offenen Kühlturms</h2><h3>Was ist ein offener Kühlturm?</h3><p>Beim offenen Kühlturm (offener Kreislauf) steht das Prozesswasser im <strong>direkten Kontakt</strong> mit der Luft. Die Wärmeabfuhr erfolgt zu einem großen Teil über Verdunstung. Da das Wasser der Umgebung ausgesetzt ist, sind Wasserqualität und Aufbereitung (Verkalkung, Verschmutzung, Biologie) besonders wichtig.</p><h3>Grundmechanismen</h3><ul><li><strong>Fühlbare Wärme:</strong> Wärmeübergang durch Temperaturdifferenz.</li><li><strong>Latente Wärme (Verdunstung):</strong> Teilverdunstung entzieht dem Wasser zusätzliche Energie.</li></ul><h3>Gegenstrom vs. Kreuzstrom</h3><p><strong>Gegenstrom</strong>: Luft nach oben, Wasser nach unten. <strong>Kreuzstrom</strong>: Luft quer/diagonal zum Wasserfilm.</p><h3>Induzierter Zug im Gegenstrom: Ablauf</h3><ol><li><strong>Warmwasserzulauf</strong> in die Verteilereinheit.</li><li><strong>Düsenverteilung</strong> über die Füllkörper.</li><li><strong>Füllkörper</strong> erhöhen die benetzte Oberfläche.</li><li><strong>Ventilator saugt Luft an</strong> und führt sie durch den Wärmeübertragerbereich.</li><li><strong>Wärmeabfuhr</strong> durch Abkühlung und Teilverdunstung.</li><li><strong>Kaltwasserbecken</strong> sammelt das abgekühlte Wasser.</li><li><strong>Abluftaustritt</strong> über den Ventilatorstapel; Wasser wird zurück in den Prozess gefördert.</li></ol><h3>Hauptkomponenten</h3><ul><li><strong>Gehäuse & Becken</strong></li><li><strong>Wasserverteilung & Düsen</strong></li><li><strong>Füllkörper</strong></li><li><strong>Ventilator & Motor</strong></li><li><strong>Driftabscheider</strong></li><li><strong>Lamellen/Louvers</strong></li></ul><h3>Leistungsbegriffe</h3><ul><li><strong>Range:</strong> T<sub>ein</sub> − T<sub>aus</sub>.</li><li><strong>Approach:</strong> T<sub>aus</sub> − T<sub>wb</sub>.</li><li><strong>Feuchtkugel:</strong> wichtiger Klimaparameter für die Leistung.</li></ul><h3>Wasserverluste</h3><ul><li><strong>Verdunstung</strong></li><li><strong>Drift (Tropfenmitriss)</strong></li><li><strong>Abschlämmung (Blowdown)</strong></li></ul><h3>Zusammenfassung</h3><p>Offene Kühltürme kühlen durch direkten Luftkontakt und Teilverdunstung. Bei Gegenstrom mit induziertem Zug sind hohe Leistungen erreichbar, wenn Wasserverluste über Driftabscheider und Abschlämmstrategie kontrolliert werden.</p>','Schema: Funktionsprinzip offener Kühlturm','offener kuehlturm, offener kreislauf, gegenstrom, drift, blowdown','Funktionsprinzip eines offenen Kühlturms','Erweiterte technische Beschreibung: Ablauf, Komponenten, Leistungskennzahlen und Wasserverluste bei offenen Kühltürmen.','offener kuehlturm, funktionsprinzip, gegenstrom, induced draft, verdunstung, drift, abschlaemmung, feuchtkugel','2026-01-02 03:32:23.785','2026-01-02 03:32:23.785'),
('44444444-4444-4555-8666-111111111111','44444444-4444-4444-4444-444444444444','tr','kapali-cevrim-su-sogutma-kulesi-calisma-prensibi','Kapalı Çevrim Su Soğutma Kulesi Çalışma Prensibi','<h2>Kapalı Çevrim Su Soğutma Kulesi Çalışma Prensibi</h2><h3>Kapalı Çevrim (Kapalı Devre) Kule Nedir?</h3><p>Kapalı çevrim kuleler, soğutulacak akışkanın (proses suyu / glikol / özel akışkan) ortam ile teması istenmeyen proseslerde tercih edilir. Soğutulacak akışkan <strong>metal serpantin (eşanjör registeri)</strong> içinde dolaşır. Kulede dolaşan hava ve serpantin üzerine püskürtülen sprey suyu, serpantin dış yüzeyinden ısı alarak içindeki akışkanı dolaylı şekilde soğutur. Böylece proses akışkanı <strong>kirlenmez</strong> ve sistem suyu kalitesi korunur.</p><h3>Temel Çalışma Mantığı</h3><ol><li><strong>Sıcak proses akışkanı serpantine girer:</strong> Isınmış akışkan serpantin borularından geçer.</li><li><strong>Hava akışı sağlanır:</strong> Fan, ortam havasını kule içine alır ve serpantin üzerinden geçirir.</li><li><strong>Sprey suyu devresi çalışır:</strong> Kule havuzundaki sirkülasyon suyu pompa ile nozullara basılır ve serpantin üzerine püskürtülür.</li><li><strong>Isı transferi:</strong> Serpantin içindeki akışkan ısısını boru duvarından dış yüzeye iletir; sprey suyu ve hava bu ısıyı atmosfere taşır.</li><li><strong>Soğuyan akışkan prosese döner:</strong> Serpantinden çıkan akışkan sisteme geri gönderilir.</li></ol><h3>Kapalı Tip Kulelerde Buharlaşma Kaybı</h3><p>Proses akışkanı serpantin içinde kapalı devrede dolaştığı için proses devresinde buharlaşma kaybı oluşmaz. Ancak serpantin üzerine püskürtülen <strong>sprey suyu devresi</strong> hava ile doğrudan temas ettiğinden bu devrede buharlaşma kaybı meydana gelir. Bu kayıp proses devresinin su kalitesini etkilemez.</p><h3>Free Cooling (Kuru Soğutucu) Modu</h3><p>Soğuk mevsimlerde sprey suyu devresi kapatılarak kule yalnızca hava akışıyla çalıştırılabilir. Bu işletme şekli, kapalı tip kuleyi <strong>kuru soğutucu (dry cooler)</strong> gibi çalıştırır ve <strong>free cooling</strong> olarak adlandırılır. Uygun iklim koşullarında enerji tüketimi azaltılabilir.</p><h3>Donma Riski ve Koruma Stratejileri</h3><p>Kış şartlarında sistem durduğunda serpantin içinde kalan akışkan donabilir. Donma, serpantin borularında çatlama riski doğurur. Başlıca önlemler:</p><ul><li><strong>Serpantinin boşaltılması</strong> (duruşlarda tahliye).</li><li><strong>Düşük debide sirkülasyon</strong> ile kritik sıcaklıklarda dolaşım.</li><li><strong>Antifriz (glikol)</strong> kullanımı ile donma noktasının düşürülmesi.</li><li><strong>Otomasyon</strong>: fan/pompa kademelendirme ve set değerleriyle donma önleyici kontrol.</li></ul><h3>Enerji Tüketimi</h3><p>Kapalı devre kulelerde enerji tüketimi temel olarak <strong>fan motoru</strong> ve <strong>sprey suyu pompası</strong> kaynaklıdır. İklim, hedef yaklaşım ve yük profiline göre doğru seçim ve kontrol ile işletme ekonomisi optimize edilebilir.</p><h3>Kullanım Alanları ve Avantajlar</h3><ul><li><strong>Proses suyu temizliği:</strong> Hassas ekipmanlarda su kalitesinin korunması.</li><li><strong>Daha düşük kirlenme riski:</strong> Proses devresi atmosfere açık değildir.</li><li><strong>Free cooling imkânı:</strong> Soğuk iklimlerde enerji avantajı.</li><li><strong>Stabil işletme:</strong> Uygun kontrol ile yıl boyu daha kontrollü performans.</li></ul><h3>Özet</h3><p>Kapalı çevrim kulelerde proses akışkanı serpantin içinde dolaşır ve hava + sprey suyu ile dolaylı soğutulur. Proses devresi kirlenmez; sprey devresinde buharlaşma kaybı oluşur. Free cooling ile kış işletmesinde enerji avantajı sağlanabilir; donma riskine karşı boşaltma, sirkülasyon, antifriz ve otomasyon önlemleri değerlendirilmelidir.</p>','Kapalı çevrim su soğutma kulesi çalışma prensibi şeması','kapali cevrim, kapali devre, serpantin, esanjör, spray, free cooling, donma','Kapalı Çevrim Su Soğutma Kulesi Çalışma Prensibi','Kapalı devre soğutma kulelerinde serpantin üzerinden dolaylı soğutma, sprey devresi, free cooling, donma riskine karşı önlemler ve enerji tüketimi.','kapali cevrim kule, closed circuit, serpantinli kule, esanjör, spray suyu, free cooling, antifriz, donma','2026-01-02 03:32:23.796','2026-01-02 03:32:23.796'),
('44444444-4444-4555-8666-222222222222','44444444-4444-4444-4444-444444444444','en','closed-circuit-cooling-tower-working-principle','Closed-Circuit Cooling Tower Working Principle','<h2>Closed-Circuit Cooling Tower Working Principle</h2><h3>What Is a Closed-Circuit Cooling Tower?</h3><p>Closed-circuit (closed-loop) cooling towers are used when the process fluid must remain clean and isolated from ambient air. The process fluid circulates inside a <strong>metal coil (heat exchanger)</strong>. Airflow and a spray-water loop remove heat from the coil surface, cooling the internal process fluid <strong>indirectly</strong>.</p><h3>How It Works (Step-by-Step)</h3><ol><li><strong>Hot process fluid enters the coil</strong> and flows through the heat-exchanger tubes.</li><li><strong>Airflow is induced</strong> by the fan and passes over the coil surface.</li><li><strong>Spray-water loop operates:</strong> recirculating water is pumped to nozzles and sprayed over the coil.</li><li><strong>Heat transfer occurs:</strong> heat moves from the process fluid to the tube wall and then to spray water and air.</li><li><strong>Cooled process fluid returns</strong> to the process while spray water returns to the basin.</li></ol><h3>Does Evaporation Occur?</h3><p>Evaporation does not occur in the closed process loop because the process fluid is contained inside the coil. However, the <strong>spray-water loop</strong> is exposed to air, so some evaporation occurs there and contributes to heat rejection.</p><h3>Free Cooling (Dry Cooler) Mode</h3><p>In cold weather, the tower can often be operated with the spray-water system turned off, using air-only heat rejection—similar to a <strong>dry cooler</strong>. This is commonly called <strong>free cooling</strong> and can reduce energy consumption under favorable ambient conditions.</p><h3>Freeze Risk and Protection Measures</h3><p>If the system is stopped in winter conditions, fluid inside the coil may freeze and damage tubes. Common mitigation strategies include:</p><ul><li><strong>Draining the coil</strong> during shutdown periods.</li><li><strong>Low-flow circulation</strong> to keep fluid moving.</li><li><strong>Glycol/antifreeze</strong> to lower freezing point.</li><li><strong>Control logic</strong> (fan staging, bypass, setpoints) to prevent coil icing.</li></ul><h3>Energy Consumption</h3><p>Electrical consumption is mainly driven by the <strong>fan</strong> and the <strong>spray-water pump</strong>. Optimized equipment selection and controls can improve operating cost depending on climate, load profile, and required approach.</p><h3>Where It Is Used / Key Benefits</h3><ul><li><strong>Clean process fluid:</strong> ideal for sensitive processes and equipment.</li><li><strong>Reduced contamination risk:</strong> process loop is isolated from ambient air.</li><li><strong>Seasonal efficiency:</strong> free cooling opportunities in cooler climates.</li><li><strong>Stable operation:</strong> controlled process-side water quality.</li></ul><h3>Summary</h3><p>Closed-circuit towers cool process fluids indirectly through a coil using airflow and spray water. Evaporation occurs on the spray-water side, not in the process loop. Free cooling can reduce energy use in cold seasons, while freeze protection measures (drain, circulation, glycol, controls) are critical for winter reliability.</p>','Closed-circuit cooling tower working principle diagram','closed circuit, closed loop, coil, heat exchanger, spray water, free cooling, freeze','Closed-Circuit Cooling Tower Working Principle','Indirect cooling via coil heat exchanger, spray-water evaporation, free cooling operation, freeze protection and fan/pump energy drivers.','closed circuit cooling tower, coil tower, heat exchanger coil, spray water loop, free cooling, freeze protection, glycol','2026-01-02 03:32:23.799','2026-01-02 03:32:23.799'),
('44444444-4444-4555-8666-333333333333','44444444-4444-4444-4444-444444444444','de','funktionsprinzip-geschlossener-kuehlturm','Funktionsprinzip eines geschlossenen Kühlturms','<h2>Funktionsprinzip eines geschlossenen Kühlturms</h2><h3>Was ist ein geschlossener Kühlturm?</h3><p>Geschlossene Kühltürme (geschlossener Kreislauf) werden eingesetzt, wenn das Prozessmedium sauber bleiben und nicht mit der Umgebungsluft in Kontakt kommen soll. Das Medium zirkuliert in einem <strong>metallischen Register (Wärmetauscher)</strong>. Luftstrom und Sprühwasser entziehen dem Register Wärme, wodurch das Prozessmedium <strong>indirekt</strong> abgekühlt wird.</p><h3>Ablauf (Schritt für Schritt)</h3><ol><li><strong>Warmes Prozessmedium</strong> strömt durch die Registerrohre.</li><li><strong>Ventilator fördert Luft</strong> über die Registeroberfläche.</li><li><strong>Sprühwasserkreislauf:</strong> Umlaufwasser wird gepumpt und über Düsen auf das Register gesprüht.</li><li><strong>Wärmeübertragung:</strong> Wärme gelangt vom Medium über die Rohrwand an Sprühwasser und Luft.</li><li><strong>Abgekühltes Medium</strong> kehrt in den Prozess zurück; Sprühwasser fließt ins Becken zurück.</li></ol><h3>Verdunstung</h3><p>Im geschlossenen Prozesskreislauf entstehen keine Verdunstungsverluste, da das Medium im Register eingeschlossen ist. Im <strong>Sprühwasserkreislauf</strong> tritt jedoch eine gewisse Verdunstung auf, die zur Wärmeabfuhr beiträgt.</p><h3>Free Cooling / Trockenkühler-Betrieb</h3><p>Bei niedrigen Außentemperaturen kann häufig ohne Sprühwasser im Luftbetrieb gefahren werden – ähnlich einem <strong>Trockenkühler</strong>. Diese Betriebsart wird als <strong>Free Cooling</strong> bezeichnet und kann den Energieverbrauch reduzieren.</p><h3>Frostgefahr und Schutzmaßnahmen</h3><p>Bei Stillstand im Winter kann das Medium im Register einfrieren und Schäden verursachen. Typische Gegenmaßnahmen sind:</p><ul><li><strong>Register entleeren</strong> bei Stillstand.</li><li><strong>Umlauf bei geringer Fördermenge</strong> zur Vermeidung von Eisbildung.</li><li><strong>Glykol/Antifreeze</strong> zur Absenkung des Gefrierpunkts.</li><li><strong>Regelung</strong> (Ventilatorstufen, Bypass, Sollwerte) zur Frostvermeidung.</li></ul><h3>Energieverbrauch</h3><p>Der elektrische Verbrauch wird hauptsächlich durch <strong>Ventilator</strong> und <strong>Sprühpumpe</strong> bestimmt. Eine optimierte Auslegung und Regelung kann den Betrieb abhängig von Klima, Lastprofil und gefordertem Approach verbessern.</p><h3>Vorteile</h3><ul><li><strong>Sauberes Prozessmedium</strong> bleibt von der Umgebung getrennt.</li><li><strong>Geringeres Verschmutzungsrisiko</strong> im Prozesskreis.</li><li><strong>Free-Cooling-Potenzial</strong> in kühlen Perioden.</li><li><strong>Stabiler Betrieb</strong> mit geeigneter Regelung.</li></ul><h3>Zusammenfassung</h3><p>Geschlossene Kühltürme kühlen Prozessmedien indirekt über ein Register mit Luft und Sprühwasser. Verdunstung findet im Sprühwasserkreislauf statt, nicht im Prozesskreis. Free Cooling kann im Winter Vorteile bringen; Frostschutzmaßnahmen sind für die Betriebssicherheit zentral.</p>','Schema: Funktionsprinzip geschlossener Kühlturm','geschlossener kuehlturm, register, waermetauscher, spruehwasser, free cooling, frostschutz','Funktionsprinzip eines geschlossenen Kühlturms','Indirekte Kühlung über Register, Verdunstung im Sprühwasser, Free Cooling und Frostschutz sowie Energieverbrauch (Ventilator/Pumpe).','geschlossener kuehlturm, closed circuit, registerkuehlturm, waermetauscher register, spruehwasser, free cooling, glykol, frostschutz','2026-01-02 03:32:23.800','2026-01-02 03:32:23.800'),
('55555555-5555-4555-8666-111111111111','55555555-5555-5555-5555-555555555555','tr','kule-secimi-icin-gerekli-bilgiler','Kule Seçimi İçin Gerekli Bilgiler','<h2>Kule Seçimi İçin Gerekli Bilgiler</h2><p>Su soğutma kuleleri, aksi özel talep olmadığı sürece, <strong>en sıcak yaz günlerine ait meteorolojik tasarım şartlarına</strong> göre seçilir. Doğru kule seçimi; kapasite, iklim verisi ve proses tarafı şartlarının birlikte değerlendirilmesini gerektirir. Aşağıdaki girdiler ne kadar net verilirse, kule seçimi o kadar doğru ve ekonomik olur.</p><h3>1) Proses Verileri (Zorunlu)</h3><p>Bir kule seçimi için aşağıdaki bilgiler mutlaka net olmalıdır:</p><ul><li><strong>Soğutulacak su miktarı (Debi)</strong>: m³/h (tercihen) veya kapasite (kW, kcal/h)</li><li><strong>Kuleye giren su sıcaklığı</strong> (Sıcak su, T<sub>g</sub>, °C)</li><li><strong>Kuleden çıkan su sıcaklığı</strong> (Soğuk su, T<sub>ç</sub>, °C)</li><li><strong>Çalışma rejimi</strong>: Sürekli mi, vardiyalı mı; yük sabit mi değişken mi?</li></ul><h3>2) İklim Verileri (Tasarım Şartı)</h3><p>Kule kapasitesi doğrudan iklim verilerine bağlıdır. En kritik parametre <strong>yaş termometre (wet-bulb)</strong> değeridir. Tasarım için genellikle lokasyonun en sıcak dönemine ait veriler kullanılır.</p><ul><li><strong>Yaş termometre sıcaklığı (°C)</strong> – zorunlu</li><li><strong>Kuru termometre sıcaklığı (°C)</strong> – önerilir</li><li><strong>Bağıl nem (%)</strong> – önerilir</li><li><strong>Rakım / barometrik basınç</strong> – özellikle yüksek rakımda önemlidir</li></ul><h3>3) Temel Kavramlar: Range ve Approach</h3><p><strong>Range</strong>, kuleye giren sıcak su ile kuleden çıkan soğuk su arasındaki sıcaklık farkıdır: <code>Range = T<sub>g</sub> − T<sub>ç</sub></code>.</p><p><strong>Approach</strong>, kuleden çıkan soğuk su sıcaklığı ile yaş termometre arasındaki farktır: <code>Approach = T<sub>ç</sub> − T<sub>wb</sub></code>. Approach ne kadar düşük istenirse, kule boyutu ve maliyeti genellikle artar.</p><h3>4) Su Kalitesi ve İşletme Koşulları</h3><p>Seçim sadece kapasiteye göre yapılmaz; suyun kirlilik düzeyi, yağ/tortu, kireçlenme potansiyeli ve işletme ortamının tozlu olması gibi etkenler dolgu/nozul seçimlerini belirler.</p><ul><li><strong>Proses suyu analizi</strong>: iletkenlik, sertlik, pH, askıda katı madde (TSS)</li><li><strong>Kirlenme kaynakları</strong>: yağ, tufal, lif, organik yük, biyolojik oluşum</li><li><strong>Kimyasal şartlandırma</strong>: inhibitör, biyosit, pH kontrolü</li><li><strong>Blöf (purge/blowdown)</strong> stratejisi</li></ul><h3>5) Mekanik ve Kurulum Parametreleri</h3><ul><li><strong>Kurulum yeri</strong>: İç/dış ortam, hava sirkülasyonu, resirkülasyon riski</li><li><strong>Alan kısıtı</strong>: uzunluk/genişlik/yükseklik limitleri, servis boşlukları</li><li><strong>Gürültü limiti</strong>: yerleşim bölgeleri veya hassas tesisler için</li><li><strong>Elektrik</strong>: besleme, frekans invertörü (VFD) ihtiyacı</li><li><strong>Donma riski</strong>: kış koşulları, ısıtıcı, antifriz, kontrol senaryosu</li></ul><h3>6) Örnek Veri Seti (Tek Satır)</h3><p>Örnek: Debi 120 m³/h, T<sub>g</sub>=40°C, T<sub>ç</sub>=30°C, T<sub>wb</sub>=24°C, rakım 200 m, sürekli çalışma, su orta kirlilikte.</p><h3>Özet</h3><p>Doğru kule seçimi için debi ve sıcaklıklar, yaş termometre (tasarım), su kalitesi ve kurulum koşulları birlikte değerlendirilmelidir. Bu veriler net olduğunda; açık/kapalı tip, dolgu tipi, fan/pompa seçimi ve kontrol stratejisi doğru belirlenir.</p>','Soğutma kulesi seçimi için gerekli veriler – kontrol listesi','kule seçimi, soğutma kulesi seçimi, debi, yaş termometre, range, approach, su kalitesi, blöf','Kule seçimi için gerekli bilgiler','Soğutma kulesi seçimi için gerekli proses girdileri (debi/sıcaklıklar), iklim verileri (yaş termometre), range/approach, su kalitesi ve kurulum parametreleri.','kule seçimi, soğutma kulesi, debi, yaş termometre, range, approach, su kalitesi, blöf','2026-01-02 03:32:23.814','2026-01-02 03:32:23.814'),
('55555555-5555-4555-8666-222222222222','55555555-5555-5555-5555-555555555555','en','required-data-for-cooling-tower-selection','Required Data for Cooling Tower Selection','<h2>Required Data for Cooling Tower Selection</h2><p>Cooling towers are typically selected for the <strong>hottest design summer conditions</strong> unless stated otherwise. Accurate selection requires combining process duty, climate conditions, and site constraints. The clearer the inputs, the more reliable and economical the tower sizing will be.</p><h3>1) Process Inputs (Mandatory)</h3><ul><li><strong>Circulating water flow rate</strong>: m³/h (preferred) or heat duty (kW, kcal/h)</li><li><strong>Hot water inlet temperature</strong>: T<sub>in</sub> (°C)</li><li><strong>Cold water outlet temperature</strong>: T<sub>out</sub> (°C)</li><li><strong>Operating profile</strong>: continuous vs. intermittent; constant vs. variable load</li></ul><h3>2) Climate Data (Design Condition)</h3><p>Tower capacity is strongly driven by <strong>wet-bulb temperature</strong>, which represents the practical cooling limit for evaporative systems.</p><ul><li><strong>Wet-bulb temperature (°C)</strong> – mandatory</li><li><strong>Dry-bulb temperature (°C)</strong> – recommended</li><li><strong>Relative humidity (%)</strong> – recommended</li><li><strong>Altitude / barometric pressure</strong> – important at high elevations</li></ul><h3>3) Key Concepts: Range and Approach</h3><p><strong>Range</strong> is the temperature drop across the tower: <code>Range = T<sub>in</sub> − T<sub>out</sub></code>.</p><p><strong>Approach</strong> is the difference between cold water temperature and wet-bulb: <code>Approach = T<sub>out</sub> − T<sub>wb</sub></code>. Lower approach usually means a larger tower and higher cost.</p><h3>4) Water Quality and Fouling Factors</h3><p>Selection is not only thermal. Water quality and fouling potential affect fill/nozzle configuration and maintenance needs.</p><ul><li><strong>Water analysis</strong>: conductivity, hardness, pH, total suspended solids (TSS)</li><li><strong>Contamination sources</strong>: oil, scale, solids, biological growth</li><li><strong>Water treatment</strong>: inhibitors, biocides, pH control</li><li><strong>Blowdown strategy</strong> to control cycles of concentration</li></ul><h3>5) Mechanical and Site Constraints</h3><ul><li><strong>Location and airflow</strong>: risk of recirculation, obstructions, intake/exhaust clearance</li><li><strong>Footprint limits</strong>: length/width/height constraints and service access</li><li><strong>Noise limit</strong>: sensitive sites may require low-noise options</li><li><strong>Electrical</strong>: supply and VFD requirement</li><li><strong>Freeze risk</strong>: winter operation plan (heaters, glycol, controls)</li></ul><h3>Example Input Set</h3><p>Example: Flow 120 m³/h, T<sub>in</sub>=40°C, T<sub>out</sub>=30°C, wet-bulb=24°C, altitude 200 m, continuous operation, moderately fouling water.</p><h3>Summary</h3><p>Provide flow and temperatures, wet-bulb design, water quality, and site constraints together. With complete inputs, tower type and configuration (open/closed circuit, fill, fan/pump, controls) can be selected reliably.</p>','Cooling tower selection inputs – checklist','cooling tower selection, tower sizing, design inputs, flow rate, wet-bulb, range, approach, water quality, blowdown','Required data for cooling tower selection','Checklist for cooling tower selection: flow and temperatures, wet-bulb design, range/approach, water quality, blowdown strategy, and site constraints.','cooling tower selection, sizing, wet-bulb, flow rate, range, approach, water quality, blowdown','2026-01-02 03:32:23.822','2026-01-02 03:32:23.822'),
('55555555-5555-4555-8666-333333333333','55555555-5555-5555-5555-555555555555','de','erforderliche-daten-fuer-kuehlturm-auswahl','Erforderliche Daten für die Kühlturm-Auswahl','<h2>Erforderliche Daten für die Kühlturm-Auswahl</h2><p>Kühltürme werden in der Regel für die <strong>wärmsten Auslegungs-Sommerbedingungen</strong> ausgewählt. Für eine korrekte Auslegung müssen Prozessleistung, Klimadaten und Standortbedingungen gemeinsam betrachtet werden. Je eindeutiger die Eingaben, desto zuverlässiger und wirtschaftlicher ist die Auslegung.</p><h3>1) Prozessdaten (Zwingend)</h3><ul><li><strong>Umlauf-Volumenstrom</strong>: m³/h (bevorzugt) oder Kühlleistung (kW, kcal/h)</li><li><strong>Heißwasser-Eintrittstemperatur</strong>: T<sub>ein</sub> (°C)</li><li><strong>Kaltwasser-Austrittstemperatur</strong>: T<sub>aus</sub> (°C)</li><li><strong>Betriebsprofil</strong>: kontinuierlich vs. intermittierend; konstante vs. variable Last</li></ul><h3>2) Klimadaten (Auslegungsbedingung)</h3><p>Die Kühlturmleistung hängt maßgeblich von der <strong>Feuchtkugeltemperatur</strong> ab, da sie die praktische Grenze für Verdunstungskühlung beschreibt.</p><ul><li><strong>Feuchtkugeltemperatur (°C)</strong> – zwingend</li><li><strong>Trockenkugeltemperatur (°C)</strong> – empfohlen</li><li><strong>Relative Luftfeuchte (%)</strong> – empfohlen</li><li><strong>Höhenlage / Luftdruck</strong> – wichtig bei großen Höhen</li></ul><h3>3) Grundbegriffe: Range und Approach</h3><p><strong>Range</strong> ist die Temperaturdifferenz über den Kühlturm: <code>Range = T<sub>ein</sub> − T<sub>aus</sub></code>.</p><p><strong>Approach</strong> ist die Differenz zwischen Kaltwasser und Feuchtkugel: <code>Approach = T<sub>aus</sub> − T<sub>wb</sub></code>. Ein kleinerer Approach bedeutet in der Regel einen größeren Kühlturm und höhere Kosten.</p><h3>4) Wasserqualität und Verschmutzung</h3><p>Neben der Thermik beeinflussen Wasserqualität und Verschmutzungsneigung die Auswahl von Füllkörpern/Düsen und den Wartungsaufwand.</p><ul><li><strong>Wasseranalyse</strong>: Leitfähigkeit, Härte, pH, Schwebstoffe (TSS)</li><li><strong>Verschmutzungsquellen</strong>: Öl, Kalk, Feststoffe, Biofilm</li><li><strong>Wasseraufbereitung</strong>: Inhibitoren, Biozide, pH-Regelung</li><li><strong>Abschlämmung (Blowdown)</strong> zur Begrenzung der Eindickung</li></ul><h3>5) Mechanik und Standortbedingungen</h3><ul><li><strong>Aufstellort und Luftführung</strong>: Rezirkulation, Hindernisse, Ein-/Ausblasabstände</li><li><strong>Platzbedarf</strong>: Grundfläche, Höhe, Servicezugänge</li><li><strong>Geräuschgrenzen</strong>: ggf. leise Ausführungen erforderlich</li><li><strong>Elektrik</strong>: Versorgung, ggf. Frequenzumrichter (VFD)</li><li><strong>Frostgefahr</strong>: Winterbetrieb (Heizung, Glykol, Regelung)</li></ul><h3>Beispiel-Datensatz</h3><p>Beispiel: Volumenstrom 120 m³/h, T<sub>ein</sub>=40°C, T<sub>aus</sub>=30°C, Feuchtkugel=24°C, Höhe 200 m, Dauerbetrieb, mäßig verschmutztes Wasser.</p><h3>Zusammenfassung</h3><p>Volumenstrom und Temperaturen, Feuchtkugel-Auslegung, Wasserqualität sowie Standortbedingungen müssen gemeinsam angegeben werden. Damit lassen sich Kühlturmtyp und Konfiguration (offen/geschlossen, Füllkörper, Ventilator/Pumpe, Regelung) sicher auswählen.</p>','Checkliste für Kühlturm-Auslegung – Eingabedaten','kuehlturm auswahl, auslegung, volumenstrom, feuchtkugel, range, approach, wasserqualitaet, abschlaemmung','Erforderliche Daten für die Kühlturm-Auswahl','Checkliste für die Kühlturm-Auslegung: Volumenstrom/Temperaturen, Feuchtkugel, Range/Approach, Wasserqualität, Abschlämmung und Standortbedingungen.','kuehlturm auswahl, auslegung, feuchtkugel, volumenstrom, range, approach, wasserqualitaet, blowdown','2026-01-02 03:32:23.823','2026-01-02 03:32:23.823'),
('77777777-7777-4777-8666-111111111111','77777777-7777-7777-7777-777777777777','tr','ensotek-kurumsal-brosur','Kurumsal Broşür (PDF)','<h2>Kurumsal Broşür (PDF)</h2><p>Bu sayfada Ensotek kurumsal broşürünü PDF formatında önizleyebilir ve indirebilirsiniz.</p><ul><li>Ürün grupları ve çözümler</li><li>Hizmet kapsamı ve bakım yaklaşımı</li><li>Kalite, sertifikalar ve üretim altyapısı</li><li>Proje referansları ve iletişim</li></ul>','Ensotek kurumsal broşür PDF','kurumsal broşür, ensotek broşür, pdf, katalog, kurumsal tanıtım','Kurumsal Broşür (PDF) | Ensotek','Ensotek kurumsal broşür PDF: ürün grupları, hizmetler, kalite yaklaşımı ve iletişim bilgileri.','ensotek, kurumsal brosur, pdf, katalog, company profile','2026-01-02 03:32:23.866','2026-01-02 03:32:23.866'),
('77777777-7777-4777-8666-222222222222','77777777-7777-7777-7777-777777777777','en','ensotek-corporate-brochure','Corporate Brochure (PDF)','<h2>Corporate Brochure (PDF)</h2><p>You can preview and download the Ensotek corporate brochure in PDF format on this page.</p><ul><li>Product lines and solutions</li><li>Service scope and maintenance approach</li><li>Quality, certifications, and production capabilities</li><li>References and contact information</li></ul>','Ensotek corporate brochure PDF','corporate brochure, ensotek brochure, pdf, catalog, company profile','Corporate Brochure (PDF) | Ensotek','Ensotek corporate brochure PDF: product lines, services, quality approach, and contact details.','ensotek, corporate brochure, pdf, catalog, company profile','2026-01-02 03:32:23.866','2026-01-02 03:32:23.866'),
('77777777-7777-4777-8666-333333333333','77777777-7777-7777-7777-777777777777','de','ensotek-unternehmensbroschuere','Unternehmensbroschüre (PDF)','<h2>Unternehmensbroschüre (PDF)</h2><p>Auf dieser Seite können Sie die Ensotek-Unternehmensbroschüre als PDF ansehen und herunterladen.</p><ul><li>Produktlinien und Lösungen</li><li>Serviceumfang und Wartungsansatz</li><li>Qualität, Zertifizierungen und Fertigungskompetenzen</li><li>Referenzen und Kontaktinformationen</li></ul>','Ensotek Unternehmensbroschüre PDF','unternehmensbroschuere, ensotek broschuere, pdf, katalog, unternehmensprofil','Unternehmensbroschüre (PDF) | Ensotek','Ensotek Unternehmensbroschüre als PDF: Produktlinien, Services, Qualitätsansatz und Kontaktdaten.','ensotek, unternehmensbroschuere, pdf, katalog, unternehmensprofil','2026-01-02 03:32:23.867','2026-01-02 07:51:28.227'),
('88888888-8888-4888-8999-111111111111','88888888-8888-8888-8888-888888888888','tr','yaz-kuru-yas-termometre-tasarim-degerleri','Türkiye Yaz Kuru ve Yaş Termometre Tasarım Değerleri','<p>Bu tabloda, Türkiye\'deki illere göre yaz tasarım dönemi için kuru termometre ve yaş termometre (kuru/yaş) sıcaklık değerleri verilmiştir. Özellikle soğutma kulesi seçimi, kondenser devresi tasarımı ve genel iklimlendirme (HVAC) mühendisliği hesaplarında referans alınabilir.</p><p><strong>Not:</strong> Değerler, MGM (Meteoroloji Genel Müdürlüğü) kaynaklı tipik yaz tasarım koşullarını temsil eder ve proje bazında gerekirse yerel ölçümler veya güncel iklim verileri ile birlikte değerlendirilmelidir.</p><table border=\"1\" cellpadding=\"4\" cellspacing=\"0\"><thead><tr><th>Şehir</th><th>Kuru Termometre (°C)</th><th>Yaş Termometre (°C)</th></tr></thead><tbody><tr><td>Adana</td><td>38</td><td>27</td></tr><tr><td>Adıyaman</td><td>38</td><td>23</td></tr><tr><td>Afyon</td><td>34</td><td>21</td></tr><tr><td>Ağrı</td><td>34</td><td>25</td></tr><tr><td>Aksaray</td><td>34</td><td>20</td></tr><tr><td>Amasya</td><td>31</td><td>21</td></tr><tr><td>Ankara</td><td>35</td><td>20</td></tr><tr><td>Antalya</td><td>39</td><td>28</td></tr><tr><td>Artvin</td><td>30</td><td>26</td></tr><tr><td>Aydın</td><td>39</td><td>24</td></tr><tr><td>Balıkesir</td><td>38</td><td>25</td></tr><tr><td>Bayburt</td><td>33</td><td>23</td></tr><tr><td>Bilecik</td><td>34</td><td>23</td></tr><tr><td>Bingöl</td><td>33</td><td>21</td></tr><tr><td>Bitlis</td><td>34</td><td>22</td></tr><tr><td>Bolu</td><td>34</td><td>23</td></tr><tr><td>Burdur</td><td>36</td><td>21</td></tr><tr><td>Bursa</td><td>37</td><td>25</td></tr><tr><td>Çanakkale</td><td>34</td><td>25</td></tr><tr><td>Çankırı</td><td>34</td><td>23</td></tr><tr><td>Çorum</td><td>29</td><td>22</td></tr><tr><td>Denizli</td><td>38</td><td>24</td></tr><tr><td>Diyarbakır</td><td>42</td><td>23</td></tr><tr><td>Düzce</td><td>34</td><td>24</td></tr><tr><td>Edirne</td><td>36</td><td>25</td></tr><tr><td>Elazığ</td><td>38</td><td>21</td></tr><tr><td>Erzincan</td><td>36</td><td>22</td></tr><tr><td>Erzurum</td><td>31</td><td>19</td></tr><tr><td>Eskişehir</td><td>34</td><td>22</td></tr><tr><td>Gaziantep</td><td>39</td><td>23</td></tr><tr><td>Giresun</td><td>29</td><td>25</td></tr><tr><td>Gümüşhane</td><td>33</td><td>23</td></tr><tr><td>Hakkari</td><td>34</td><td>20</td></tr><tr><td>Hatay</td><td>37</td><td>28</td></tr><tr><td>İskenderun</td><td>37</td><td>29</td></tr><tr><td>Isparta</td><td>34</td><td>21</td></tr><tr><td>Iğdır</td><td>33</td><td>22</td></tr><tr><td>İçel (Mersin)</td><td>35</td><td>29</td></tr><tr><td>İstanbul</td><td>33</td><td>24</td></tr><tr><td>İzmir</td><td>37</td><td>24</td></tr><tr><td>Karabük</td><td>32</td><td>25</td></tr><tr><td>Karaman</td><td>34</td><td>21</td></tr><tr><td>Kars</td><td>30</td><td>20</td></tr><tr><td>Kastamonu</td><td>34</td><td>22</td></tr><tr><td>Kayseri</td><td>36</td><td>23</td></tr><tr><td>Kırıkkale</td><td>35</td><td>21</td></tr><tr><td>Kırklareli</td><td>35</td><td>24</td></tr><tr><td>Kırşehir</td><td>35</td><td>21</td></tr><tr><td>Kilis</td><td>39</td><td>23</td></tr><tr><td>Kocaeli</td><td>36</td><td>25</td></tr><tr><td>Konya</td><td>34</td><td>21</td></tr><tr><td>Kütahya</td><td>33</td><td>21</td></tr><tr><td>Malatya</td><td>38</td><td>21</td></tr><tr><td>Manisa</td><td>40</td><td>25</td></tr><tr><td>Kahramanmaraş</td><td>36</td><td>25</td></tr><tr><td>Mardin</td><td>38</td><td>23</td></tr><tr><td>Muğla</td><td>37</td><td>22</td></tr><tr><td>Muş</td><td>32</td><td>20</td></tr><tr><td>Nevşehir</td><td>28</td><td>21</td></tr><tr><td>Niğde</td><td>34</td><td>20</td></tr><tr><td>Ordu</td><td>30</td><td>23</td></tr><tr><td>Osmaniye</td><td>38</td><td>26</td></tr><tr><td>Rize</td><td>30</td><td>26</td></tr><tr><td>Sakarya</td><td>35</td><td>25</td></tr><tr><td>Samsun</td><td>32</td><td>25</td></tr><tr><td>Siirt</td><td>40</td><td>23</td></tr><tr><td>Sinop</td><td>30</td><td>25</td></tr><tr><td>Sivas</td><td>33</td><td>20</td></tr><tr><td>Şırnak</td><td>38</td><td>21</td></tr><tr><td>Şanlıurfa</td><td>43</td><td>24</td></tr><tr><td>Tekirdağ</td><td>33</td><td>25</td></tr><tr><td>Tokat</td><td>29</td><td>20</td></tr><tr><td>Trabzon</td><td>31</td><td>25</td></tr><tr><td>Tunceli</td><td>37</td><td>22</td></tr><tr><td>Uşak</td><td>35</td><td>22</td></tr><tr><td>Van</td><td>33</td><td>20</td></tr><tr><td>Yalova</td><td>33</td><td>24</td></tr><tr><td>Yozgat</td><td>32</td><td>20</td></tr><tr><td>Zonguldak</td><td>32</td><td>25</td></tr></tbody></table><p><em>Kaynak: Meteoroloji Genel Müdürlüğü (MGM)</em></p>','Türkiye yaz tasarım kuru/yaş termometre değerleri tablosu','tasarım, yaz, kuru termometre, yaş termometre, türkiye, iklim verisi, hvac, soğutma kulesi','Türkiye Yaz Kuru ve Yaş Termometre Tasarım Değerleri','Türkiye illerine göre yaz tasarım kuru ve yaş termometre sıcaklık değerleri tablosu. Soğutma kulesi ve HVAC tasarımı için referans değerlendirme amaçlıdır.','tasarım, yaz, kuru termometre, yaş termometre, türkiye, iklim verisi, hvac, soğutma kulesi, dry-bulb, wet-bulb, cooling tower','2026-01-02 03:32:23.843','2026-01-02 03:32:23.843'),
('88888888-8888-4888-8999-222222222222','88888888-8888-8888-8888-888888888888','en','turkey-summer-design-dry-wet-bulb-values','Turkey Summer Design Dry-Bulb and Wet-Bulb Values','<p>This table provides typical <strong>summer design</strong> dry-bulb and wet-bulb temperatures by province in Turkey. It can be used as a practical reference for <strong>cooling tower selection</strong>, condenser loop design, and general HVAC engineering calculations.</p><p><strong>Note:</strong> Values represent typical design conditions commonly referenced from national meteorological datasets. For project-critical sizing, consider validating against the latest published climate normals and/or local measurements.</p><table border=\"1\" cellpadding=\"4\" cellspacing=\"0\"><thead><tr><th>City / Province</th><th>Dry-Bulb (°C)</th><th>Wet-Bulb (°C)</th></tr></thead><tbody><tr><td>Adana</td><td>38</td><td>27</td></tr><tr><td>Adıyaman</td><td>38</td><td>23</td></tr><tr><td>Afyon</td><td>34</td><td>21</td></tr><tr><td>Ağrı</td><td>34</td><td>25</td></tr><tr><td>Aksaray</td><td>34</td><td>20</td></tr><tr><td>Amasya</td><td>31</td><td>21</td></tr><tr><td>Ankara</td><td>35</td><td>20</td></tr><tr><td>Antalya</td><td>39</td><td>28</td></tr><tr><td>Artvin</td><td>30</td><td>26</td></tr><tr><td>Aydın</td><td>39</td><td>24</td></tr><tr><td>Balıkesir</td><td>38</td><td>25</td></tr><tr><td>Bayburt</td><td>33</td><td>23</td></tr><tr><td>Bilecik</td><td>34</td><td>23</td></tr><tr><td>Bingöl</td><td>33</td><td>21</td></tr><tr><td>Bitlis</td><td>34</td><td>22</td></tr><tr><td>Bolu</td><td>34</td><td>23</td></tr><tr><td>Burdur</td><td>36</td><td>21</td></tr><tr><td>Bursa</td><td>37</td><td>25</td></tr><tr><td>Çanakkale</td><td>34</td><td>25</td></tr><tr><td>Çankırı</td><td>34</td><td>23</td></tr><tr><td>Çorum</td><td>29</td><td>22</td></tr><tr><td>Denizli</td><td>38</td><td>24</td></tr><tr><td>Diyarbakır</td><td>42</td><td>23</td></tr><tr><td>Düzce</td><td>34</td><td>24</td></tr><tr><td>Edirne</td><td>36</td><td>25</td></tr><tr><td>Elazığ</td><td>38</td><td>21</td></tr><tr><td>Erzincan</td><td>36</td><td>22</td></tr><tr><td>Erzurum</td><td>31</td><td>19</td></tr><tr><td>Eskişehir</td><td>34</td><td>22</td></tr><tr><td>Gaziantep</td><td>39</td><td>23</td></tr><tr><td>Giresun</td><td>29</td><td>25</td></tr><tr><td>Gümüşhane</td><td>33</td><td>23</td></tr><tr><td>Hakkari</td><td>34</td><td>20</td></tr><tr><td>Hatay</td><td>37</td><td>28</td></tr><tr><td>İskenderun</td><td>37</td><td>29</td></tr><tr><td>Isparta</td><td>34</td><td>21</td></tr><tr><td>Iğdır</td><td>33</td><td>22</td></tr><tr><td>İçel (Mersin)</td><td>35</td><td>29</td></tr><tr><td>İstanbul</td><td>33</td><td>24</td></tr><tr><td>İzmir</td><td>37</td><td>24</td></tr><tr><td>Karabük</td><td>32</td><td>25</td></tr><tr><td>Karaman</td><td>34</td><td>21</td></tr><tr><td>Kars</td><td>30</td><td>20</td></tr><tr><td>Kastamonu</td><td>34</td><td>22</td></tr><tr><td>Kayseri</td><td>36</td><td>23</td></tr><tr><td>Kırıkkale</td><td>35</td><td>21</td></tr><tr><td>Kırklareli</td><td>35</td><td>24</td></tr><tr><td>Kırşehir</td><td>35</td><td>21</td></tr><tr><td>Kilis</td><td>39</td><td>23</td></tr><tr><td>Kocaeli</td><td>36</td><td>25</td></tr><tr><td>Konya</td><td>34</td><td>21</td></tr><tr><td>Kütahya</td><td>33</td><td>21</td></tr><tr><td>Malatya</td><td>38</td><td>21</td></tr><tr><td>Manisa</td><td>40</td><td>25</td></tr><tr><td>Kahramanmaraş</td><td>36</td><td>25</td></tr><tr><td>Mardin</td><td>38</td><td>23</td></tr><tr><td>Muğla</td><td>37</td><td>22</td></tr><tr><td>Muş</td><td>32</td><td>20</td></tr><tr><td>Nevşehir</td><td>28</td><td>21</td></tr><tr><td>Niğde</td><td>34</td><td>20</td></tr><tr><td>Ordu</td><td>30</td><td>23</td></tr><tr><td>Osmaniye</td><td>38</td><td>26</td></tr><tr><td>Rize</td><td>30</td><td>26</td></tr><tr><td>Sakarya</td><td>35</td><td>25</td></tr><tr><td>Samsun</td><td>32</td><td>25</td></tr><tr><td>Siirt</td><td>40</td><td>23</td></tr><tr><td>Sinop</td><td>30</td><td>25</td></tr><tr><td>Sivas</td><td>33</td><td>20</td></tr><tr><td>Şırnak</td><td>38</td><td>21</td></tr><tr><td>Şanlıurfa</td><td>43</td><td>24</td></tr><tr><td>Tekirdağ</td><td>33</td><td>25</td></tr><tr><td>Tokat</td><td>29</td><td>20</td></tr><tr><td>Trabzon</td><td>31</td><td>25</td></tr><tr><td>Tunceli</td><td>37</td><td>22</td></tr><tr><td>Uşak</td><td>35</td><td>22</td></tr><tr><td>Van</td><td>33</td><td>20</td></tr><tr><td>Yalova</td><td>33</td><td>24</td></tr><tr><td>Yozgat</td><td>32</td><td>20</td></tr><tr><td>Zonguldak</td><td>32</td><td>25</td></tr></tbody></table><p><em>Source: Turkish State Meteorological Service (MGM)</em></p>','Turkey summer design dry-bulb and wet-bulb values','design, summer, dry-bulb, wet-bulb, turkey, climate data, hvac, cooling tower','Turkey Summer Design Dry-Bulb and Wet-Bulb Values','Reference table listing typical summer design dry-bulb and wet-bulb temperatures for provinces in Turkey. Intended for cooling tower selection and HVAC engineering calculations.','design, summer, dry-bulb, wet-bulb, turkey, climate data, hvac, cooling tower selection, wet-bulb temperature, dry-bulb temperature','2026-01-02 03:32:23.856','2026-01-02 03:32:23.856'),
('88888888-8888-4888-8999-333333333333','88888888-8888-8888-8888-888888888888','de','tuerkei-sommer-auslegung-trockenkugel-feuchtkugel-werte','Türkei: Sommer-Auslegungswerte für Trocken- und Feuchtkugel','<p>Diese Tabelle enthält typische <strong>Sommer-Auslegungswerte</strong> für Trocken- und Feuchtkugeltemperaturen nach Provinz in der Türkei. Sie kann als Praxisreferenz für die <strong>Kühlturm-Auswahl</strong>, die Auslegung von Kondensatorkreisläufen sowie allgemeine HVAC-Berechnungen verwendet werden.</p><p><strong>Hinweis:</strong> Die Werte repräsentieren typische Auslegungsbedingungen aus nationalen meteorologischen Datensätzen. Für projektsensitive Auslegungen sollten aktuelle Klimanormalen und/oder lokale Messwerte zusätzlich berücksichtigt werden.</p><table border=\"1\" cellpadding=\"4\" cellspacing=\"0\"><thead><tr><th>Stadt / Provinz</th><th>Trockenkugel (°C)</th><th>Feuchtkugel (°C)</th></tr></thead><tbody><tr><td>Adana</td><td>38</td><td>27</td></tr><tr><td>Adıyaman</td><td>38</td><td>23</td></tr><tr><td>Afyon</td><td>34</td><td>21</td></tr><tr><td>Ağrı</td><td>34</td><td>25</td></tr><tr><td>Aksaray</td><td>34</td><td>20</td></tr><tr><td>Amasya</td><td>31</td><td>21</td></tr><tr><td>Ankara</td><td>35</td><td>20</td></tr><tr><td>Antalya</td><td>39</td><td>28</td></tr><tr><td>Artvin</td><td>30</td><td>26</td></tr><tr><td>Aydın</td><td>39</td><td>24</td></tr><tr><td>Balıkesir</td><td>38</td><td>25</td></tr><tr><td>Bayburt</td><td>33</td><td>23</td></tr><tr><td>Bilecik</td><td>34</td><td>23</td></tr><tr><td>Bingöl</td><td>33</td><td>21</td></tr><tr><td>Bitlis</td><td>34</td><td>22</td></tr><tr><td>Bolu</td><td>34</td><td>23</td></tr><tr><td>Burdur</td><td>36</td><td>21</td></tr><tr><td>Bursa</td><td>37</td><td>25</td></tr><tr><td>Çanakkale</td><td>34</td><td>25</td></tr><tr><td>Çankırı</td><td>34</td><td>23</td></tr><tr><td>Çorum</td><td>29</td><td>22</td></tr><tr><td>Denizli</td><td>38</td><td>24</td></tr><tr><td>Diyarbakır</td><td>42</td><td>23</td></tr><tr><td>Düzce</td><td>34</td><td>24</td></tr><tr><td>Edirne</td><td>36</td><td>25</td></tr><tr><td>Elazığ</td><td>38</td><td>21</td></tr><tr><td>Erzincan</td><td>36</td><td>22</td></tr><tr><td>Erzurum</td><td>31</td><td>19</td></tr><tr><td>Eskişehir</td><td>34</td><td>22</td></tr><tr><td>Gaziantep</td><td>39</td><td>23</td></tr><tr><td>Giresun</td><td>29</td><td>25</td></tr><tr><td>Gümüşhane</td><td>33</td><td>23</td></tr><tr><td>Hakkari</td><td>34</td><td>20</td></tr><tr><td>Hatay</td><td>37</td><td>28</td></tr><tr><td>İskenderun</td><td>37</td><td>29</td></tr><tr><td>Isparta</td><td>34</td><td>21</td></tr><tr><td>Iğdır</td><td>33</td><td>22</td></tr><tr><td>İçel (Mersin)</td><td>35</td><td>29</td></tr><tr><td>İstanbul</td><td>33</td><td>24</td></tr><tr><td>İzmir</td><td>37</td><td>24</td></tr><tr><td>Karabük</td><td>32</td><td>25</td></tr><tr><td>Karaman</td><td>34</td><td>21</td></tr><tr><td>Kars</td><td>30</td><td>20</td></tr><tr><td>Kastamonu</td><td>34</td><td>22</td></tr><tr><td>Kayseri</td><td>36</td><td>23</td></tr><tr><td>Kırıkkale</td><td>35</td><td>21</td></tr><tr><td>Kırklareli</td><td>35</td><td>24</td></tr><tr><td>Kırşehir</td><td>35</td><td>21</td></tr><tr><td>Kilis</td><td>39</td><td>23</td></tr><tr><td>Kocaeli</td><td>36</td><td>25</td></tr><tr><td>Konya</td><td>34</td><td>21</td></tr><tr><td>Kütahya</td><td>33</td><td>21</td></tr><tr><td>Malatya</td><td>38</td><td>21</td></tr><tr><td>Manisa</td><td>40</td><td>25</td></tr><tr><td>Kahramanmaraş</td><td>36</td><td>25</td></tr><tr><td>Mardin</td><td>38</td><td>23</td></tr><tr><td>Muğla</td><td>37</td><td>22</td></tr><tr><td>Muş</td><td>32</td><td>20</td></tr><tr><td>Nevşehir</td><td>28</td><td>21</td></tr><tr><td>Niğde</td><td>34</td><td>20</td></tr><tr><td>Ordu</td><td>30</td><td>23</td></tr><tr><td>Osmaniye</td><td>38</td><td>26</td></tr><tr><td>Rize</td><td>30</td><td>26</td></tr><tr><td>Sakarya</td><td>35</td><td>25</td></tr><tr><td>Samsun</td><td>32</td><td>25</td></tr><tr><td>Siirt</td><td>40</td><td>23</td></tr><tr><td>Sinop</td><td>30</td><td>25</td></tr><tr><td>Sivas</td><td>33</td><td>20</td></tr><tr><td>Şırnak</td><td>38</td><td>21</td></tr><tr><td>Şanlıurfa</td><td>43</td><td>24</td></tr><tr><td>Tekirdağ</td><td>33</td><td>25</td></tr><tr><td>Tokat</td><td>29</td><td>20</td></tr><tr><td>Trabzon</td><td>31</td><td>25</td></tr><tr><td>Tunceli</td><td>37</td><td>22</td></tr><tr><td>Uşak</td><td>35</td><td>22</td></tr><tr><td>Van</td><td>33</td><td>20</td></tr><tr><td>Yalova</td><td>33</td><td>24</td></tr><tr><td>Yozgat</td><td>32</td><td>20</td></tr><tr><td>Zonguldak</td><td>32</td><td>25</td></tr></tbody></table><p><em>Quelle: Türkischer Wetterdienst / Meteoroloji Genel Müdürlüğü (MGM)</em></p>','Türkei: Sommer-Auslegungswerte Trocken-/Feuchtkugel','auslegung, sommer, trockenkugel, feuchtkugel, tuerkei, klimadaten, hvac, kuehlturm','Türkei: Sommer-Auslegungswerte für Trocken- und Feuchtkugel','Referenztabelle mit typischen Sommer-Auslegungswerten (Trockenkugel/Feuchtkugel) für Provinzen in der Türkei. Grundlage für Kühlturm-Auswahl und HVAC-Berechnungen.','auslegung, sommer, trockenkugel, feuchtkugel, tuerkei, klimadaten, hvac, kuehlturm auswahl, feuchtkugeltemperatur','2026-01-02 03:32:23.858','2026-01-02 03:32:23.858');
/*!40000 ALTER TABLE `library_i18n` ENABLE KEYS */;
UNLOCK TABLES;

--
-- Table structure for table `library_images`
--

DROP TABLE IF EXISTS `library_images`;
/*!40101 SET @saved_cs_client     = @@character_set_client */;
/*!40101 SET character_set_client = utf8mb4 */;
CREATE TABLE `library_images` (
  `id` char(36) NOT NULL,
  `library_id` char(36) NOT NULL,
  `image_asset_id` char(36) DEFAULT NULL,
  `image_url` varchar(500) DEFAULT NULL,
  `is_active` tinyint(1) NOT NULL DEFAULT 1,
  `display_order` int(11) NOT NULL DEFAULT 0,
  `created_at` datetime(3) NOT NULL DEFAULT current_timestamp(3),
  `updated_at` datetime(3) NOT NULL DEFAULT current_timestamp(3) ON UPDATE current_timestamp(3),
  PRIMARY KEY (`id`),
  KEY `library_images_library_idx` (`library_id`),
  KEY `library_images_active_idx` (`is_active`),
  KEY `library_images_order_idx` (`display_order`),
  KEY `library_images_asset_idx` (`image_asset_id`),
  CONSTRAINT `fk_library_images_asset` FOREIGN KEY (`image_asset_id`) REFERENCES `storage_assets` (`id`) ON DELETE SET NULL ON UPDATE CASCADE,
  CONSTRAINT `fk_library_images_library` FOREIGN KEY (`library_id`) REFERENCES `library` (`id`) ON DELETE CASCADE ON UPDATE CASCADE
) ENGINE=InnoDB DEFAULT CHARSET=utf8mb4 COLLATE=utf8mb4_unicode_ci;
/*!40101 SET character_set_client = @saved_cs_client */;

--
-- Dumping data for table `library_images`
--

LOCK TABLES `library_images` WRITE;
/*!40000 ALTER TABLE `library_images` DISABLE KEYS */;
INSERT INTO `library_images` VALUES
('22222222-2222-4222-8222-aaaaaaaaaaaa','11111111-1111-1111-1111-111111111111',NULL,'https://res.cloudinary.com/dbozv7wqd/image/upload/v1752786288/uploads/metahub/about-images/closed-circuit-water-cooling-towers1-1752786287184-840184158.webp',1,10,'2026-01-02 03:32:23.733','2026-01-02 03:32:23.768'),
('22222222-2222-4222-8222-bbbbbbbbbbbb','11111111-1111-1111-1111-111111111111',NULL,'https://res.cloudinary.com/dbozv7wqd/image/upload/v1752786288/uploads/metahub/about-images/closed-circuit-water-cooling-towers1-1752786287184-840184158.webp',1,20,'2026-01-02 03:32:23.734','2026-01-02 03:32:23.768'),
('22222222-2222-4222-8222-cccccccccccc','11111111-1111-1111-1111-111111111111',NULL,'https://res.cloudinary.com/dbozv7wqd/image/upload/v1752786288/uploads/metahub/about-images/closed-circuit-water-cooling-towers1-1752786287184-840184158.webp',1,30,'2026-01-02 03:32:23.734','2026-01-02 03:32:23.768'),
('33333333-4444-4555-8666-aaaaaaaaaaaa','33333333-3333-3333-3333-333333333333',NULL,'https://res.cloudinary.com/dbozv7wqd/image/upload/v1752786288/uploads/metahub/about-images/closed-circuit-water-cooling-towers1-1752786287184-840184158.webp',1,10,'2026-01-02 03:32:23.786','2026-01-02 03:32:23.786'),
('33333333-4444-4555-8666-bbbbbbbbbbbb','33333333-3333-3333-3333-333333333333',NULL,'https://res.cloudinary.com/dbozv7wqd/image/upload/v1752786288/uploads/metahub/about-images/closed-circuit-water-cooling-towers1-1752786287184-840184158.webp',1,20,'2026-01-02 03:32:23.787','2026-01-02 03:32:23.787'),
('33333333-4444-4555-8666-cccccccccccc','33333333-3333-3333-3333-333333333333',NULL,'https://res.cloudinary.com/dbozv7wqd/image/upload/v1752786288/uploads/metahub/about-images/closed-circuit-water-cooling-towers1-1752786287184-840184158.webp',1,30,'2026-01-02 03:32:23.787','2026-01-02 03:32:23.787'),
('44444444-5555-4666-8777-aaaaaaaaaaaa','44444444-4444-4444-4444-444444444444',NULL,'https://www.ensotek.de/uploads/library/how-is-closed-circuit-water-cooling-tower-operation.png',1,10,'2026-01-02 03:32:23.801','2026-01-02 03:32:23.801'),
('44444444-5555-4666-8777-bbbbbbbbbbbb','44444444-4444-4444-4444-444444444444',NULL,'https://res.cloudinary.com/dbozv7wqd/image/upload/v1752786288/uploads/metahub/about-images/closed-circuit-water-cooling-towers1-1752786287184-840184158.webp',1,20,'2026-01-02 03:32:23.802','2026-01-02 03:32:23.802'),
('44444444-5555-4666-8777-cccccccccccc','44444444-4444-4444-4444-444444444444',NULL,'https://res.cloudinary.com/dbozv7wqd/image/upload/v1752786288/uploads/metahub/about-images/closed-circuit-water-cooling-towers1-1752786287184-840184158.webp',1,30,'2026-01-02 03:32:23.802','2026-01-02 03:32:23.802'),
('55555555-6666-4777-8888-aaaaaaaaaaaa','55555555-5555-5555-5555-555555555555',NULL,'https://www.ensotek.de/uploads/library/su-sogutma-kulesi-ozellikleri-1.jpg',1,10,'2026-01-02 03:32:23.824','2026-01-02 03:32:23.824'),
('55555555-6666-4777-8888-bbbbbbbbbbbb','55555555-5555-5555-5555-555555555555',NULL,'https://res.cloudinary.com/dbozv7wqd/image/upload/v1752786288/uploads/metahub/about-images/closed-circuit-water-cooling-towers1-1752786287184-840184158.webp',1,20,'2026-01-02 03:32:23.825','2026-01-02 03:32:23.825'),
('55555555-6666-4777-8888-cccccccccccc','55555555-5555-5555-5555-555555555555',NULL,'https://res.cloudinary.com/dbozv7wqd/image/upload/v1752786288/uploads/metahub/about-images/closed-circuit-water-cooling-towers1-1752786287184-840184158.webp',1,30,'2026-01-02 03:32:23.825','2026-01-02 03:32:23.825'),
('88888888-9999-4000-8000-aaaaaaaaaaaa','88888888-8888-8888-8888-888888888888',NULL,'https://res.cloudinary.com/dbozv7wqd/image/upload/v1752786288/uploads/metahub/about-images/closed-circuit-water-cooling-towers1-1752786287184-840184158.webp',1,10,'2026-01-02 03:32:23.860','2026-01-02 03:32:23.860');
/*!40000 ALTER TABLE `library_images` ENABLE KEYS */;
UNLOCK TABLES;

--
-- Table structure for table `library_images_i18n`
--

DROP TABLE IF EXISTS `library_images_i18n`;
/*!40101 SET @saved_cs_client     = @@character_set_client */;
/*!40101 SET character_set_client = utf8mb4 */;
CREATE TABLE `library_images_i18n` (
  `id` char(36) NOT NULL,
  `image_id` char(36) NOT NULL,
  `locale` varchar(10) NOT NULL,
  `title` varchar(255) DEFAULT NULL,
  `alt` varchar(255) DEFAULT NULL,
  `caption` varchar(500) DEFAULT NULL,
  `created_at` datetime(3) NOT NULL DEFAULT current_timestamp(3),
  `updated_at` datetime(3) NOT NULL DEFAULT current_timestamp(3) ON UPDATE current_timestamp(3),
  PRIMARY KEY (`id`),
  UNIQUE KEY `ux_library_images_i18n_unique` (`image_id`,`locale`),
  KEY `library_images_i18n_locale_idx` (`locale`),
  CONSTRAINT `fk_library_images_i18n_image` FOREIGN KEY (`image_id`) REFERENCES `library_images` (`id`) ON DELETE CASCADE ON UPDATE CASCADE
) ENGINE=InnoDB DEFAULT CHARSET=utf8mb4 COLLATE=utf8mb4_unicode_ci;
/*!40101 SET character_set_client = @saved_cs_client */;

--
-- Dumping data for table `library_images_i18n`
--

LOCK TABLES `library_images_i18n` WRITE;
/*!40000 ALTER TABLE `library_images_i18n` DISABLE KEYS */;
INSERT INTO `library_images_i18n` VALUES
('33333333-3333-4333-8333-111111111111','22222222-2222-4222-8222-aaaaaaaaaaaa','tr','Ensotek soğutma kulesi malzeme ve dolgu örneği','Ensotek soğutma kulesi gövde ve dolgu örneği görseli','Ensotek soğutma kulesi – malzeme ve dolgu seçenekleri','2026-01-02 03:32:23.736','2026-01-02 03:32:23.769'),
('33333333-3333-4333-8333-222222222222','22222222-2222-4222-8222-aaaaaaaaaaaa','en','Ensotek tower body and fill example','Image showing tower body and fill examples','Ensotek cooling tower – materials and fill options','2026-01-02 03:32:23.737','2026-01-02 03:32:23.769'),
('33333333-3333-4333-8333-333333333333','22222222-2222-4222-8222-aaaaaaaaaaaa','de','Beispiel für Gehäuse und Füllkörper','Bild mit Gehäuse- und Füllkörperbeispielen','Ensotek Kühlturm – Materialien und Füllkörper-Optionen','2026-01-02 03:32:23.738','2026-01-02 03:32:23.769'),
('33333333-3333-4333-8333-444444444444','22222222-2222-4222-8222-bbbbbbbbbbbb','tr','Dolgu bölgesi ve hava akışı','Soğutma kulesi dolgu bölgesi ve hava akışı görseli','Dolgu bölgesi – ısı transferinde kritik alan','2026-01-02 03:32:23.739','2026-01-02 03:32:23.769'),
('33333333-3333-4333-8333-555555555555','22222222-2222-4222-8222-bbbbbbbbbbbb','en','Fill section and airflow','Cooling tower fill section and airflow image','Fill section – critical area for heat transfer','2026-01-02 03:32:23.740','2026-01-02 03:32:23.770'),
('33333333-3333-4333-8333-666666666666','22222222-2222-4222-8222-bbbbbbbbbbbb','de','Füllkörperbereich und Luftströmung','Bild vom Füllkörperbereich und der Luftströmung im Kühlturm','Füllkörper – kritischer Bereich für den Wärmeaustausch','2026-01-02 03:32:23.741','2026-01-02 03:32:23.770'),
('33333333-3333-4333-8333-777777777777','22222222-2222-4222-8222-cccccccccccc','tr','Saha kurulumu örneği','Endüstriyel tesiste soğutma kulesi saha kurulumu görseli','Soğutma kulesi – saha uygulaması ve işletme','2026-01-02 03:32:23.742','2026-01-02 03:32:23.770'),
('33333333-3333-4333-8333-888888888888','22222222-2222-4222-8222-cccccccccccc','en','Field installation example','Cooling tower field installation image','Cooling tower – field application and operation','2026-01-02 03:32:23.743','2026-01-02 03:32:23.771'),
('33333333-3333-4333-8333-999999999999','22222222-2222-4222-8222-cccccccccccc','de','Beispiel einer Vor-Ort-Installation','Bild einer Kühlturm-Installation im industriellen Einsatz','Kühlturm – Vor-Ort-Anwendung und Betrieb','2026-01-02 03:32:23.743','2026-01-02 03:32:23.772'),
('33333333-5555-4666-8777-111111111111','33333333-4444-4555-8666-aaaaaaaaaaaa','tr','Açık tip soğutma kulesi çalışma prensibi','Açık tip su soğutma kulesi çalışma prensibi görseli','Açık devre kule – karşı akışlı çalışma prensibi','2026-01-02 03:32:23.788','2026-01-02 03:32:23.788'),
('33333333-5555-4666-8777-222222222222','33333333-4444-4555-8666-aaaaaaaaaaaa','en','Open-circuit cooling tower working principle','Open-circuit cooling tower working principle image','Open loop tower – induced-draft counterflow principle','2026-01-02 03:32:23.788','2026-01-02 03:32:23.788'),
('33333333-5555-4666-8777-333333333333','33333333-4444-4555-8666-aaaaaaaaaaaa','de','Funktionsprinzip offener Kühlturm','Bild: Funktionsprinzip eines offenen Kühlturms','Offener Kreislauf – Gegenstrom mit induziertem Zug','2026-01-02 03:32:23.789','2026-01-02 03:32:23.789'),
('33333333-5555-4666-8777-444444444444','33333333-4444-4555-8666-bbbbbbbbbbbb','tr','Dolgu bölgesi ve hava akışı','Soğutma kulesi dolgu bölgesi ve hava akışı görseli','Dolgu bölgesi – ısı transferinde kritik alan','2026-01-02 03:32:23.789','2026-01-02 03:32:23.789'),
('33333333-5555-4666-8777-555555555555','33333333-4444-4555-8666-bbbbbbbbbbbb','en','Fill section and airflow','Cooling tower fill section and airflow image','Fill section – critical area for heat transfer','2026-01-02 03:32:23.789','2026-01-02 03:32:23.789'),
('33333333-5555-4666-8777-666666666666','33333333-4444-4555-8666-bbbbbbbbbbbb','de','Füllkörperbereich und Luftströmung','Bild vom Füllkörperbereich und der Luftströmung im Kühlturm','Füllkörper – kritischer Bereich für den Wärmeaustausch','2026-01-02 03:32:23.790','2026-01-02 03:32:23.790'),
('33333333-5555-4666-8777-777777777777','33333333-4444-4555-8666-cccccccccccc','tr','Saha kurulumu örneği','Endüstriyel tesiste soğutma kulesi saha kurulumu görseli','Soğutma kulesi – saha uygulaması ve işletme','2026-01-02 03:32:23.790','2026-01-02 03:32:23.790'),
('33333333-5555-4666-8777-888888888888','33333333-4444-4555-8666-cccccccccccc','en','Field installation example','Cooling tower field installation image','Cooling tower – field application and operation','2026-01-02 03:32:23.791','2026-01-02 03:32:23.791'),
('33333333-5555-4666-8777-999999999999','33333333-4444-4555-8666-cccccccccccc','de','Beispiel einer Vor-Ort-Installation','Bild einer Kühlturm-Installation im industriellen Einsatz','Kühlturm – Vor-Ort-Anwendung und Betrieb','2026-01-02 03:32:23.792','2026-01-02 03:32:23.792'),
('44444444-6666-4777-8888-111111111111','44444444-5555-4666-8777-aaaaaaaaaaaa','tr','Kapalı çevrim soğutma kulesi çalışma prensibi','Kapalı çevrim su soğutma kulesi çalışma prensibi görseli','Serpantin (eşanjör) üzerinden dolaylı soğutma ve sprey suyu devresi','2026-01-02 03:32:23.803','2026-01-02 03:32:23.803'),
('44444444-6666-4777-8888-222222222222','44444444-5555-4666-8777-aaaaaaaaaaaa','en','Closed-circuit cooling tower working principle','Closed-circuit cooling tower working principle image','Indirect cooling via coil heat exchanger and spray-water loop','2026-01-02 03:32:23.803','2026-01-02 03:32:23.803'),
('44444444-6666-4777-8888-333333333333','44444444-5555-4666-8777-aaaaaaaaaaaa','de','Funktionsprinzip geschlossener Kühlturm','Bild: Funktionsprinzip eines geschlossenen Kühlturms','Indirekte Kühlung über Register mit Sprühwasserkreislauf; Free Cooling und Frostschutzaspekte','2026-01-02 03:32:23.804','2026-01-02 03:32:23.804'),
('44444444-6666-4777-8888-444444444444','44444444-5555-4666-8777-bbbbbbbbbbbb','tr','Sprey suyu devresi ve serpantin yüzeyi','Kapalı devre kulede sprey suyu ve serpantin yüzeyi görseli','Sprey suyu, serpantin yüzeyinden ısı alarak soğutmayı destekler','2026-01-02 03:32:23.804','2026-01-02 03:32:23.804'),
('44444444-6666-4777-8888-555555555555','44444444-5555-4666-8777-bbbbbbbbbbbb','en','Spray-water loop and coil surface','Image showing spray-water over the coil surface in a closed-circuit tower','Spray water removes heat from the coil surface to enhance cooling','2026-01-02 03:32:23.805','2026-01-02 03:32:23.805'),
('44444444-6666-4777-8888-666666666666','44444444-5555-4666-8777-bbbbbbbbbbbb','de','Sprühwasserkreislauf und Registeroberfläche','Bild: Sprühwasser auf der Registeroberfläche im geschlossenen Kühlturm','Sprühwasser entzieht der Registeroberfläche Wärme und unterstützt die Kühlung','2026-01-02 03:32:23.805','2026-01-02 03:32:23.805'),
('44444444-6666-4777-8888-777777777777','44444444-5555-4666-8777-cccccccccccc','tr','Free cooling (kuru çalışma) işletmesi','Kapalı devre kulede free cooling (kuru çalışma) görseli','Soğuk havalarda sprey kapatılarak hava ile kuru soğutma yapılabilir','2026-01-02 03:32:23.805','2026-01-02 03:32:23.805'),
('44444444-6666-4777-8888-888888888888','44444444-5555-4666-8777-cccccccccccc','en','Free cooling (dry operation) mode','Image illustrating free cooling (dry operation) in a closed-circuit tower','In cold weather, spray can be turned off and the tower can run air-only like a dry cooler','2026-01-02 03:32:23.806','2026-01-02 03:32:23.806'),
('44444444-6666-4777-8888-999999999999','44444444-5555-4666-8777-cccccccccccc','de','Free Cooling (Trockenbetrieb)','Bild: Free Cooling / Trockenbetrieb bei einem geschlossenen Kühlturm','Bei niedrigen Außentemperaturen kann ohne Sprühwasser im Luftbetrieb gekühlt werden (ähnlich Trockenkühler)','2026-01-02 03:32:23.807','2026-01-02 03:32:23.807'),
('55555555-7777-4888-9999-111111111111','55555555-6666-4777-8888-aaaaaaaaaaaa','tr','Kule seçimi için gerekli bilgiler','Soğutma kulesi seçimi için gerekli veriler kontrol listesi','Debi, sıcaklıklar, yaş termometre, su kalitesi ve kurulum parametreleri','2026-01-02 03:32:23.826','2026-01-02 03:32:23.826'),
('55555555-7777-4888-9999-222222222222','55555555-6666-4777-8888-aaaaaaaaaaaa','en','Required data for cooling tower selection','Cooling tower selection checklist and required inputs','Flow and temperatures, wet-bulb design, water quality, blowdown and site constraints','2026-01-02 03:32:23.826','2026-01-02 03:32:23.826'),
('55555555-7777-4888-9999-333333333333','55555555-6666-4777-8888-aaaaaaaaaaaa','de','Erforderliche Daten für die Kühlturm-Auswahl','Checkliste für die Kühlturm-Auswahl: erforderliche Eingabedaten','Volumenstrom/Temperaturen, Feuchtkugel-Auslegung, Wasserqualität, Abschlämmung und Standortbedingungen','2026-01-02 03:32:23.827','2026-01-02 03:32:23.827'),
('55555555-7777-4888-9999-444444444444','55555555-6666-4777-8888-bbbbbbbbbbbb','tr','Tasarım verileri ve yaklaşım (approach)','Kule seçimi için tasarım verileri: yaş termometre, range ve approach','Yaş termometre ve yaklaşım hedefi, kule boyutu ve maliyetini doğrudan etkiler','2026-01-02 03:32:23.827','2026-01-02 03:32:23.827'),
('55555555-7777-4888-9999-555555555555','55555555-6666-4777-8888-bbbbbbbbbbbb','en','Design data and approach target','Selection design inputs: wet-bulb, range and approach','Wet-bulb and approach targets directly affect tower size and cost','2026-01-02 03:32:23.828','2026-01-02 03:32:23.828'),
('55555555-7777-4888-9999-666666666666','55555555-6666-4777-8888-bbbbbbbbbbbb','de','Auslegungsdaten und Approach-Ziel','Auswahl-Eingaben: Feuchtkugel, Range und Approach','Feuchtkugel und Approach-Ziel beeinflussen Kühlturmgröße und Kosten direkt','2026-01-02 03:32:23.828','2026-01-02 03:32:23.828'),
('55555555-7777-4888-9999-777777777777','55555555-6666-4777-8888-cccccccccccc','tr','Su kalitesi ve işletme parametreleri','Kule seçimi için su kalitesi, blöf ve kirlenme faktörleri','Su analizi ve blöf stratejisi; dolgu/nozul seçimi ve bakım ihtiyacını belirler','2026-01-02 03:32:23.829','2026-01-02 03:32:23.829'),
('55555555-7777-4888-9999-888888888888','55555555-6666-4777-8888-cccccccccccc','en','Water quality and operating factors','Water quality, blowdown and fouling factors for tower selection','Water analysis and blowdown strategy drive fill/nozzle choice and maintenance needs','2026-01-02 03:32:23.829','2026-01-02 03:32:23.829'),
('55555555-7777-4888-9999-999999999999','55555555-6666-4777-8888-cccccccccccc','de','Wasserqualität und Betriebsparameter','Wasserqualität, Abschlämmung und Verschmutzungsfaktoren für die Auswahl','Wasseranalyse und Blowdown-Strategie bestimmen Füllkörper/Düsen und den Wartungsaufwand','2026-01-02 03:32:23.830','2026-01-02 03:32:23.830'),
('88888888-9999-4111-8111-111111111111','88888888-9999-4000-8000-aaaaaaaaaaaa','tr','Türkiye yaz tasarım kuru/yaş termometre değerleri','Türkiye illerine göre yaz kuru ve yaş termometre tasarım değerleri tablosu','Soğutma kulesi ve HVAC tasarımı için referans kuru/yaş termometre (dry/wet bulb) değerleri','2026-01-02 03:32:23.860','2026-01-02 03:32:23.860'),
('88888888-9999-4111-8111-222222222222','88888888-9999-4000-8000-aaaaaaaaaaaa','en','Turkey summer design dry-bulb and wet-bulb values','Table of Turkey summer design dry-bulb and wet-bulb temperatures by province','Reference dry/wet bulb design values for cooling tower selection and HVAC engineering','2026-01-02 03:32:23.861','2026-01-02 03:32:23.861'),
('88888888-9999-4111-8111-333333333333','88888888-9999-4000-8000-aaaaaaaaaaaa','de','Türkei: Sommer-Auslegungswerte Trocken- und Feuchtkugel','Tabelle der Sommer-Auslegungswerte (Trocken-/Feuchtkugel) nach Provinz in der Türkei','Referenzwerte für Kühlturm-Auswahl und HVAC-Auslegung: Trocken-/Feuchtkugeltemperaturen','2026-01-02 03:32:23.861','2026-01-02 03:32:23.861');
/*!40000 ALTER TABLE `library_images_i18n` ENABLE KEYS */;
UNLOCK TABLES;

--
-- Table structure for table `menu_items`
--

DROP TABLE IF EXISTS `menu_items`;
/*!40101 SET @saved_cs_client     = @@character_set_client */;
/*!40101 SET character_set_client = utf8mb4 */;
CREATE TABLE `menu_items` (
  `id` char(36) NOT NULL,
  `parent_id` char(36) DEFAULT NULL,
  `type` enum('page','custom') NOT NULL DEFAULT 'custom',
  `page_id` char(36) DEFAULT NULL,
  `location` enum('header','footer') NOT NULL DEFAULT 'header',
  `section_id` char(36) DEFAULT NULL,
  `icon` varchar(64) DEFAULT NULL,
  `order_num` int(11) NOT NULL DEFAULT 0,
  `is_active` tinyint(1) NOT NULL DEFAULT 1,
  `created_at` datetime(3) NOT NULL DEFAULT current_timestamp(3),
  `updated_at` datetime(3) NOT NULL DEFAULT current_timestamp(3) ON UPDATE current_timestamp(3),
  PRIMARY KEY (`id`),
  KEY `menu_items_parent_idx` (`parent_id`),
  KEY `menu_items_active_idx` (`is_active`),
  KEY `menu_items_order_idx` (`order_num`),
  KEY `menu_items_created_idx` (`created_at`),
  KEY `menu_items_updated_idx` (`updated_at`),
  KEY `menu_items_location_idx` (`location`),
  KEY `menu_items_section_idx` (`section_id`),
  KEY `menu_items_loc_parent_order_idx` (`location`,`parent_id`,`order_num`),
  CONSTRAINT `menu_items_parent_fk` FOREIGN KEY (`parent_id`) REFERENCES `menu_items` (`id`) ON DELETE SET NULL ON UPDATE CASCADE
) ENGINE=InnoDB DEFAULT CHARSET=utf8mb4 COLLATE=utf8mb4_unicode_ci;
/*!40101 SET character_set_client = @saved_cs_client */;

--
-- Dumping data for table `menu_items`
--

LOCK TABLES `menu_items` WRITE;
/*!40000 ALTER TABLE `menu_items` DISABLE KEYS */;
INSERT INTO `menu_items` VALUES
('24c49639-01d0-4274-8fb9-c31ed64d0726',NULL,'custom',NULL,'footer','f942a930-6743-4ecc-b4b3-1fd6b77f9d77',NULL,2,1,'2026-01-02 03:32:24.768','2026-01-02 03:32:24.768'),
('25740da6-c0f2-4c1d-b131-998018699bfd',NULL,'custom',NULL,'header',NULL,NULL,1,1,'2026-01-02 03:32:24.768','2026-01-02 03:32:24.768'),
('33333333-4444-5555-6666-777777777777',NULL,'custom',NULL,'header',NULL,NULL,7,1,'2026-01-02 03:32:24.768','2026-01-02 03:32:24.768'),
('3d325c92-d59e-4730-8301-5c9bcff463bc',NULL,'custom',NULL,'footer','f942a930-6743-4ecc-b4b3-1fd6b77f9d77',NULL,1,1,'2026-01-02 03:32:24.768','2026-01-02 03:32:24.768'),
('455c6ddf-658b-4c0f-8a9e-0b104708dd07',NULL,'custom',NULL,'header',NULL,NULL,9,1,'2026-01-02 03:32:24.768','2026-01-02 03:32:24.768'),
('555c6ddf-658b-4c0f-8a9e-0b104708dd07',NULL,'custom',NULL,'header',NULL,NULL,8,1,'2026-01-02 03:32:24.768','2026-01-02 03:32:24.768'),
('5a000001-1111-4111-8111-5a0000000001','c47a1c3f-cea1-4780-9381-77336bc8ac59','custom',NULL,'header',NULL,NULL,0,1,'2026-01-02 03:32:24.768','2026-01-02 03:32:24.768'),
('5a000002-1111-4111-8111-5a0000000002','c47a1c3f-cea1-4780-9381-77336bc8ac59','custom',NULL,'header',NULL,NULL,1,1,'2026-01-02 03:32:24.768','2026-01-02 03:32:24.768'),
('5a000003-1111-4111-8111-5a0000000003','c47a1c3f-cea1-4780-9381-77336bc8ac59','custom',NULL,'header',NULL,NULL,2,1,'2026-01-02 03:32:24.768','2026-01-02 03:32:24.768'),
('5a000004-1111-4111-8111-5a0000000004','c47a1c3f-cea1-4780-9381-77336bc8ac59','custom',NULL,'header',NULL,NULL,3,1,'2026-01-02 03:32:24.768','2026-01-02 03:32:24.768'),
('5a000005-1111-4111-8111-5a0000000005','c47a1c3f-cea1-4780-9381-77336bc8ac59','custom',NULL,'header',NULL,NULL,4,1,'2026-01-02 03:32:24.768','2026-01-02 03:32:24.768'),
('5a000006-1111-4111-8111-5a0000000006','c47a1c3f-cea1-4780-9381-77336bc8ac59','custom',NULL,'header',NULL,NULL,5,1,'2026-01-02 03:32:24.768','2026-01-02 03:32:24.768'),
('5a000007-1111-4111-8111-5a0000000007','c47a1c3f-cea1-4780-9381-77336bc8ac59','custom',NULL,'header',NULL,NULL,6,1,'2026-01-02 03:32:24.768','2026-01-02 03:32:24.768'),
('5a000008-1111-4111-8111-5a0000000008','c47a1c3f-cea1-4780-9381-77336bc8ac59','custom',NULL,'header',NULL,NULL,7,1,'2026-01-02 03:32:24.768','2026-01-02 03:32:24.768'),
('5a000009-1111-4111-8111-5a0000000009','c47a1c3f-cea1-4780-9381-77336bc8ac59','custom',NULL,'header',NULL,NULL,8,1,'2026-01-02 03:32:24.768','2026-01-02 03:32:24.768'),
('6a4f6b37-ed99-4d98-8c54-d658096aacde',NULL,'custom',NULL,'footer','59583ef1-0ba1-4c7c-b806-84fd204b52b9',NULL,0,1,'2026-01-02 03:32:24.768','2026-01-02 03:32:24.768'),
('71c28444-7b6e-47ae-92be-f59206a1b820',NULL,'custom',NULL,'footer','f942a930-6743-4ecc-b4b3-1fd6b77f9d77',NULL,0,1,'2026-01-02 03:32:24.768','2026-01-02 03:32:24.768'),
('7b000001-1111-4111-8111-7b0000000001','ceed431a-aafb-4aba-bf1f-6217b3960c01','custom',NULL,'header',NULL,NULL,0,1,'2026-01-02 03:32:24.768','2026-01-02 03:32:24.768'),
('7b000002-1111-4111-8111-7b0000000002','ceed431a-aafb-4aba-bf1f-6217b3960c01','custom',NULL,'header',NULL,NULL,1,1,'2026-01-02 03:32:24.768','2026-01-02 03:32:24.768'),
('7b000003-1111-4111-8111-7b0000000003','ceed431a-aafb-4aba-bf1f-6217b3960c01','custom',NULL,'header',NULL,NULL,2,1,'2026-01-02 03:32:24.768','2026-01-02 03:32:24.768'),
('88888888-1111-2222-3333-444444444444','f2570596-db46-4028-902c-d6fe2c9a8312','custom',NULL,'header',NULL,NULL,0,1,'2026-01-02 03:32:24.768','2026-01-02 03:32:24.768'),
('88888888-1111-2222-3333-555555555555','f2570596-db46-4028-902c-d6fe2c9a8312','custom',NULL,'header',NULL,NULL,1,1,'2026-01-02 03:32:24.768','2026-01-02 03:32:24.768'),
('a9b1c2d3-e4f5-4a66-8b11-111111111111',NULL,'custom',NULL,'footer','b3b7e7b2-7d75-4c5f-9b9d-8f0d3c1a0d77','linkedin',0,1,'2026-01-02 03:32:24.768','2026-01-02 03:32:24.768'),
('a9b1c2d3-e4f5-4a66-8b11-222222222222',NULL,'custom',NULL,'footer','b3b7e7b2-7d75-4c5f-9b9d-8f0d3c1a0d77','instagram',1,1,'2026-01-02 03:32:24.768','2026-01-02 03:32:24.768'),
('a9b1c2d3-e4f5-4a66-8b11-333333333333',NULL,'custom',NULL,'footer','b3b7e7b2-7d75-4c5f-9b9d-8f0d3c1a0d77','youtube',2,1,'2026-01-02 03:32:24.768','2026-01-02 03:32:24.768'),
('a9b1c2d3-e4f5-4a66-8b11-444444444444',NULL,'custom',NULL,'footer','b3b7e7b2-7d75-4c5f-9b9d-8f0d3c1a0d77','x',3,1,'2026-01-02 03:32:24.768','2026-01-02 03:32:24.768'),
('aaaa1111-2222-3333-4444-555555555555','25740da6-c0f2-4c1d-b131-998018699bfd','custom',NULL,'header',NULL,NULL,0,1,'2026-01-02 03:32:24.768','2026-01-02 03:32:24.768'),
('aaaa1111-2222-3333-4444-666666666666','25740da6-c0f2-4c1d-b131-998018699bfd','custom',NULL,'header',NULL,NULL,1,1,'2026-01-02 03:32:24.768','2026-01-02 03:32:24.768'),
('aaaa1111-2222-3333-4444-777777777777','25740da6-c0f2-4c1d-b131-998018699bfd','custom',NULL,'header',NULL,NULL,2,1,'2026-01-02 03:32:24.768','2026-01-02 03:32:24.768'),
('aaaa1111-2222-3333-4444-888888888888','25740da6-c0f2-4c1d-b131-998018699bfd','custom',NULL,'header',NULL,NULL,3,1,'2026-01-02 03:32:24.768','2026-01-02 03:32:24.768'),
('aaaa1111-2222-3333-4444-999999999999','25740da6-c0f2-4c1d-b131-998018699bfd','custom',NULL,'header',NULL,NULL,4,1,'2026-01-02 03:32:24.768','2026-01-02 03:32:24.768'),
('b0d7d0c1-2c5d-4a9c-9d7f-0e2a6c6f1111',NULL,'custom',NULL,'footer','59583ef1-0ba1-4c7c-b806-84fd204b52b9',NULL,1,1,'2026-01-02 03:32:24.768','2026-01-02 03:32:24.768'),
('b0d7d0c1-2c5d-4a9c-9d7f-0e2a6c6f1112',NULL,'custom',NULL,'footer','59583ef1-0ba1-4c7c-b806-84fd204b52b9',NULL,2,1,'2026-01-02 03:32:24.768','2026-01-02 03:32:24.768'),
('b0d7d0c1-2c5d-4a9c-9d7f-0e2a6c6f1113',NULL,'custom',NULL,'footer','59583ef1-0ba1-4c7c-b806-84fd204b52b9',NULL,3,1,'2026-01-02 03:32:24.768','2026-01-02 03:32:24.768'),
('b0d7d0c1-2c5d-4a9c-9d7f-0e2a6c6f1114',NULL,'custom',NULL,'footer','59583ef1-0ba1-4c7c-b806-84fd204b52b9',NULL,4,1,'2026-01-02 03:32:24.768','2026-01-02 03:32:24.768'),
('b0d7d0c1-2c5d-4a9c-9d7f-0e2a6c6f1115',NULL,'custom',NULL,'footer','59583ef1-0ba1-4c7c-b806-84fd204b52b9',NULL,5,1,'2026-01-02 03:32:24.768','2026-01-02 03:32:24.768'),
('b0d7d0c1-2c5d-4a9c-9d7f-0e2a6c6f1116',NULL,'custom',NULL,'footer','59583ef1-0ba1-4c7c-b806-84fd204b52b9',NULL,6,1,'2026-01-02 03:32:24.768','2026-01-02 03:32:24.768'),
('b0d7d0c1-2c5d-4a9c-9d7f-0e2a6c6f1117',NULL,'custom',NULL,'footer','59583ef1-0ba1-4c7c-b806-84fd204b52b9',NULL,7,1,'2026-01-02 03:32:24.768','2026-01-02 03:32:24.768'),
('b6a6f5d1-8e1a-4a1c-9b0f-1c7a0d111111',NULL,'custom',NULL,'footer','f942a930-6743-4ecc-b4b3-1fd6b77f9d77',NULL,3,1,'2026-01-02 03:32:24.768','2026-01-02 03:32:24.768'),
('b6a6f5d1-8e1a-4a1c-9b0f-1c7a0d111112',NULL,'custom',NULL,'footer','f942a930-6743-4ecc-b4b3-1fd6b77f9d77',NULL,4,1,'2026-01-02 03:32:24.768','2026-01-02 03:32:24.768'),
('b6a6f5d1-8e1a-4a1c-9b0f-1c7a0d111113',NULL,'custom',NULL,'footer','f942a930-6743-4ecc-b4b3-1fd6b77f9d77',NULL,5,1,'2026-01-02 03:32:24.768','2026-01-02 03:32:24.768'),
('c47a1c3f-cea1-4780-9381-77336bc8ac59',NULL,'custom',NULL,'header',NULL,NULL,2,1,'2026-01-02 03:32:24.768','2026-01-02 03:32:24.768'),
('c9a7e2a1-0b6b-45e9-9b8c-3f6d2a111111',NULL,'custom',NULL,'footer','a0e2b2a9-7f0d-4f30-9a64-3ed7bd1d3c10',NULL,0,1,'2026-01-02 03:32:24.768','2026-01-02 03:32:24.768'),
('c9a7e2a1-0b6b-45e9-9b8c-3f6d2a111112',NULL,'custom',NULL,'footer','a0e2b2a9-7f0d-4f30-9a64-3ed7bd1d3c10',NULL,1,1,'2026-01-02 03:32:24.768','2026-01-02 03:32:24.768'),
('ceed431a-aafb-4aba-bf1f-6217b3960c01',NULL,'custom',NULL,'header',NULL,NULL,6,1,'2026-01-02 03:32:24.768','2026-01-02 03:32:24.768'),
('f2570596-db46-4028-902c-d6fe2c9a8312',NULL,'custom',NULL,'header',NULL,NULL,3,1,'2026-01-02 03:32:24.768','2026-01-02 03:32:24.768'),
('fe8120b3-919a-49b8-8035-df6fd2a2433f',NULL,'custom',NULL,'header',NULL,NULL,0,1,'2026-01-02 03:32:24.768','2026-01-02 03:32:24.768');
/*!40000 ALTER TABLE `menu_items` ENABLE KEYS */;
UNLOCK TABLES;

--
-- Table structure for table `menu_items_i18n`
--

DROP TABLE IF EXISTS `menu_items_i18n`;
/*!40101 SET @saved_cs_client     = @@character_set_client */;
/*!40101 SET character_set_client = utf8mb4 */;
CREATE TABLE `menu_items_i18n` (
  `id` char(36) NOT NULL,
  `menu_item_id` char(36) NOT NULL,
  `locale` varchar(10) NOT NULL,
  `title` varchar(100) NOT NULL,
  `url` varchar(500) NOT NULL,
  `created_at` datetime(3) NOT NULL DEFAULT current_timestamp(3),
  `updated_at` datetime(3) NOT NULL DEFAULT current_timestamp(3) ON UPDATE current_timestamp(3),
  PRIMARY KEY (`id`),
  UNIQUE KEY `ux_menu_items_i18n_item_locale` (`menu_item_id`,`locale`),
  KEY `menu_items_i18n_locale_idx` (`locale`),
  KEY `menu_items_i18n_title_idx` (`title`),
  CONSTRAINT `fk_menu_items_i18n_item` FOREIGN KEY (`menu_item_id`) REFERENCES `menu_items` (`id`) ON DELETE CASCADE ON UPDATE CASCADE
) ENGINE=InnoDB DEFAULT CHARSET=utf8mb4 COLLATE=utf8mb4_unicode_ci;
/*!40101 SET character_set_client = @saved_cs_client */;

--
-- Dumping data for table `menu_items_i18n`
--

LOCK TABLES `menu_items_i18n` WRITE;
/*!40000 ALTER TABLE `menu_items_i18n` DISABLE KEYS */;
INSERT INTO `menu_items_i18n` VALUES
('a7ea9b1d-e78b-11f0-9483-e768515de04d','fe8120b3-919a-49b8-8035-df6fd2a2433f','tr','Anasayfa','/','2024-01-01 00:00:00.000','2024-01-01 00:00:00.000'),
('a7ea9eca-e78b-11f0-9483-e768515de04d','25740da6-c0f2-4c1d-b131-998018699bfd','tr','Kurumsal','/about','2024-01-01 00:00:00.000','2024-01-01 00:00:00.000'),
('a7eaa14d-e78b-11f0-9483-e768515de04d','c47a1c3f-cea1-4780-9381-77336bc8ac59','tr','Hizmetler','/service','2024-01-01 00:00:00.000','2024-01-01 00:00:00.000'),
('a7eaa671-e78b-11f0-9483-e768515de04d','f2570596-db46-4028-902c-d6fe2c9a8312','tr','Ürünler','/product','2024-01-01 00:00:00.000','2024-01-01 00:00:00.000'),
('a7eaa821-e78b-11f0-9483-e768515de04d','ceed431a-aafb-4aba-bf1f-6217b3960c01','tr','Kütüphane','/library','2024-01-01 00:00:00.000','2024-01-01 00:00:00.000'),
('a7eaa9e7-e78b-11f0-9483-e768515de04d','33333333-4444-5555-6666-777777777777','tr','Haberler','/news','2024-01-01 00:00:00.000','2024-01-01 00:00:00.000'),
('a7eaaaf0-e78b-11f0-9483-e768515de04d','555c6ddf-658b-4c0f-8a9e-0b104708dd07','tr','Blog','/blog','2024-01-01 00:00:00.000','2024-01-01 00:00:00.000'),
('a7eaac02-e78b-11f0-9483-e768515de04d','455c6ddf-658b-4c0f-8a9e-0b104708dd07','tr','İletişim','/contact','2024-01-01 00:00:00.000','2024-01-01 00:00:00.000'),
('a7eaae28-e78b-11f0-9483-e768515de04d','aaaa1111-2222-3333-4444-555555555555','tr','Hakkımızda','/about','2024-01-01 00:00:00.000','2024-01-01 00:00:00.000'),
('a7eaaf44-e78b-11f0-9483-e768515de04d','aaaa1111-2222-3333-4444-666666666666','tr','Misyon & Vizyon','/mission-vision','2024-01-01 00:00:00.000','2024-01-01 00:00:00.000'),
('a7eab05c-e78b-11f0-9483-e768515de04d','aaaa1111-2222-3333-4444-777777777777','tr','Kalite','/quality','2024-01-01 00:00:00.000','2024-01-01 00:00:00.000'),
('a7eab174-e78b-11f0-9483-e768515de04d','aaaa1111-2222-3333-4444-888888888888','tr','Ekip','/team','2024-01-01 00:00:00.000','2024-01-01 00:00:00.000'),
('a7eab2a9-e78b-11f0-9483-e768515de04d','aaaa1111-2222-3333-4444-999999999999','tr','Sıkça Sorulan Sorular','/faqs','2024-01-01 00:00:00.000','2024-01-01 00:00:00.000'),
('a7eab3d5-e78b-11f0-9483-e768515de04d','5a000001-1111-4111-8111-5a0000000001','tr','Bakım & Onarım','/service/maintenance-repair','2024-01-01 00:00:00.000','2024-01-01 00:00:00.000'),
('a7eab4cf-e78b-11f0-9483-e768515de04d','5a000002-1111-4111-8111-5a0000000002','tr','Modernizasyon','/service/modernization-retrofit','2024-01-01 00:00:00.000','2024-01-01 00:00:00.000'),
('a7eab5ff-e78b-11f0-9483-e768515de04d','5a000003-1111-4111-8111-5a0000000003','tr','Yedek Parçalar','/service/spare-parts-components','2024-01-01 00:00:00.000','2024-01-01 00:00:00.000'),
('a7eab731-e78b-11f0-9483-e768515de04d','5a000004-1111-4111-8111-5a0000000004','tr','Otomasyon & SCADA','/service/automation-scada','2024-01-01 00:00:00.000','2024-01-01 00:00:00.000'),
('a7eab87d-e78b-11f0-9483-e768515de04d','5a000005-1111-4111-8111-5a0000000005','tr','Mühendislik','/service/engineering-support','2024-01-01 00:00:00.000','2024-01-01 00:00:00.000'),
('a7eab9bc-e78b-11f0-9483-e768515de04d','5a000006-1111-4111-8111-5a0000000006','tr','Keşif & Proje','/service/site-survey-engineering','2024-01-01 00:00:00.000','2024-01-01 00:00:00.000'),
('a7eabae4-e78b-11f0-9483-e768515de04d','5a000007-1111-4111-8111-5a0000000007','tr','Optimizasyon','/service/performance-optimization','2024-01-01 00:00:00.000','2024-01-01 00:00:00.000'),
('a7eabc00-e78b-11f0-9483-e768515de04d','5a000008-1111-4111-8111-5a0000000008','tr','Kurulum & Devreye Alma','/service/commissioning-startup','2024-01-01 00:00:00.000','2024-01-01 00:00:00.000'),
('a7eabd84-e78b-11f0-9483-e768515de04d','5a000009-1111-4111-8111-5a0000000009','tr','Acil Servis','/service/emergency-response','2024-01-01 00:00:00.000','2024-01-01 00:00:00.000'),
('a7eabeaf-e78b-11f0-9483-e768515de04d','7b000001-1111-4111-8111-7b0000000001','tr','Su Soğutma Kulesi','/library/su-sogutma-kulesi-nedir-cesitleri-nelerdir-nasil-calisir','2024-01-01 00:00:00.000','2024-01-01 00:00:00.000'),
('a7eabfc5-e78b-11f0-9483-e768515de04d','7b000002-1111-4111-8111-7b0000000002','tr','Kule Özellikleri','/library/ensotek-sogutma-kulelerinin-ozellikleri','2024-01-01 00:00:00.000','2024-01-01 00:00:00.000'),
('a7eac0e7-e78b-11f0-9483-e768515de04d','7b000003-1111-4111-8111-7b0000000003','tr','Kule Seçimi','/library/su-sogutma-kulesi-nedir-cesitleri-nelerdir-nasil-calisir','2024-01-01 00:00:00.000','2024-01-01 00:00:00.000'),
('a7eac20e-e78b-11f0-9483-e768515de04d','88888888-1111-2222-3333-444444444444','tr','Tüm Ürünler','/product','2024-01-01 00:00:00.000','2024-01-01 00:00:00.000'),
('a7eac328-e78b-11f0-9483-e768515de04d','88888888-1111-2222-3333-555555555555','tr','Yedek Parçalar','/sparepart','2024-01-01 00:00:00.000','2024-01-01 00:00:00.000'),
('a7eac479-e78b-11f0-9483-e768515de04d','6a4f6b37-ed99-4d98-8c54-d658096aacde','tr','SSS','/faqs','2024-01-01 00:00:00.000','2024-01-01 00:00:00.000'),
('a7eac5c4-e78b-11f0-9483-e768515de04d','b0d7d0c1-2c5d-4a9c-9d7f-0e2a6c6f1111','tr','Hakkımızda','/about','2024-01-01 00:00:00.000','2024-01-01 00:00:00.000'),
('a7eac707-e78b-11f0-9483-e768515de04d','b0d7d0c1-2c5d-4a9c-9d7f-0e2a6c6f1112','tr','Çözümler','/solutions','2024-01-01 00:00:00.000','2024-01-01 00:00:00.000'),
('a7eac84c-e78b-11f0-9483-e768515de04d','b0d7d0c1-2c5d-4a9c-9d7f-0e2a6c6f1113','tr','Ürünler','/product','2024-01-01 00:00:00.000','2024-01-01 00:00:00.000'),
('a7eac9b2-e78b-11f0-9483-e768515de04d','b0d7d0c1-2c5d-4a9c-9d7f-0e2a6c6f1114','tr','Kütüphane','/library','2024-01-01 00:00:00.000','2024-01-01 00:00:00.000'),
('a7eacafd-e78b-11f0-9483-e768515de04d','b0d7d0c1-2c5d-4a9c-9d7f-0e2a6c6f1115','tr','Haberler','/news','2024-01-01 00:00:00.000','2024-01-01 00:00:00.000'),
('a7eacc51-e78b-11f0-9483-e768515de04d','b0d7d0c1-2c5d-4a9c-9d7f-0e2a6c6f1116','tr','Blog','/blog','2024-01-01 00:00:00.000','2024-01-01 00:00:00.000'),
('a7eacd83-e78b-11f0-9483-e768515de04d','b0d7d0c1-2c5d-4a9c-9d7f-0e2a6c6f1117','tr','İletişim','/contact','2024-01-01 00:00:00.000','2024-01-01 00:00:00.000'),
('a7eacec1-e78b-11f0-9483-e768515de04d','c9a7e2a1-0b6b-45e9-9b8c-3f6d2a111111','tr','Periyodik Bakım ve Onarım','/service/maintenance-repair','2024-01-01 00:00:00.000','2024-01-01 00:00:00.000'),
('a7eacfe8-e78b-11f0-9483-e768515de04d','c9a7e2a1-0b6b-45e9-9b8c-3f6d2a111112','tr','Modernizasyon ve Retrofit','/service/modernization-retrofit','2024-01-01 00:00:00.000','2024-01-01 00:00:00.000'),
('a7ead153-e78b-11f0-9483-e768515de04d','71c28444-7b6e-47ae-92be-f59206a1b820','tr','Gizlilik Politikası','/privacy-policy','2024-01-01 00:00:00.000','2024-01-01 00:00:00.000'),
('a7ead283-e78b-11f0-9483-e768515de04d','3d325c92-d59e-4730-8301-5c9bcff463bc','tr','KVKK','/kvkk','2024-01-01 00:00:00.000','2024-01-01 00:00:00.000'),
('a7ead3c9-e78b-11f0-9483-e768515de04d','24c49639-01d0-4274-8fb9-c31ed64d0726','tr','Kullanım Koşulları','/terms','2024-01-01 00:00:00.000','2024-01-01 00:00:00.000'),
('a7ead684-e78b-11f0-9483-e768515de04d','b6a6f5d1-8e1a-4a1c-9b0f-1c7a0d111111','tr','Çerez Politikası','/cookie-policy','2024-01-01 00:00:00.000','2024-01-01 00:00:00.000'),
('a7ead7bf-e78b-11f0-9483-e768515de04d','b6a6f5d1-8e1a-4a1c-9b0f-1c7a0d111112','tr','Aydınlatma Metni','/privacy-notice','2024-01-01 00:00:00.000','2024-01-01 00:00:00.000'),
('a7ead945-e78b-11f0-9483-e768515de04d','b6a6f5d1-8e1a-4a1c-9b0f-1c7a0d111113','tr','Yasal Bilgilendirme','/legal-notice','2024-01-01 00:00:00.000','2024-01-01 00:00:00.000'),
('a7eadb28-e78b-11f0-9483-e768515de04d','a9b1c2d3-e4f5-4a66-8b11-111111111111','tr','LinkedIn','https://www.linkedin.com/company/ensotek','2024-01-01 00:00:00.000','2024-01-01 00:00:00.000'),
('a7eadca8-e78b-11f0-9483-e768515de04d','a9b1c2d3-e4f5-4a66-8b11-222222222222','tr','Instagram','https://www.instagram.com/ensotek','2024-01-01 00:00:00.000','2024-01-01 00:00:00.000'),
('a7eade02-e78b-11f0-9483-e768515de04d','a9b1c2d3-e4f5-4a66-8b11-333333333333','tr','YouTube','https://www.youtube.com/@ensotek','2024-01-01 00:00:00.000','2024-01-01 00:00:00.000'),
('a7eadff1-e78b-11f0-9483-e768515de04d','a9b1c2d3-e4f5-4a66-8b11-444444444444','tr','X','https://x.com/ensotek','2024-01-01 00:00:00.000','2024-01-01 00:00:00.000'),
('a7ec0ed5-e78b-11f0-9483-e768515de04d','fe8120b3-919a-49b8-8035-df6fd2a2433f','en','Home','/','2024-01-01 00:00:00.000','2024-01-01 00:00:00.000'),
('a7ec1178-e78b-11f0-9483-e768515de04d','25740da6-c0f2-4c1d-b131-998018699bfd','en','Organisation','/about','2024-01-01 00:00:00.000','2024-01-01 00:00:00.000'),
('a7ec125d-e78b-11f0-9483-e768515de04d','c47a1c3f-cea1-4780-9381-77336bc8ac59','en','Services','/service','2024-01-01 00:00:00.000','2024-01-01 00:00:00.000'),
('a7ec1324-e78b-11f0-9483-e768515de04d','f2570596-db46-4028-902c-d6fe2c9a8312','en','Products','/product','2024-01-01 00:00:00.000','2024-01-01 00:00:00.000'),
('a7ec13dc-e78b-11f0-9483-e768515de04d','ceed431a-aafb-4aba-bf1f-6217b3960c01','en','Library','/library','2024-01-01 00:00:00.000','2024-01-01 00:00:00.000'),
('a7ec14c0-e78b-11f0-9483-e768515de04d','33333333-4444-5555-6666-777777777777','en','News','/news','2024-01-01 00:00:00.000','2024-01-01 00:00:00.000'),
('a7ec157d-e78b-11f0-9483-e768515de04d','555c6ddf-658b-4c0f-8a9e-0b104708dd07','en','Blog','/blog','2024-01-01 00:00:00.000','2024-01-01 00:00:00.000'),
('a7ec163d-e78b-11f0-9483-e768515de04d','455c6ddf-658b-4c0f-8a9e-0b104708dd07','en','Contact','/contact','2024-01-01 00:00:00.000','2024-01-01 00:00:00.000'),
('a7ec16f2-e78b-11f0-9483-e768515de04d','aaaa1111-2222-3333-4444-555555555555','en','About','/about','2024-01-01 00:00:00.000','2024-01-01 00:00:00.000'),
('a7ec17a9-e78b-11f0-9483-e768515de04d','aaaa1111-2222-3333-4444-666666666666','en','Mission & Vision','/mission-vision','2024-01-01 00:00:00.000','2024-01-01 00:00:00.000'),
('a7ec186e-e78b-11f0-9483-e768515de04d','aaaa1111-2222-3333-4444-777777777777','en','Quality','/quality','2024-01-01 00:00:00.000','2024-01-01 00:00:00.000'),
('a7ec19e4-e78b-11f0-9483-e768515de04d','aaaa1111-2222-3333-4444-888888888888','en','Team','/team','2024-01-01 00:00:00.000','2024-01-01 00:00:00.000'),
('a7ec1b6a-e78b-11f0-9483-e768515de04d','aaaa1111-2222-3333-4444-999999999999','en','FAQs','/faqs','2024-01-01 00:00:00.000','2024-01-01 00:00:00.000'),
('a7ec1cd7-e78b-11f0-9483-e768515de04d','5a000001-1111-4111-8111-5a0000000001','en','Maintenance','/service/maintenance-repair','2024-01-01 00:00:00.000','2024-01-01 00:00:00.000'),
('a7ec1df5-e78b-11f0-9483-e768515de04d','5a000002-1111-4111-8111-5a0000000002','en','Modernization','/service/modernization-retrofit','2024-01-01 00:00:00.000','2024-01-01 00:00:00.000'),
('a7ec1f2b-e78b-11f0-9483-e768515de04d','5a000003-1111-4111-8111-5a0000000003','en','Spare Parts','/service/spare-parts-components','2024-01-01 00:00:00.000','2024-01-01 00:00:00.000'),
('a7ec2055-e78b-11f0-9483-e768515de04d','5a000004-1111-4111-8111-5a0000000004','en','Automation / SCADA','/service/automation-scada','2024-01-01 00:00:00.000','2024-01-01 00:00:00.000'),
('a7ec219f-e78b-11f0-9483-e768515de04d','5a000005-1111-4111-8111-5a0000000005','en','Engineering','/service/engineering-support','2024-01-01 00:00:00.000','2024-01-01 00:00:00.000'),
('a7ec22d1-e78b-11f0-9483-e768515de04d','5a000006-1111-4111-8111-5a0000000006','en','Survey & Design','/service/site-survey-engineering','2024-01-01 00:00:00.000','2024-01-01 00:00:00.000'),
('a7ec246c-e78b-11f0-9483-e768515de04d','5a000007-1111-4111-8111-5a0000000007','en','Optimization','/service/performance-optimization','2024-01-01 00:00:00.000','2024-01-01 00:00:00.000'),
('a7ec25f0-e78b-11f0-9483-e768515de04d','5a000008-1111-4111-8111-5a0000000008','en','Commissioning','/service/commissioning-startup','2024-01-01 00:00:00.000','2024-01-01 00:00:00.000'),
('a7ec2718-e78b-11f0-9483-e768515de04d','5a000009-1111-4111-8111-5a0000000009','en','Emergency','/service/emergency-response','2024-01-01 00:00:00.000','2024-01-01 00:00:00.000'),
('a7ec2827-e78b-11f0-9483-e768515de04d','7b000001-1111-4111-8111-7b0000000001','en','Cooling Tower','/library/what-is-a-cooling-tower-types-and-how-it-works','2024-01-01 00:00:00.000','2024-01-01 00:00:00.000'),
('a7ec293c-e78b-11f0-9483-e768515de04d','7b000002-1111-4111-8111-7b0000000002','en','Tower Features','/library/features-of-ensotek-cooling-towers','2024-01-01 00:00:00.000','2024-01-01 00:00:00.000'),
('a7ec2aa5-e78b-11f0-9483-e768515de04d','7b000003-1111-4111-8111-7b0000000003','en','Selection Info','/library/required-data-for-cooling-tower-selection','2024-01-01 00:00:00.000','2024-01-01 00:00:00.000'),
('a7ec2bd8-e78b-11f0-9483-e768515de04d','88888888-1111-2222-3333-444444444444','en','All Products','/product','2024-01-01 00:00:00.000','2024-01-01 00:00:00.000'),
('a7ec2cf4-e78b-11f0-9483-e768515de04d','88888888-1111-2222-3333-555555555555','en','Spare Parts','/sparepart','2024-01-01 00:00:00.000','2024-01-01 00:00:00.000'),
('a7ec2e4d-e78b-11f0-9483-e768515de04d','6a4f6b37-ed99-4d98-8c54-d658096aacde','en','FAQs','/faqs','2024-01-01 00:00:00.000','2024-01-01 00:00:00.000'),
('a7ec2f86-e78b-11f0-9483-e768515de04d','b0d7d0c1-2c5d-4a9c-9d7f-0e2a6c6f1111','en','About','/about','2024-01-01 00:00:00.000','2024-01-01 00:00:00.000'),
('a7ec30f1-e78b-11f0-9483-e768515de04d','b0d7d0c1-2c5d-4a9c-9d7f-0e2a6c6f1112','en','Solutions','/solutions','2024-01-01 00:00:00.000','2024-01-01 00:00:00.000'),
('a7ec32a2-e78b-11f0-9483-e768515de04d','b0d7d0c1-2c5d-4a9c-9d7f-0e2a6c6f1113','en','Products','/product','2024-01-01 00:00:00.000','2024-01-01 00:00:00.000'),
('a7ec3531-e78b-11f0-9483-e768515de04d','b0d7d0c1-2c5d-4a9c-9d7f-0e2a6c6f1114','en','Library','/library','2024-01-01 00:00:00.000','2024-01-01 00:00:00.000'),
('a7ec36a7-e78b-11f0-9483-e768515de04d','b0d7d0c1-2c5d-4a9c-9d7f-0e2a6c6f1115','en','News','/news','2024-01-01 00:00:00.000','2024-01-01 00:00:00.000'),
('a7ec37e7-e78b-11f0-9483-e768515de04d','b0d7d0c1-2c5d-4a9c-9d7f-0e2a6c6f1116','en','Blog','/blog','2024-01-01 00:00:00.000','2024-01-01 00:00:00.000'),
('a7ec3979-e78b-11f0-9483-e768515de04d','b0d7d0c1-2c5d-4a9c-9d7f-0e2a6c6f1117','en','Contact','/contact','2024-01-01 00:00:00.000','2024-01-01 00:00:00.000'),
('a7ec3b10-e78b-11f0-9483-e768515de04d','c9a7e2a1-0b6b-45e9-9b8c-3f6d2a111111','en','Periodic Maintenance','/service/maintenance-repair','2024-01-01 00:00:00.000','2024-01-01 00:00:00.000'),
('a7ec3c58-e78b-11f0-9483-e768515de04d','c9a7e2a1-0b6b-45e9-9b8c-3f6d2a111112','en','Modernization & Retrofit','/service/modernization-retrofit','2024-01-01 00:00:00.000','2024-01-01 00:00:00.000'),
('a7ec3db4-e78b-11f0-9483-e768515de04d','71c28444-7b6e-47ae-92be-f59206a1b820','en','Privacy Policy','/privacy-policy','2024-01-01 00:00:00.000','2024-01-01 00:00:00.000'),
('a7ec3ed4-e78b-11f0-9483-e768515de04d','3d325c92-d59e-4730-8301-5c9bcff463bc','en','Data Protection (KVKK)','/kvkk','2024-01-01 00:00:00.000','2024-01-01 00:00:00.000'),
('a7ec3ff3-e78b-11f0-9483-e768515de04d','24c49639-01d0-4274-8fb9-c31ed64d0726','en','Terms of Use','/terms','2024-01-01 00:00:00.000','2024-01-01 00:00:00.000'),
('a7ec4125-e78b-11f0-9483-e768515de04d','b6a6f5d1-8e1a-4a1c-9b0f-1c7a0d111111','en','Cookie Policy','/cookie-policy','2024-01-01 00:00:00.000','2024-01-01 00:00:00.000'),
('a7ec425a-e78b-11f0-9483-e768515de04d','b6a6f5d1-8e1a-4a1c-9b0f-1c7a0d111112','en','Privacy Notice','/privacy-notice','2024-01-01 00:00:00.000','2024-01-01 00:00:00.000'),
('a7ec43c9-e78b-11f0-9483-e768515de04d','b6a6f5d1-8e1a-4a1c-9b0f-1c7a0d111113','en','Legal Notice','/legal-notice','2024-01-01 00:00:00.000','2024-01-01 00:00:00.000'),
('a7ec4510-e78b-11f0-9483-e768515de04d','a9b1c2d3-e4f5-4a66-8b11-111111111111','en','LinkedIn','https://www.linkedin.com/company/ensotek','2024-01-01 00:00:00.000','2024-01-01 00:00:00.000'),
('a7ec4641-e78b-11f0-9483-e768515de04d','a9b1c2d3-e4f5-4a66-8b11-222222222222','en','Instagram','https://www.instagram.com/ensotek','2024-01-01 00:00:00.000','2024-01-01 00:00:00.000'),
('a7ec477f-e78b-11f0-9483-e768515de04d','a9b1c2d3-e4f5-4a66-8b11-333333333333','en','YouTube','https://www.youtube.com/@ensotek','2024-01-01 00:00:00.000','2024-01-01 00:00:00.000'),
('a7ec48ae-e78b-11f0-9483-e768515de04d','a9b1c2d3-e4f5-4a66-8b11-444444444444','en','X','https://x.com/ensotek','2024-01-01 00:00:00.000','2024-01-01 00:00:00.000'),
('a7ec9478-e78b-11f0-9483-e768515de04d','fe8120b3-919a-49b8-8035-df6fd2a2433f','de','Startseite','/','2024-01-01 00:00:00.000','2024-01-01 00:00:00.000'),
('a7ec96c0-e78b-11f0-9483-e768515de04d','25740da6-c0f2-4c1d-b131-998018699bfd','de','Organisation','/about','2024-01-01 00:00:00.000','2024-01-01 00:00:00.000'),
('a7ec97c6-e78b-11f0-9483-e768515de04d','c47a1c3f-cea1-4780-9381-77336bc8ac59','de','Leistungen','/service','2024-01-01 00:00:00.000','2024-01-01 00:00:00.000'),
('a7ec98c7-e78b-11f0-9483-e768515de04d','f2570596-db46-4028-902c-d6fe2c9a8312','de','Produkte','/product','2024-01-01 00:00:00.000','2024-01-01 00:00:00.000'),
('a7ec9985-e78b-11f0-9483-e768515de04d','ceed431a-aafb-4aba-bf1f-6217b3960c01','de','Bibliothek','/library','2024-01-01 00:00:00.000','2024-01-01 00:00:00.000'),
('a7ec9a56-e78b-11f0-9483-e768515de04d','33333333-4444-5555-6666-777777777777','de','Nachrichten','/news','2024-01-01 00:00:00.000','2024-01-01 00:00:00.000'),
('a7ec9b1b-e78b-11f0-9483-e768515de04d','555c6ddf-658b-4c0f-8a9e-0b104708dd07','de','Blog','/blog','2024-01-01 00:00:00.000','2024-01-01 00:00:00.000'),
('a7ec9bed-e78b-11f0-9483-e768515de04d','455c6ddf-658b-4c0f-8a9e-0b104708dd07','de','Kontakt','/contact','2024-01-01 00:00:00.000','2024-01-01 00:00:00.000'),
('a7ec9c9d-e78b-11f0-9483-e768515de04d','aaaa1111-2222-3333-4444-555555555555','de','Über uns','/about','2024-01-01 00:00:00.000','2024-01-01 00:00:00.000'),
('a7ec9d6c-e78b-11f0-9483-e768515de04d','aaaa1111-2222-3333-4444-666666666666','de','Mission & Vision','/mission-vision','2024-01-01 00:00:00.000','2024-01-01 00:00:00.000'),
('a7ec9e34-e78b-11f0-9483-e768515de04d','aaaa1111-2222-3333-4444-777777777777','de','Qualität','/quality','2024-01-01 00:00:00.000','2024-01-01 00:00:00.000'),
('a7ec9f06-e78b-11f0-9483-e768515de04d','aaaa1111-2222-3333-4444-888888888888','de','Team','/team','2024-01-01 00:00:00.000','2024-01-01 00:00:00.000'),
('a7ec9ffa-e78b-11f0-9483-e768515de04d','aaaa1111-2222-3333-4444-999999999999','de','FAQ','/faqs','2024-01-01 00:00:00.000','2024-01-01 00:00:00.000'),
('a7eca0b6-e78b-11f0-9483-e768515de04d','5a000001-1111-4111-8111-5a0000000001','de','Wartung','/service/maintenance-repair','2024-01-01 00:00:00.000','2024-01-01 00:00:00.000'),
('a7eca168-e78b-11f0-9483-e768515de04d','5a000002-1111-4111-8111-5a0000000002','de','Modernisierung','/service/modernization-retrofit','2024-01-01 00:00:00.000','2024-01-01 00:00:00.000'),
('a7eca21e-e78b-11f0-9483-e768515de04d','5a000003-1111-4111-8111-5a0000000003','de','Ersatzteile','/service/spare-parts-components','2024-01-01 00:00:00.000','2024-01-01 00:00:00.000'),
('a7ecd9e2-e78b-11f0-9483-e768515de04d','5a000004-1111-4111-8111-5a0000000004','de','Automation / SCADA','/service/automation-scada','2024-01-01 00:00:00.000','2024-01-01 00:00:00.000'),
('a7ecdcd8-e78b-11f0-9483-e768515de04d','5a000005-1111-4111-8111-5a0000000005','de','Engineering','/service/engineering-support','2024-01-01 00:00:00.000','2024-01-01 00:00:00.000'),
('a7ecdeee-e78b-11f0-9483-e768515de04d','5a000006-1111-4111-8111-5a0000000006','de','Planung & Analyse','/service/site-survey-engineering','2024-01-01 00:00:00.000','2024-01-01 00:00:00.000'),
('a7ece0ad-e78b-11f0-9483-e768515de04d','5a000007-1111-4111-8111-5a0000000007','de','Optimierung','/service/performance-optimization','2024-01-01 00:00:00.000','2024-01-01 00:00:00.000'),
('a7ece248-e78b-11f0-9483-e768515de04d','5a000008-1111-4111-8111-5a0000000008','de','Inbetriebnahme','/service/commissioning-startup','2024-01-01 00:00:00.000','2024-01-01 00:00:00.000'),
('a7ece517-e78b-11f0-9483-e768515de04d','5a000009-1111-4111-8111-5a0000000009','de','Notfallservice','/service/emergency-response','2024-01-01 00:00:00.000','2024-01-01 00:00:00.000'),
('a7ece689-e78b-11f0-9483-e768515de04d','7b000001-1111-4111-8111-7b0000000001','de','Wasserkühlturm','/library/was-ist-ein-kuehlturm-arten-und-funktionsweise','2024-01-01 00:00:00.000','2024-01-01 00:00:00.000'),
('a7ece7f5-e78b-11f0-9483-e768515de04d','7b000002-1111-4111-8111-7b0000000002','de','Eigenschaften','/library/merkmale-der-ensotek-kuehltuerme','2024-01-01 00:00:00.000','2024-01-01 00:00:00.000'),
('a7ece959-e78b-11f0-9483-e768515de04d','7b000003-1111-4111-8111-7b0000000003','de','Auswahl Infos','/library/funktionsprinzip-geschlossener-kuehlturm','2024-01-01 00:00:00.000','2024-01-01 00:00:00.000'),
('a7eceac1-e78b-11f0-9483-e768515de04d','88888888-1111-2222-3333-444444444444','de','Alle Produkte','/product','2024-01-01 00:00:00.000','2024-01-01 00:00:00.000'),
('a7ecec2c-e78b-11f0-9483-e768515de04d','88888888-1111-2222-3333-555555555555','de','Ersatzteile','/sparepart','2024-01-01 00:00:00.000','2024-01-01 00:00:00.000'),
('a7ecedd7-e78b-11f0-9483-e768515de04d','6a4f6b37-ed99-4d98-8c54-d658096aacde','de','FAQ','/faqs','2024-01-01 00:00:00.000','2024-01-01 00:00:00.000'),
('a7ecef41-e78b-11f0-9483-e768515de04d','b0d7d0c1-2c5d-4a9c-9d7f-0e2a6c6f1111','de','Über uns','/about','2024-01-01 00:00:00.000','2024-01-01 00:00:00.000'),
('a7ecf0d0-e78b-11f0-9483-e768515de04d','b0d7d0c1-2c5d-4a9c-9d7f-0e2a6c6f1112','de','Lösungen','/solutions','2024-01-01 00:00:00.000','2024-01-01 00:00:00.000'),
('a7ecf262-e78b-11f0-9483-e768515de04d','b0d7d0c1-2c5d-4a9c-9d7f-0e2a6c6f1113','de','Produkte','/product','2024-01-01 00:00:00.000','2024-01-01 00:00:00.000'),
('a7ecf444-e78b-11f0-9483-e768515de04d','b0d7d0c1-2c5d-4a9c-9d7f-0e2a6c6f1114','de','Bibliothek','/library','2024-01-01 00:00:00.000','2024-01-01 00:00:00.000'),
('a7ecf5c3-e78b-11f0-9483-e768515de04d','b0d7d0c1-2c5d-4a9c-9d7f-0e2a6c6f1115','de','Nachrichten','/news','2024-01-01 00:00:00.000','2024-01-01 00:00:00.000'),
('a7ecf876-e78b-11f0-9483-e768515de04d','b0d7d0c1-2c5d-4a9c-9d7f-0e2a6c6f1116','de','Blog','/blog','2024-01-01 00:00:00.000','2024-01-01 00:00:00.000'),
('a7ecfa13-e78b-11f0-9483-e768515de04d','b0d7d0c1-2c5d-4a9c-9d7f-0e2a6c6f1117','de','Kontakt','/contact','2024-01-01 00:00:00.000','2024-01-01 00:00:00.000'),
('a7ecfbf4-e78b-11f0-9483-e768515de04d','c9a7e2a1-0b6b-45e9-9b8c-3f6d2a111111','de','Wartung & Instandsetzung','/service/maintenance-repair','2024-01-01 00:00:00.000','2024-01-01 00:00:00.000'),
('a7ecfd8e-e78b-11f0-9483-e768515de04d','c9a7e2a1-0b6b-45e9-9b8c-3f6d2a111112','de','Modernisierung & Retrofit','/service/modernization-retrofit','2024-01-01 00:00:00.000','2024-01-01 00:00:00.000'),
('a7ecff07-e78b-11f0-9483-e768515de04d','71c28444-7b6e-47ae-92be-f59206a1b820','de','Datenschutzerklärung','/privacy-policy','2024-01-01 00:00:00.000','2024-01-01 00:00:00.000'),
('a7ed008b-e78b-11f0-9483-e768515de04d','3d325c92-d59e-4730-8301-5c9bcff463bc','de','Datenschutz (KVKK)','/kvkk','2024-01-01 00:00:00.000','2024-01-01 00:00:00.000'),
('a7ed01f4-e78b-11f0-9483-e768515de04d','24c49639-01d0-4274-8fb9-c31ed64d0726','de','Nutzungsbedingungen','/terms','2024-01-01 00:00:00.000','2024-01-01 00:00:00.000'),
('a7ed037c-e78b-11f0-9483-e768515de04d','b6a6f5d1-8e1a-4a1c-9b0f-1c7a0d111111','de','Cookie-Richtlinie','/cookie-policy','2024-01-01 00:00:00.000','2024-01-01 00:00:00.000'),
('a7ed04fe-e78b-11f0-9483-e768515de04d','b6a6f5d1-8e1a-4a1c-9b0f-1c7a0d111112','de','Hinweis zum Datenschutz','/privacy-notice','2024-01-01 00:00:00.000','2024-01-01 00:00:00.000'),
('a7ed06c2-e78b-11f0-9483-e768515de04d','b6a6f5d1-8e1a-4a1c-9b0f-1c7a0d111113','de','Impressum','/legal-notice','2024-01-01 00:00:00.000','2024-01-01 00:00:00.000'),
('a7ed0839-e78b-11f0-9483-e768515de04d','a9b1c2d3-e4f5-4a66-8b11-111111111111','de','LinkedIn','https://www.linkedin.com/company/ensotek','2024-01-01 00:00:00.000','2024-01-01 00:00:00.000'),
('a7ed09ec-e78b-11f0-9483-e768515de04d','a9b1c2d3-e4f5-4a66-8b11-222222222222','de','Instagram','https://www.instagram.com/ensotek','2024-01-01 00:00:00.000','2024-01-01 00:00:00.000'),
('a7ed0b9e-e78b-11f0-9483-e768515de04d','a9b1c2d3-e4f5-4a66-8b11-333333333333','de','YouTube','https://www.youtube.com/@ensotek','2024-01-01 00:00:00.000','2024-01-01 00:00:00.000'),
('a7ed0d3a-e78b-11f0-9483-e768515de04d','a9b1c2d3-e4f5-4a66-8b11-444444444444','de','X','https://x.com/ensotek','2024-01-01 00:00:00.000','2024-01-01 00:00:00.000');
/*!40000 ALTER TABLE `menu_items_i18n` ENABLE KEYS */;
UNLOCK TABLES;

--
-- Table structure for table `newsletter_subscribers`
--

DROP TABLE IF EXISTS `newsletter_subscribers`;
/*!40101 SET @saved_cs_client     = @@character_set_client */;
/*!40101 SET character_set_client = utf8mb4 */;
CREATE TABLE `newsletter_subscribers` (
  `id` char(36) NOT NULL,
  `email` varchar(255) NOT NULL,
  `is_verified` tinyint(1) NOT NULL DEFAULT 0,
  `locale` varchar(10) DEFAULT NULL,
  `meta` longtext CHARACTER SET utf8mb4 COLLATE utf8mb4_bin NOT NULL DEFAULT '{}' CHECK (json_valid(`meta`)),
  `unsubscribed_at` datetime(3) DEFAULT NULL,
  `created_at` datetime(3) NOT NULL DEFAULT current_timestamp(3),
  `updated_at` datetime(3) NOT NULL DEFAULT current_timestamp(3) ON UPDATE current_timestamp(3),
  PRIMARY KEY (`id`),
  UNIQUE KEY `ux_newsletter_email` (`email`),
  KEY `newsletter_verified_idx` (`is_verified`),
  KEY `newsletter_locale_idx` (`locale`),
  KEY `newsletter_unsub_idx` (`unsubscribed_at`),
  KEY `newsletter_created_idx` (`created_at`),
  KEY `newsletter_updated_idx` (`updated_at`)
) ENGINE=InnoDB DEFAULT CHARSET=utf8mb4 COLLATE=utf8mb4_unicode_ci;
/*!40101 SET character_set_client = @saved_cs_client */;

--
-- Dumping data for table `newsletter_subscribers`
--

LOCK TABLES `newsletter_subscribers` WRITE;
/*!40000 ALTER TABLE `newsletter_subscribers` DISABLE KEYS */;
INSERT INTO `newsletter_subscribers` VALUES
('a7fa97f6-e78b-11f0-9483-e768515de04d','demo.tr.user@example.com',1,'tr','{\"source\": \"seed\", \"tags\": [\"campaign\", \"welcome\"], \"note\": \"Örnek: TR abonesi (doğrulanmış)\"}',NULL,'2025-01-05 10:00:00.000','2025-01-05 10:00:00.000'),
('a7fa9bf9-e78b-11f0-9483-e768515de04d','demo.en.user@example.com',0,'en','{\"source\": \"seed\", \"tags\": [\"newsletter\"], \"note\": \"Verification pending\"}',NULL,'2025-01-06 11:30:00.000','2025-01-06 11:30:00.000'),
('a7fa9e08-e78b-11f0-9483-e768515de04d','demo.de.user@example.com',1,'de','{\"source\": \"seed\", \"tags\": [\"unsubscribed\"], \"note\": \"Nutzer hat das Newsletter-Abonnement gekündigt\"}','2025-01-10 15:45:00.000','2025-01-03 09:00:00.000','2025-01-10 15:45:00.000');
/*!40000 ALTER TABLE `newsletter_subscribers` ENABLE KEYS */;
UNLOCK TABLES;

--
-- Table structure for table `notifications`
--

DROP TABLE IF EXISTS `notifications`;
/*!40101 SET @saved_cs_client     = @@character_set_client */;
/*!40101 SET character_set_client = utf8mb4 */;
CREATE TABLE `notifications` (
  `id` char(36) NOT NULL,
  `user_id` char(36) NOT NULL,
  `title` varchar(255) NOT NULL,
  `message` text NOT NULL,
  `type` varchar(50) NOT NULL,
  `is_read` tinyint(1) NOT NULL DEFAULT 0,
  `created_at` datetime(3) NOT NULL DEFAULT current_timestamp(3),
  PRIMARY KEY (`id`),
  KEY `idx_notifications_user_id` (`user_id`),
  KEY `idx_notifications_user_read` (`user_id`,`is_read`),
  KEY `idx_notifications_created_at` (`created_at`)
) ENGINE=InnoDB DEFAULT CHARSET=utf8mb4 COLLATE=utf8mb4_unicode_ci;
/*!40101 SET character_set_client = @saved_cs_client */;

--
-- Dumping data for table `notifications`
--

LOCK TABLES `notifications` WRITE;
/*!40000 ALTER TABLE `notifications` DISABLE KEYS */;
INSERT INTO `notifications` VALUES
('11111111-1111-1111-1111-111111111111','4f618a8d-6fdb-498c-898a-395d368b2193','Hoş geldiniz!','Hesabınız başarıyla oluşturuldu. İyi alışverişler!','system',0,'2026-01-02 03:32:23.306'),
('22222222-2222-2222-2222-222222222222','4f618a8d-6fdb-498c-898a-395d368b2193','İlk sipariş fırsatı','İlk siparişinizde ekstra indirim kazandınız. Sepette kupon kullanmayı unutmayın.','custom',0,'2026-01-02 03:32:23.306');
/*!40000 ALTER TABLE `notifications` ENABLE KEYS */;
UNLOCK TABLES;

--
-- Table structure for table `offer_number_counters`
--

DROP TABLE IF EXISTS `offer_number_counters`;
/*!40101 SET @saved_cs_client     = @@character_set_client */;
/*!40101 SET character_set_client = utf8mb4 */;
CREATE TABLE `offer_number_counters` (
  `year` int(11) NOT NULL,
  `last_seq` int(11) NOT NULL,
  `prefix` varchar(20) NOT NULL DEFAULT 'ENS',
  PRIMARY KEY (`year`)
) ENGINE=InnoDB DEFAULT CHARSET=utf8mb4 COLLATE=utf8mb4_unicode_ci;
/*!40101 SET character_set_client = @saved_cs_client */;

--
-- Dumping data for table `offer_number_counters`
--

LOCK TABLES `offer_number_counters` WRITE;
/*!40000 ALTER TABLE `offer_number_counters` DISABLE KEYS */;
INSERT INTO `offer_number_counters` VALUES
(2024,2,'ENS');
/*!40000 ALTER TABLE `offer_number_counters` ENABLE KEYS */;
UNLOCK TABLES;

--
-- Table structure for table `offers`
--

DROP TABLE IF EXISTS `offers`;
/*!40101 SET @saved_cs_client     = @@character_set_client */;
/*!40101 SET character_set_client = utf8mb4 */;
CREATE TABLE `offers` (
  `id` char(36) NOT NULL,
  `offer_no` varchar(100) DEFAULT NULL,
  `status` varchar(32) NOT NULL DEFAULT 'new',
  `locale` varchar(10) DEFAULT NULL,
  `country_code` varchar(80) DEFAULT NULL,
  `customer_name` varchar(255) NOT NULL,
  `company_name` varchar(255) DEFAULT NULL,
  `email` varchar(255) NOT NULL,
  `phone` varchar(50) DEFAULT NULL,
  `subject` varchar(255) DEFAULT NULL,
  `message` longtext DEFAULT NULL,
  `product_id` char(36) DEFAULT NULL,
  `form_data` longtext DEFAULT NULL,
  `consent_marketing` tinyint(1) NOT NULL DEFAULT 0,
  `consent_terms` tinyint(1) NOT NULL DEFAULT 0,
  `currency` varchar(10) NOT NULL DEFAULT 'EUR',
  `net_total` decimal(12,2) DEFAULT NULL,
  `vat_rate` decimal(5,2) DEFAULT NULL,
  `vat_total` decimal(12,2) DEFAULT NULL,
  `shipping_total` decimal(12,2) DEFAULT NULL,
  `gross_total` decimal(12,2) DEFAULT NULL,
  `valid_until` datetime(3) DEFAULT NULL,
  `admin_notes` longtext DEFAULT NULL,
  `pdf_url` varchar(500) DEFAULT NULL,
  `pdf_asset_id` char(36) DEFAULT NULL,
  `email_sent_at` datetime(3) DEFAULT NULL,
  `created_at` datetime(3) NOT NULL DEFAULT current_timestamp(3),
  `updated_at` datetime(3) NOT NULL DEFAULT current_timestamp(3) ON UPDATE current_timestamp(3),
  PRIMARY KEY (`id`),
  KEY `offers_status_created_idx` (`status`,`created_at`),
  KEY `offers_email_idx` (`email`),
  KEY `offers_product_idx` (`product_id`),
  KEY `offers_offer_no_idx` (`offer_no`),
  KEY `offers_locale_idx` (`locale`),
  KEY `offers_country_idx` (`country_code`),
  CONSTRAINT `fk_offers_product` FOREIGN KEY (`product_id`) REFERENCES `products` (`id`) ON DELETE SET NULL ON UPDATE CASCADE
) ENGINE=InnoDB DEFAULT CHARSET=utf8mb4 COLLATE=utf8mb4_unicode_ci;
/*!40101 SET character_set_client = @saved_cs_client */;

--
-- Dumping data for table `offers`
--

LOCK TABLES `offers` WRITE;
/*!40000 ALTER TABLE `offers` DISABLE KEYS */;
INSERT INTO `offers` VALUES
('aaaa0000-0000-0000-0000-000000000001',NULL,'new','tr','TR','Ahmet Yılmaz','Yılmaz Soğutma Sistemleri','ahmet.yilmaz@example.com','+90 532 000 00 01','Endüstriyel su soğutma kulesi teklifi','Mevcut tesisteki 500 m³/h debiye uygun, kapalı devre kule için teklif rica ediyoruz.',NULL,'{\"design_flow_m3h\":500,\"inlet_temp_c\":35,\"outlet_temp_c\":28,\"wet_bulb_c\":24,\"notes\":\"Mevcut pompa korunacak\"}',1,1,'EUR',NULL,NULL,NULL,NULL,NULL,NULL,NULL,NULL,NULL,NULL,'2024-01-10 10:00:00.000','2024-01-10 10:00:00.000'),
('bbbb0000-0000-0000-0000-000000000002',NULL,'new','en','DE','Michael Fischer','Fischer Industrie GmbH','m.fischer@example.de','+49 170 0000002','Cooling tower quotation request','We are planning to replace our existing cooling tower and need a quotation including installation.',NULL,'{\"design_flow_m3h\":250,\"inlet_temp_c\":32,\"outlet_temp_c\":27,\"wet_bulb_c\":23,\"notes\":\"Outdoor installation, noise level is important\"}',0,1,'EUR',NULL,NULL,NULL,NULL,NULL,NULL,NULL,NULL,NULL,NULL,'2024-01-11 09:15:00.000','2024-01-11 09:15:00.000'),
('cccc0000-0000-0000-0000-000000000003','ENS-2024-0001','quoted','de','TR','Mehmet Demir','Demir Makina','mehmet.demir@example.com','+90 532 000 00 03','Açık devre FRP kule teklifi','Teknik detaylar alınmış, fiyat çalışması yapılmıştır.',NULL,'{\"design_flow_m3h\":400,\"inlet_temp_c\":35,\"outlet_temp_c\":27,\"wet_bulb_c\":24,\"options\":[\"sound_attenuators\",\"ladder_with_cage\"]}',1,1,'EUR',18500.00,19.00,3515.00,NULL,22015.00,'2024-02-15 00:00:00.000','Teslim süresi 8-10 hafta.',NULL,NULL,NULL,'2024-01-12 14:30:00.000','2024-01-12 14:30:00.000'),
('dddd0000-0000-0000-0000-000000000004','ENS-2024-0002','sent','en','DE','Thomas Müller','Müller Kältetechnik GmbH','t.mueller@example.com','+49 170 0000004','Closed circuit cooling tower quotation','Final offer prepared and sent to customer.',NULL,'{\"design_flow_m3h\":300,\"inlet_temp_c\":30,\"outlet_temp_c\":25,\"wet_bulb_c\":21,\"options\":[\"winter_kit\",\"bypass_line\"]}',0,1,'EUR',23600.00,19.00,4484.00,NULL,28084.00,'2024-03-01 00:00:00.000','Delivery time 10-12 weeks.','/uploads/offers/ENS-2024-0002.pdf','99999999-9999-9999-9999-999999999999','2024-01-15 16:45:00.000','2024-01-13 09:00:00.000','2024-01-15 16:45:00.000'),
('eeee0000-0000-0000-0000-000000000005',NULL,'new','de','DE','Anna Schneider','Schneider Anlagenbau GmbH','anna.schneider@example.de','+49 171 0000005','Anfrage: Angebot für Kühlturm','Wir benötigen ein Angebot für einen offenen Kühlturm inklusive Montage. Bitte berücksichtigen Sie niedrige Geräuschpegel und kurze Lieferzeit.',NULL,'{\"design_flow_m3h\":180,\"inlet_temp_c\":33,\"outlet_temp_c\":27,\"wet_bulb_c\":22,\"notes\":\"Montage vor Ort, Schalldämpfung wichtig\"}',0,1,'EUR',NULL,NULL,NULL,NULL,NULL,NULL,NULL,NULL,NULL,NULL,'2024-01-11 11:20:00.000','2024-01-11 11:20:00.000');
/*!40000 ALTER TABLE `offers` ENABLE KEYS */;
UNLOCK TABLES;

--
-- Table structure for table `product_faqs`
--

DROP TABLE IF EXISTS `product_faqs`;
/*!40101 SET @saved_cs_client     = @@character_set_client */;
/*!40101 SET character_set_client = utf8mb4 */;
CREATE TABLE `product_faqs` (
  `id` char(36) NOT NULL,
  `product_id` char(36) NOT NULL,
  `locale` varchar(8) NOT NULL DEFAULT 'de',
  `question` varchar(500) NOT NULL,
  `answer` text NOT NULL,
  `display_order` int(11) NOT NULL DEFAULT 0,
  `is_active` tinyint(1) NOT NULL DEFAULT 1,
  `created_at` datetime(3) NOT NULL DEFAULT current_timestamp(3),
  `updated_at` datetime(3) NOT NULL DEFAULT current_timestamp(3) ON UPDATE current_timestamp(3),
  PRIMARY KEY (`id`),
  KEY `product_faqs_product_id_idx` (`product_id`),
  KEY `product_faqs_order_idx` (`display_order`),
  KEY `product_faqs_product_locale_idx` (`product_id`,`locale`),
  KEY `product_faqs_locale_idx` (`locale`),
  CONSTRAINT `fk_product_faqs_product` FOREIGN KEY (`product_id`) REFERENCES `products` (`id`) ON DELETE CASCADE ON UPDATE CASCADE
) ENGINE=InnoDB DEFAULT CHARSET=utf8mb4 COLLATE=utf8mb4_unicode_ci;
/*!40101 SET character_set_client = @saved_cs_client */;

--
-- Dumping data for table `product_faqs`
--

LOCK TABLES `product_faqs` WRITE;
/*!40000 ALTER TABLE `product_faqs` DISABLE KEYS */;
INSERT INTO `product_faqs` VALUES
('22220001-aaaa-4aaa-8aaa-bbbb0001tr01','bbbb0001-2222-4222-8222-bbbbbbbb0001','tr','Kapalı tip kule ne zaman tercih edilir?','Soğutulacak suyun kirliliğe/partiküle karşı hassas olduğu ve proses akışkanının temiz kalmasının istendiği uygulamalarda tercih edilir.',10,1,'2026-01-02 03:32:20.542','2026-01-02 03:32:20.542'),
('22220001-aaaa-4aaa-8aaa-bbbb0001tr02','bbbb0001-2222-4222-8222-bbbbbbbb0001','tr','Soğutma prensibi nedir?','Proses akışkanı serpantin/boru içinden geçer. Dış tarafta hava akışı ve kulenin sirkülasyon suyu boru yüzeyinden ısıyı alarak içerideki akışkanı soğutur.',20,1,'2026-01-02 03:32:20.542','2026-01-02 03:32:20.542'),
('22220001-aaaa-4aaa-8aaa-bbbb0001tr03','bbbb0001-2222-4222-8222-bbbbbbbb0001','tr','Hangi proseslerde kullanılır?','Hava kompresörleri, indüksiyon ocakları ve chiller grupları gibi hassas ekipman içeren proseslerde kullanılır.',30,1,'2026-01-02 03:32:20.542','2026-01-02 03:32:20.542'),
('22220001-bbbb-4bbb-8bbb-bbbb0001en01','bbbb0001-2222-4222-8222-bbbbbbbb0001','en','When should a closed circuit tower be preferred?','It is preferred when the water to be cooled is sensitive to contamination and the process fluid must remain clean.',10,1,'2026-01-02 03:32:20.585','2026-01-02 03:32:20.585'),
('22220001-bbbb-4bbb-8bbb-bbbb0001en02','bbbb0001-2222-4222-8222-bbbbbbbb0001','en','What is the cooling principle?','The process fluid flows inside the coil. Air flow and circulating water remove heat from the coil surface and cool the fluid inside.',20,1,'2026-01-02 03:32:20.585','2026-01-02 03:32:20.585'),
('22220001-bbbb-4bbb-8bbb-bbbb0001en03','bbbb0001-2222-4222-8222-bbbbbbbb0001','en','Typical application areas?','Used in processes with sensitive equipment such as air compressors, induction furnaces and chillers.',30,1,'2026-01-02 03:32:20.585','2026-01-02 03:32:20.585'),
('22220001-cccc-4ccc-8ccc-bbbb0001de01','bbbb0001-2222-4222-8222-bbbbbbbb0001','de','Wann ist ein geschlossener Kühlturm sinnvoll?','Wenn das zu kühlende Wasser empfindlich gegenüber Verunreinigungen ist und das Prozessmedium sauber bleiben muss.',10,1,'2026-01-02 03:32:20.594','2026-01-02 03:32:20.594'),
('22220001-cccc-4ccc-8ccc-bbbb0001de02','bbbb0001-2222-4222-8222-bbbbbbbb0001','de','Wie funktioniert das Kühlprinzip?','Das Prozessmedium strömt im Coil. Außenluft und Umlaufwasser entziehen über die Coil-Oberfläche Wärme und kühlen das Medium.',20,1,'2026-01-02 03:32:20.594','2026-01-02 03:32:20.594'),
('22220001-cccc-4ccc-8ccc-bbbb0001de03','bbbb0001-2222-4222-8222-bbbbbbbb0001','de','Typische Einsatzbereiche?','Häufig in Prozessen mit sensibler Ausrüstung: Luftkompressoren, Induktionsöfen und Chiller-Anlagen.',30,1,'2026-01-02 03:32:20.594','2026-01-02 03:32:20.594'),
('22221501-aaaa-4aaa-8aaa-bbbb1501tr01','bbbb1501-2222-4222-8222-bbbbbbbb1501','tr','Motor ve redüktör grubu nerede çalışır?','Kulenin çatı bölümünde; fan ve fan bacası ile birlikte grup halinde çalışır.',10,1,'2026-01-02 03:32:20.693','2026-01-02 03:32:20.693'),
('22221501-aaaa-4aaa-8aaa-bbbb1501tr02','bbbb1501-2222-4222-8222-bbbbbbbb1501','tr','Hangi durumda redüktör gerekir?','Fan çapı büyüdükçe (tipik olarak Ø > 1600 mm) motorla birlikte redüktör kullanımı tercih edilir.',20,1,'2026-01-02 03:32:20.693','2026-01-02 03:32:20.693'),
('22221501-aaaa-4aaa-8aaa-bbbb1501tr03','bbbb1501-2222-4222-8222-bbbbbbbb1501','tr','Koruma sınıfı nedir?','Motorlar IP56 koruma sınıfı ve F sınıfı izolasyonla toz, yağ ve neme karşı korunur.',30,1,'2026-01-02 03:32:20.693','2026-01-02 03:32:20.693'),
('22221501-bbbb-4bbb-8bbb-bbbb1501en01','bbbb1501-2222-4222-8222-bbbbbbbb1501','en','Where does the motor and reducer group operate?','On the tower deck, working together with the fan and fan stack as a single group.',10,1,'2026-01-02 03:32:20.697','2026-01-02 03:32:20.697'),
('22221501-bbbb-4bbb-8bbb-bbbb1501en02','bbbb1501-2222-4222-8222-bbbbbbbb1501','en','When is a reducer required?','For larger fan diameters (typically Ø > 1600 mm), motor and reducer are used together.',20,1,'2026-01-02 03:32:20.697','2026-01-02 03:32:20.697'),
('22221501-bbbb-4bbb-8bbb-bbbb1501en03','bbbb1501-2222-4222-8222-bbbbbbbb1501','en','What is the protection class?','Motors are IP56 protected and Class F insulated against dust, oil and moisture.',30,1,'2026-01-02 03:32:20.697','2026-01-02 03:32:20.697'),
('22221501-cccc-4ccc-8ccc-bbbb1501de01','bbbb1501-2222-4222-8222-bbbbbbbb1501','de','Wo wird die Motor-Getriebeeinheit eingesetzt?','Am Deckteil des Kühlturms, zusammen mit Lüfter und Lüfterstapel.',10,1,'2026-01-02 03:32:20.716','2026-01-02 03:32:20.716'),
('22221501-cccc-4ccc-8ccc-bbbb1501de02','bbbb1501-2222-4222-8222-bbbbbbbb1501','de','Wann wird ein Getriebe benötigt?','Bei größeren Ventilatordurchmessern (typisch > Ø 1600 mm) wird Motor + Getriebe verwendet.',20,1,'2026-01-02 03:32:20.716','2026-01-02 03:32:20.716'),
('22221501-cccc-4ccc-8ccc-bbbb1501de03','bbbb1501-2222-4222-8222-bbbbbbbb1501','de','Welche Schutzart hat der Motor?','IP56 Schutzart und Isolationsklasse F gegen Staub, Öl und Feuchtigkeit.',30,1,'2026-01-02 03:32:20.716','2026-01-02 03:32:20.716'),
('22221502-aaaa-4aaa-8aaa-bbbb1502tr01','bbbb1502-2222-4222-8222-bbbbbbbb1502','tr','Titreşim şalteri nerede kullanılır?','Genellikle redüktörlü kulelerde fan bacasının hemen yanında, fan grubu üzerinde/yanında konumlandırılır.',10,1,'2026-01-02 03:32:20.723','2026-01-02 03:32:20.723'),
('22221502-aaaa-4aaa-8aaa-bbbb1502tr02','bbbb1502-2222-4222-8222-bbbbbbbb1502','tr','Ne işe yarar?','Anormal titreşimi algılayarak elektrik motorunu devreden çıkarır ve ekipmanı korur.',20,1,'2026-01-02 03:32:20.723','2026-01-02 03:32:20.723'),
('22221502-aaaa-4aaa-8aaa-bbbb1502tr03','bbbb1502-2222-4222-8222-bbbbbbbb1502','tr','Hangi tipleri vardır?','Siviç kontaklı, cıva kontaklı ve manyetik kontaklı tipleri bulunur.',30,1,'2026-01-02 03:32:20.723','2026-01-02 03:32:20.723'),
('22221502-bbbb-4bbb-8bbb-bbbb1502en01','bbbb1502-2222-4222-8222-bbbbbbbb1502','en','Where is the vibration switch installed?','Typically next to the fan stack on gear-driven cooling towers.',10,1,'2026-01-02 03:32:20.728','2026-01-02 03:32:20.728'),
('22221502-bbbb-4bbb-8bbb-bbbb1502en02','bbbb1502-2222-4222-8222-bbbbbbbb1502','en','What does it do?','It detects abnormal vibration in the fan group and shuts down the motor to protect equipment.',20,1,'2026-01-02 03:32:20.728','2026-01-02 03:32:20.728'),
('22221502-bbbb-4bbb-8bbb-bbbb1502en03','bbbb1502-2222-4222-8222-bbbbbbbb1502','en','Which types are available?','Switch-contact, mercury-contact and magnetic-contact types are available.',30,1,'2026-01-02 03:32:20.728','2026-01-02 03:32:20.728'),
('22221502-cccc-4ccc-8ccc-bbbb1502de01','bbbb1502-2222-4222-8222-bbbbbbbb1502','de','Wo wird der Vibrationsschalter montiert?','Typischerweise am Deckteil in der Nähe des Lüfterstapels, besonders bei getriebegetriebenen Kühltürmen.',10,1,'2026-01-02 03:32:20.734','2026-01-02 03:32:20.734'),
('22221502-cccc-4ccc-8ccc-bbbb1502de02','bbbb1502-2222-4222-8222-bbbbbbbb1502','de','Welche Aufgabe hat er?','Er erkennt Vibrationen bei abnormalen Betriebssituationen und schaltet den Motor ab, um die Anlage zu schützen.',20,1,'2026-01-02 03:32:20.734','2026-01-02 03:32:20.734'),
('22221502-cccc-4ccc-8ccc-bbbb1502de03','bbbb1502-2222-4222-8222-bbbbbbbb1502','de','Welche Ausführungen gibt es?','Ausführungen mit Schaltkontakt, Quecksilberkontakt oder Magnetkontakt.',30,1,'2026-01-02 03:32:20.734','2026-01-02 03:32:20.734'),
('22221503-aaaa-4aaa-8aaa-bbbb1503tr01','bbbb1503-2222-4222-8222-bbbbbbbb1503','tr','Aksiyal fanın görevi nedir?','Havayı kule boyunca hareket ettirerek dolgulardan geçirir ve fan bacasından atmosfere atılmasını sağlar.',10,1,'2026-01-02 03:32:20.742','2026-01-02 03:32:20.742'),
('22221503-aaaa-4aaa-8aaa-bbbb1503tr02','bbbb1503-2222-4222-8222-bbbbbbbb1503','tr','Hangi kanat malzemeleri kullanılabilir?','Cam elyaf takviyeli PP, CTP (FRP), alüminyum pultruzyon profil veya PP seçenekleri bulunur.',20,1,'2026-01-02 03:32:20.742','2026-01-02 03:32:20.742'),
('22221503-aaaa-4aaa-8aaa-bbbb1503tr03','bbbb1503-2222-4222-8222-bbbbbbbb1503','tr','Fan seçimi neye göre yapılır?','Kule tipi, fan çapı, debi/çekiş ihtiyacı ve montaj yapısına göre uygun seçenek belirlenir.',30,1,'2026-01-02 03:32:20.742','2026-01-02 03:32:20.742'),
('22221503-bbbb-4bbb-8bbb-bbbb1503en01','bbbb1503-2222-4222-8222-bbbbbbbb1503','en','What is the role of an axial fan?','It drives air through louvers and fill media and discharges it via the fan stack to support evaporative cooling.',10,1,'2026-01-02 03:32:20.749','2026-01-02 03:32:20.749'),
('22221503-bbbb-4bbb-8bbb-bbbb1503en02','bbbb1503-2222-4222-8222-bbbbbbbb1503','en','Which blade materials are available?','Glass-fiber reinforced PP, FRP (CTP), aluminum pultrusion and PP options are available.',20,1,'2026-01-02 03:32:20.749','2026-01-02 03:32:20.749'),
('22221503-bbbb-4bbb-8bbb-bbbb1503en03','bbbb1503-2222-4222-8222-bbbbbbbb1503','en','How do I select the right fan?','Selection depends on tower type, fan diameter, required airflow and mounting configuration.',30,1,'2026-01-02 03:32:20.749','2026-01-02 03:32:20.749'),
('22221503-cccc-4ccc-8ccc-bbbb1503de01','bbbb1503-2222-4222-8222-bbbbbbbb1503','de','Welche Aufgabe hat der Axialventilator?','Er bewegt die Luft durch den Turm, durchströmt die Füllkörper und stößt sie über den Lüfterkamin aus.',10,1,'2026-01-02 03:32:20.755','2026-01-02 03:32:20.755'),
('22221503-cccc-4ccc-8ccc-bbbb1503de02','bbbb1503-2222-4222-8222-bbbbbbbb1503','de','Welche Materialien gibt es für die Flügel?','Glasfaserverstärktes PP, FRP (CTP), Aluminium-Pultrusionsprofil oder PP.',20,1,'2026-01-02 03:32:20.755','2026-01-02 03:32:20.755'),
('22221503-cccc-4ccc-8ccc-bbbb1503de03','bbbb1503-2222-4222-8222-bbbbbbbb1503','de','Wovon hängt die Auswahl ab?','Von Turmtyp, Ventilatordurchmesser, benötigtem Luftstrom und Montageausführung.',30,1,'2026-01-02 03:32:20.755','2026-01-02 03:32:20.755'),
('22221504-aaaa-4aaa-8aaa-bbbb1504tr01','bbbb1504-2222-4222-8222-bbbbbbbb1504','tr','Servis penceresi ne işe yarar?','Kule içinin gözlemlenmesini ve bakım personelinin gerekli bölgelere kolay erişimini sağlar.',10,1,'2026-01-02 03:32:20.785','2026-01-02 03:32:20.785'),
('22221504-aaaa-4aaa-8aaa-bbbb1504tr02','bbbb1504-2222-4222-8222-bbbbbbbb1504','tr','Nereye montajlanır?','Genellikle kulenin yan duvarına; ihtiyaca göre dolgu alt kotuna yakın bölgeye de uygulanabilir.',20,1,'2026-01-02 03:32:20.785','2026-01-02 03:32:20.785'),
('22221504-aaaa-4aaa-8aaa-bbbb1504tr03','bbbb1504-2222-4222-8222-bbbbbbbb1504','tr','Hangi malzemelerden üretilir?','Korozyon dayanımı için paslanmaz çelik veya CTP (FRP) seçenekleri tercih edilir.',30,1,'2026-01-02 03:32:20.785','2026-01-02 03:32:20.785'),
('22221504-bbbb-4bbb-8bbb-bbbb1504en01','bbbb1504-2222-4222-8222-bbbbbbbb1504','en','What is a service window used for?','It provides observation and easy access to the tower interior for inspection and maintenance.',10,1,'2026-01-02 03:32:20.792','2026-01-02 03:32:20.792'),
('22221504-bbbb-4bbb-8bbb-bbbb1504en02','bbbb1504-2222-4222-8222-bbbbbbbb1504','en','Where is it installed?','Typically on the side wall of the outer casing; it can also be applied near the lower fill level if needed.',20,1,'2026-01-02 03:32:20.792','2026-01-02 03:32:20.792'),
('22221504-bbbb-4bbb-8bbb-bbbb1504en03','bbbb1504-2222-4222-8222-bbbbbbbb1504','en','Which materials are available?','Stainless steel and FRP (CTP) options are used for corrosion resistance.',30,1,'2026-01-02 03:32:20.792','2026-01-02 03:32:20.792'),
('22221504-cccc-4ccc-8ccc-bbbb1504de01','bbbb1504-2222-4222-8222-bbbbbbbb1504','de','Wofür wird das Servicefenster verwendet?','Es ermöglicht Beobachtung und einen einfachen Zugang ins Turminnere für Kontrolle und Wartung.',10,1,'2026-01-02 03:32:20.796','2026-01-02 03:32:20.796'),
('22221504-cccc-4ccc-8ccc-bbbb1504de02','bbbb1504-2222-4222-8222-bbbbbbbb1504','de','Wo wird es montiert?','Typischerweise an der Seitenwand der Außenverkleidung; je nach Bedarf auch nahe der unteren Füllhöhe.',20,1,'2026-01-02 03:32:20.796','2026-01-02 03:32:20.796'),
('22221504-cccc-4ccc-8ccc-bbbb1504de03','bbbb1504-2222-4222-8222-bbbbbbbb1504','de','Welche Materialien sind möglich?','Edelstahl oder FRP (CTP) für hohe Korrosionsbeständigkeit.',30,1,'2026-01-02 03:32:20.796','2026-01-02 03:32:20.796'),
('22221505-aaaa-4aaa-8aaa-bbbb1505tr01','bbbb1505-2222-4222-8222-bbbbbbbb1505','tr','Su dağıtım sistemi ne işe yarar?','Tesisten gelen sıcak suyu kule içindeki dolgular üzerine eşit şekilde dağıtır.',10,1,'2026-01-02 03:32:20.806','2026-01-02 03:32:20.806'),
('22221505-aaaa-4aaa-8aaa-bbbb1505tr02','bbbb1505-2222-4222-8222-bbbbbbbb1505','tr','Hangi sıcaklıkta hangi malzeme kullanılır?','55°C altı uygulamalarda PVC; daha yüksek sıcaklıklarda PP veya CTP (FRP) tercih edilir.',20,1,'2026-01-02 03:32:20.806','2026-01-02 03:32:20.806'),
('22221505-aaaa-4aaa-8aaa-bbbb1505tr03','bbbb1505-2222-4222-8222-bbbbbbbb1505','tr','Bakım sırasında sökme-takma kolay mı?','Evet. Sızdırmaz bağlantı yapısı sayesinde kesme/ekleme yapmadan kolayca sökülüp takılabilir.',30,1,'2026-01-02 03:32:20.806','2026-01-02 03:32:20.806'),
('22221505-bbbb-4bbb-8bbb-bbbb1505en01','bbbb1505-2222-4222-8222-bbbbbbbb1505','en','What does the water distribution system do?','It distributes hot water from the plant uniformly onto the tower fill media.',10,1,'2026-01-02 03:32:20.813','2026-01-02 03:32:20.813'),
('22221505-bbbb-4bbb-8bbb-bbbb1505en02','bbbb1505-2222-4222-8222-bbbbbbbb1505','en','Which material is used at different temperatures?','PVC is used below 55°C; PP or FRP (CTP) is preferred above 55°C.',20,1,'2026-01-02 03:32:20.813','2026-01-02 03:32:20.813'),
('22221505-bbbb-4bbb-8bbb-bbbb1505en03','bbbb1505-2222-4222-8222-bbbbbbbb1505','en','Is maintenance easy?','Yes. Leak-tight joints allow easy assembly/disassembly without cutting or splicing.',30,1,'2026-01-02 03:32:20.813','2026-01-02 03:32:20.813'),
('22221505-cccc-4ccc-8ccc-bbbb1505de01','bbbb1505-2222-4222-8222-bbbbbbbb1505','de','Wofür ist das Wasserverteilungssystem zuständig?','Es verteilt das heiße Wasser aus der Anlage gleichmäßig auf die Füllkörper im Turm.',10,1,'2026-01-02 03:32:20.820','2026-01-02 03:32:20.820'),
('22221505-cccc-4ccc-8ccc-bbbb1505de02','bbbb1505-2222-4222-8222-bbbbbbbb1505','de','Welches Material wird bei welchen Temperaturen verwendet?','Unter 55°C PVC; bei höheren Temperaturen PP oder FRP (CTP).',20,1,'2026-01-02 03:32:20.820','2026-01-02 03:32:20.820'),
('22221505-cccc-4ccc-8ccc-bbbb1505de03','bbbb1505-2222-4222-8222-bbbbbbbb1505','de','Ist die Wartung einfach?','Ja. Durch dichtende Verbindungen ist die Montage/Demontage ohne Schneiden und Einfügen möglich.',30,1,'2026-01-02 03:32:20.820','2026-01-02 03:32:20.820'),
('22221506-aaaa-4aaa-8aaa-bbbb1506tr01','bbbb1506-2222-4222-8222-bbbbbbbb1506','tr','Nozul hangi malzemeden üretilir?','Polipropilen (PP) malzemeden üretilir.',10,1,'2026-01-02 03:32:20.831','2026-01-02 03:32:20.831'),
('22221506-aaaa-4aaa-8aaa-bbbb1506tr02','bbbb1506-2222-4222-8222-bbbbbbbb1506','tr','Basınç veya debi ayarı yapılabilir mi?','Evet. Farklı çap konik parçalar kullanılarak basınç/debi ayarı yapılabilir.',20,1,'2026-01-02 03:32:20.831','2026-01-02 03:32:20.831'),
('22221506-aaaa-4aaa-8aaa-bbbb1506tr03','bbbb1506-2222-4222-8222-bbbbbbbb1506','tr','Bakım ve temizlik kolay mı?','Evet. Kolay sök/tak tasarımı sayesinde temizlik ve bakım için uygundur.',30,1,'2026-01-02 03:32:20.831','2026-01-02 03:32:20.831'),
('22221506-bbbb-4bbb-8bbb-bbbb1506en01','bbbb1506-2222-4222-8222-bbbbbbbb1506','en','Which material is the nozzle made of?','It is made of polypropylene (PP).',10,1,'2026-01-02 03:32:20.837','2026-01-02 03:32:20.837'),
('22221506-bbbb-4bbb-8bbb-bbbb1506en02','bbbb1506-2222-4222-8222-bbbbbbbb1506','en','Can pressure or flow be adjusted?','Yes. Pressure/flow can be adjusted using cones with different diameters.',20,1,'2026-01-02 03:32:20.837','2026-01-02 03:32:20.837'),
('22221506-bbbb-4bbb-8bbb-bbbb1506en03','bbbb1506-2222-4222-8222-bbbbbbbb1506','en','Is maintenance easy?','Yes. The design allows easy removal/installation for cleaning and maintenance.',30,1,'2026-01-02 03:32:20.837','2026-01-02 03:32:20.837'),
('22221506-cccc-4ccc-8ccc-bbbb1506de01','bbbb1506-2222-4222-8222-bbbbbbbb1506','de','Aus welchem Material besteht die Düse?','Sie besteht aus Polypropylen (PP).',10,1,'2026-01-02 03:32:20.845','2026-01-02 03:32:20.845'),
('22221506-cccc-4ccc-8ccc-bbbb1506de02','bbbb1506-2222-4222-8222-bbbbbbbb1506','de','Kann man Druck oder Durchfluss einstellen?','Ja. Über Kegel mit unterschiedlichen Durchmessern lässt sich Druck/Durchfluss einstellen.',20,1,'2026-01-02 03:32:20.845','2026-01-02 03:32:20.845'),
('22221506-cccc-4ccc-8ccc-bbbb1506de03','bbbb1506-2222-4222-8222-bbbbbbbb1506','de','Ist die Wartung einfach?','Ja. Die Konstruktion ermöglicht eine leichte Montage/Demontage zur Reinigung.',30,1,'2026-01-02 03:32:20.845','2026-01-02 03:32:20.845'),
('22221507-aaaa-4aaa-8aaa-bbbb1507tr01','bbbb1507-2222-4222-8222-bbbbbbbb1507','tr','Pultruzyon profil nedir?','Elyaf ve reçinenin kalıptan sürekli geçirilmesiyle üretilen, yüksek mukavemetli kompozit profildir.',10,1,'2026-01-02 03:32:20.868','2026-01-02 03:32:20.868'),
('22221507-aaaa-4aaa-8aaa-bbbb1507tr02','bbbb1507-2222-4222-8222-bbbbbbbb1507','tr','CTP profillerin avantajı nedir?','Yüksek dayanım, korozyon/kimyasal dayanım ve bakım/boya gerektirmeyen uzun ömür sağlar.',20,1,'2026-01-02 03:32:20.868','2026-01-02 03:32:20.868'),
('22221507-aaaa-4aaa-8aaa-bbbb1507tr03','bbbb1507-2222-4222-8222-bbbbbbbb1507','tr','Hangi alanlarda kullanılır?','Soğutma kulesi konstrüksiyonunda farklı kesitli taşıyıcı/bağlantı profilleri olarak kullanılır.',30,1,'2026-01-02 03:32:20.868','2026-01-02 03:32:20.868'),
('22221507-bbbb-4bbb-8bbb-bbbb1507en01','bbbb1507-2222-4222-8222-bbbbbbbb1507','en','What is a pultrusion profile?','A composite profile produced by pulling fiber and resin through a die, resulting in high strength and consistency.',10,1,'2026-01-02 03:32:20.876','2026-01-02 03:32:20.876'),
('22221507-bbbb-4bbb-8bbb-bbbb1507en02','bbbb1507-2222-4222-8222-bbbbbbbb1507','en','What are the key advantages of FRP profiles?','High strength, corrosion/chemical resistance, and long service life without painting or periodic maintenance.',20,1,'2026-01-02 03:32:20.876','2026-01-02 03:32:20.876'),
('22221507-bbbb-4bbb-8bbb-bbbb1507en03','bbbb1507-2222-4222-8222-bbbbbbbb1507','en','Where are they used in cooling towers?','As structural and connection profiles with various cross-sections in tower construction.',30,1,'2026-01-02 03:32:20.876','2026-01-02 03:32:20.876'),
('22221507-cccc-4ccc-8ccc-bbbb1507de01','bbbb1507-2222-4222-8222-bbbbbbbb1507','de','Was ist ein Pultrusionsprofil?','Ein Verbundprofil, das durch kontinuierliches Ziehen von Faser und Harz durch eine Matrize hergestellt wird.',10,1,'2026-01-02 03:32:20.884','2026-01-02 03:32:20.884'),
('22221507-cccc-4ccc-8ccc-bbbb1507de02','bbbb1507-2222-4222-8222-bbbbbbbb1507','de','Welche Vorteile haben FRP/GFK-Profile?','Hohe Festigkeit, Korrosions-/Chemikalienbeständigkeit und lange Lebensdauer ohne Lackierung oder regelmäßige Wartung.',20,1,'2026-01-02 03:32:20.884','2026-01-02 03:32:20.884'),
('22221507-cccc-4ccc-8ccc-bbbb1507de03','bbbb1507-2222-4222-8222-bbbbbbbb1507','de','Wo werden sie im Kühlturm eingesetzt?','Als Konstruktions- und Verbindungsprofile mit unterschiedlichen Querschnitten im Turmbau.',30,1,'2026-01-02 03:32:20.884','2026-01-02 03:32:20.884'),
('22221508-aaaa-4aaa-8aaa-bbbb1508tr01','bbbb1508-2222-4222-8222-bbbbbbbb1508','tr','Damlalık ne işe yarar?','Su damlacıklarının hava ile sürüklenerek atmosfere taşınmasını azaltır ve su kaybını önler.',10,1,'2026-01-02 03:32:20.903','2026-01-02 03:32:20.903'),
('22221508-aaaa-4aaa-8aaa-bbbb1508tr02','bbbb1508-2222-4222-8222-bbbbbbbb1508','tr','Nerede konumlandırılır?','Fan grubunun bulunduğu platform ile su dağıtım sistemi arasında yer alır.',20,1,'2026-01-02 03:32:20.903','2026-01-02 03:32:20.903'),
('22221508-aaaa-4aaa-8aaa-bbbb1508tr03','bbbb1508-2222-4222-8222-bbbbbbbb1508','tr','Montaj tipi nasıldır?','Modüler kasetler halinde, boşluksuz şekilde monte edilerek tüm kesit kapatılır.',30,1,'2026-01-02 03:32:20.903','2026-01-02 03:32:20.903'),
('22221508-bbbb-4bbb-8bbb-bbbb1508en01','bbbb1508-2222-4222-8222-bbbbbbbb1508','en','What do drift eliminators do?','They reduce water droplet carryover to the atmosphere and help prevent water loss.',10,1,'2026-01-02 03:32:20.910','2026-01-02 03:32:20.910'),
('22221508-bbbb-4bbb-8bbb-bbbb1508en02','bbbb1508-2222-4222-8222-bbbbbbbb1508','en','Where are they installed?','Between the fan deck platform and the water distribution system inside the tower.',20,1,'2026-01-02 03:32:20.910','2026-01-02 03:32:20.910'),
('22221508-bbbb-4bbb-8bbb-bbbb1508en03','bbbb1508-2222-4222-8222-bbbbbbbb1508','en','How are they mounted?','As modular cassette blocks mounted without gaps to cover the full cross-section.',30,1,'2026-01-02 03:32:20.910','2026-01-02 03:32:20.910'),
('22221508-cccc-4ccc-8ccc-bbbb1508de01','bbbb1508-2222-4222-8222-bbbbbbbb1508','de','Wozu dient ein Tropfenabscheider?','Er reduziert die Tröpfchenmitnahme in die Atmosphäre und verhindert Wasserverlust.',10,1,'2026-01-02 03:32:20.915','2026-01-02 03:32:20.915'),
('22221508-cccc-4ccc-8ccc-bbbb1508de02','bbbb1508-2222-4222-8222-bbbbbbbb1508','de','Wo wird er montiert?','Zwischen Lüfterplattform und Wasserverteilungssystem im Inneren des Turms.',20,1,'2026-01-02 03:32:20.915','2026-01-02 03:32:20.915'),
('22221508-cccc-4ccc-8ccc-bbbb1508de03','bbbb1508-2222-4222-8222-bbbbbbbb1508','de','Wie erfolgt die Montage?','Als modulare Kassetten, die ohne Zwischenräume den gesamten Querschnitt abdecken.',30,1,'2026-01-02 03:32:20.915','2026-01-02 03:32:20.915'),
('22221509-aaaa-4aaa-8aaa-bbbb1509tr01','bbbb1509-2222-4222-8222-bbbbbbbb1509','tr','PVC petek dolgu hangi şartlarda tercih edilir?','Genellikle temiz su proseslerinde ve su sıcaklığının 55 °C altında olduğu uygulamalarda tercih edilir.',10,1,'2026-01-02 03:32:20.931','2026-01-02 03:32:20.931'),
('22221509-aaaa-4aaa-8aaa-bbbb1509tr02','bbbb1509-2222-4222-8222-bbbbbbbb1509','tr','Film tipi dolgunun avantajı nedir?','Yüksek yüzey alanı sayesinde ısı transfer verimi yüksektir.',20,1,'2026-01-02 03:32:20.931','2026-01-02 03:32:20.931'),
('22221509-aaaa-4aaa-8aaa-bbbb1509tr03','bbbb1509-2222-4222-8222-bbbbbbbb1509','tr','CF tipleri neyi ifade eder?','Farklı geometri ve adım (pitch) seçeneklerini ifade eder. Uygulamaya göre CF-12/19/30/CF-M/CF-O seçilir.',30,1,'2026-01-02 03:32:20.931','2026-01-02 03:32:20.931'),
('22221509-bbbb-4bbb-8bbb-bbbb1509en01','bbbb1509-2222-4222-8222-bbbbbbbb1509','en','When should PVC film fill be used?','It is recommended for clean-water applications up to about 55 °C with low fouling and scaling.',10,1,'2026-01-02 03:32:20.937','2026-01-02 03:32:20.937'),
('22221509-bbbb-4bbb-8bbb-bbbb1509en02','bbbb1509-2222-4222-8222-bbbbbbbb1509','en','What is the main advantage of film fill?','High surface area, which increases heat transfer efficiency.',20,1,'2026-01-02 03:32:20.937','2026-01-02 03:32:20.937'),
('22221509-bbbb-4bbb-8bbb-bbbb1509en03','bbbb1509-2222-4222-8222-bbbbbbbb1509','en','What do CF types indicate?','They represent different geometries/pitches. Selection depends on water quality and operating conditions.',30,1,'2026-01-02 03:32:20.937','2026-01-02 03:32:20.937'),
('22221509-cccc-4ccc-8ccc-bbbb1509de01','bbbb1509-2222-4222-8222-bbbbbbbb1509','de','Wann wird PVC-Folienfüllung eingesetzt?','Bei sauberem Wasser und Wassertemperaturen bis etwa 55 °C, wenn geringe Verschmutzung/Verkalkung vorliegt.',10,1,'2026-01-02 03:32:20.952','2026-01-02 03:32:20.952'),
('22221509-cccc-4ccc-8ccc-bbbb1509de02','bbbb1509-2222-4222-8222-bbbbbbbb1509','de','Was ist der Vorteil von Filmfüllung?','Hohe Oberfläche und damit sehr gute Wärmeübertragungsleistung.',20,1,'2026-01-02 03:32:20.952','2026-01-02 03:32:20.952'),
('22221509-cccc-4ccc-8ccc-bbbb1509de03','bbbb1509-2222-4222-8222-bbbbbbbb1509','de','Wofür stehen die CF-Typen?','Sie kennzeichnen unterschiedliche Geometrien/Teilungen. Die Auswahl erfolgt je nach Wasserqualität und Betriebsbedingungen.',30,1,'2026-01-02 03:32:20.952','2026-01-02 03:32:20.952'),
('22221510-aaaa-4aaa-8aaa-bbbb1510tr01','bbbb1510-2222-4222-8222-bbbbbbbb1510','tr','PP bigudi dolgu hangi uygulamalar için uygundur?','Kirli, yağlı, kumlu ve kireçlenmeye yatkın proses sularında ve tozlu tesis koşullarında tercih edilir.',10,1,'2026-01-02 03:32:20.972','2026-01-02 03:32:20.972'),
('22221510-aaaa-4aaa-8aaa-bbbb1510tr02','bbbb1510-2222-4222-8222-bbbbbbbb1510','tr','Yüksek sıcaklıkta kullanılabilir mi?','Evet, PP bigudi dolgu yaklaşık 100 °C’ye kadar proses sularında kullanılabilir.',20,1,'2026-01-02 03:32:20.972','2026-01-02 03:32:20.972'),
('22221510-aaaa-4aaa-8aaa-bbbb1510tr03','bbbb1510-2222-4222-8222-bbbbbbbb1510','tr','Temizlenip tekrar kullanılabilir mi?','Evet. Yıkanarak tekrar kullanılabilir; bakım ve değişim maliyetini düşürür.',30,1,'2026-01-02 03:32:20.972','2026-01-02 03:32:20.972'),
('22221510-bbbb-4bbb-8bbb-bbbb1510en01','bbbb1510-2222-4222-8222-bbbbbbbb1510','en','Where is PP ring fill typically used?','In applications with dirty, oily or sandy water and in dusty environments where fouling and scaling are concerns.',10,1,'2026-01-02 03:32:20.981','2026-01-02 03:32:20.981'),
('22221510-bbbb-4bbb-8bbb-bbbb1510en02','bbbb1510-2222-4222-8222-bbbbbbbb1510','en','Can it handle high temperature water?','Yes. PP ring fill can be used with process water up to about 100 °C.',20,1,'2026-01-02 03:32:20.981','2026-01-02 03:32:20.981'),
('22221510-bbbb-4bbb-8bbb-bbbb1510en03','bbbb1510-2222-4222-8222-bbbbbbbb1510','en','Is it reusable after cleaning?','Yes. It can be washed and reused, reducing maintenance and replacement costs.',30,1,'2026-01-02 03:32:20.981','2026-01-02 03:32:20.981'),
('22221510-cccc-4ccc-8ccc-bbbb1510de01','bbbb1510-2222-4222-8222-bbbbbbbb1510','de','Wann ist Spritzring-Füllung sinnvoll?','Bei stark verschmutztem/öligem/sandigem Wasser und in staubigen Umgebungen, wo Fouling und Verkalkung auftreten.',10,1,'2026-01-02 03:32:20.986','2026-01-02 03:32:20.986'),
('22221510-cccc-4ccc-8ccc-bbbb1510de02','bbbb1510-2222-4222-8222-bbbbbbbb1510','de','Ist sie für hohe Temperaturen geeignet?','Ja. Sie kann mit Prozesswasser bis ca. 100 °C eingesetzt werden.',20,1,'2026-01-02 03:32:20.986','2026-01-02 03:32:20.986'),
('22221510-cccc-4ccc-8ccc-bbbb1510de03','bbbb1510-2222-4222-8222-bbbbbbbb1510','de','Kann sie wiederverwendet werden?','Ja. Nach Reinigung kann sie wiederverwendet werden, die Kosten bleiben gering.',30,1,'2026-01-02 03:32:20.986','2026-01-02 03:32:20.986'),
('22221511-aaaa-4aaa-8aaa-bbbb1511tr01','bbbb1511-2222-4222-8222-bbbbbbbb1511','tr','Splash grid dolgu ne zaman tercih edilir?','Su çok kirliyse ve dolgu üzerinde tıkanma riski yüksekse splash grid dolgu tercih edilir.',10,1,'2026-01-02 03:32:20.997','2026-01-02 03:32:20.997'),
('22221511-aaaa-4aaa-8aaa-bbbb1511tr02','bbbb1511-2222-4222-8222-bbbbbbbb1511','tr','Hangi sektörlerde kullanımı yaygındır?','Domates salçası üretimi, yağ fabrikası vakum hatları ve haddehaneler gibi tesislerde yaygındır.',20,1,'2026-01-02 03:32:20.997','2026-01-02 03:32:20.997'),
('22221511-aaaa-4aaa-8aaa-bbbb1511tr03','bbbb1511-2222-4222-8222-bbbbbbbb1511','tr','Bakım açısından avantajı nedir?','Tıkanmaya daha toleranslı olduğu için temizleme ve bakım periyodunu kolaylaştırır.',30,1,'2026-01-02 03:32:20.997','2026-01-02 03:32:20.997'),
('22221511-bbbb-4bbb-8bbb-bbbb1511en01','bbbb1511-2222-4222-8222-bbbbbbbb1511','en','When should splash grid fill be selected?','When water is very dirty and clogging risk is high, splash grid fill is a practical choice.',10,1,'2026-01-02 03:32:21.001','2026-01-02 03:32:21.001'),
('22221511-bbbb-4bbb-8bbb-bbbb1511en02','bbbb1511-2222-4222-8222-bbbbbbbb1511','en','Which industries commonly use it?','Common uses include tomato paste plants, vacuum lines in oil factories, and rolling mills.',20,1,'2026-01-02 03:32:21.001','2026-01-02 03:32:21.001'),
('22221511-bbbb-4bbb-8bbb-bbbb1511en03','bbbb1511-2222-4222-8222-bbbbbbbb1511','en','What is the maintenance advantage?','Its clogging-tolerant structure typically reduces cleaning frequency and simplifies upkeep.',30,1,'2026-01-02 03:32:21.001','2026-01-02 03:32:21.001'),
('22221511-cccc-4ccc-8ccc-bbbb1511de01','bbbb1511-2222-4222-8222-bbbbbbbb1511','de','Wann ist Spritzgitter-Füllung sinnvoll?','Wenn das Wasser stark verschmutzt ist und ein hohes Verstopfungsrisiko besteht.',10,1,'2026-01-02 03:32:21.007','2026-01-02 03:32:21.007'),
('22221511-cccc-4ccc-8ccc-bbbb1511de02','bbbb1511-2222-4222-8222-bbbbbbbb1511','de','Wo wird sie typischerweise eingesetzt?','In Tomatenmarkproduktion, Vakuumleitungen von Ölfabriken und in Walzwerken.',20,1,'2026-01-02 03:32:21.007','2026-01-02 03:32:21.007'),
('22221511-cccc-4ccc-8ccc-bbbb1511de03','bbbb1511-2222-4222-8222-bbbbbbbb1511','de','Was ist der Wartungsvorteil?','Die tolerante Struktur reduziert Verstopfung und vereinfacht Reinigung und Wartung.',30,1,'2026-01-02 03:32:21.007','2026-01-02 03:32:21.007'),
('22221512-aaaa-4aaa-8aaa-bbbb1512tr01','bbbb1512-2222-4222-8222-bbbbbbbb1512','tr','Rashing halkası nerelerde kullanılır?','Soğutma kulelerinde dolgu malzemesi olarak, scrubber/yıkayıcı sistemlerde ise gaz-sıvı temas yüzeyini artırmak için kullanılır.',10,1,'2026-01-02 03:32:21.018','2026-01-02 03:32:21.018'),
('22221512-aaaa-4aaa-8aaa-bbbb1512tr02','bbbb1512-2222-4222-8222-bbbbbbbb1512','tr','Scrubber sistemlerinde ne işe yarar?','Gazın temizleme sıvısı ile temas yüzeyini artırır; yıkama ve yoğuşturma ile koku giderimi ve arıtıma katkı sağlar.',20,1,'2026-01-02 03:32:21.018','2026-01-02 03:32:21.018'),
('22221512-aaaa-4aaa-8aaa-bbbb1512tr03','bbbb1512-2222-4222-8222-bbbbbbbb1512','tr','Boyut ve paket bilgisi nedir?','Standart ölçü Ø 37 mm x 37 mm’dir; 5.000 adet/torba ve 18.500 adet/m³ değerleri ile kullanılır.',30,1,'2026-01-02 03:32:21.018','2026-01-02 03:32:21.018'),
('22221512-bbbb-4bbb-8bbb-bbbb1512en01','bbbb1512-2222-4222-8222-bbbbbbbb1512','en','Where are Raschig rings used?','They are used as fill media in cooling towers and as packing media in scrubber systems.',10,1,'2026-01-02 03:32:21.023','2026-01-02 03:32:21.023'),
('22221512-bbbb-4bbb-8bbb-bbbb1512en02','bbbb1512-2222-4222-8222-bbbbbbbb1512','en','What do they do in scrubbers?','They increase gas–liquid contact area to support washing/condensation for odor control and treatment.',20,1,'2026-01-02 03:32:21.023','2026-01-02 03:32:21.023'),
('22221512-bbbb-4bbb-8bbb-bbbb1512en03','bbbb1512-2222-4222-8222-bbbbbbbb1512','en','What are the standard size and packaging?','Standard size is Ø 37 mm x 37 mm; packaging is 5,000 pcs/bag; typical bulk is 18,500 pcs/m³.',30,1,'2026-01-02 03:32:21.023','2026-01-02 03:32:21.023'),
('22221512-cccc-4ccc-8ccc-bbbb1512de01','bbbb1512-2222-4222-8222-bbbbbbbb1512','de','Wo werden Raschig-Ringe eingesetzt?','Als Füllkörper in Kühltürmen und als Packung in Wäscheranlagen (Scrubber).',10,1,'2026-01-02 03:32:21.040','2026-01-02 03:32:21.040'),
('22221512-cccc-4ccc-8ccc-bbbb1512de02','bbbb1512-2222-4222-8222-bbbbbbbb1512','de','Welche Funktion haben sie im Scrubber?','Sie vergrößern die Gas-Flüssig-Kontaktfläche und unterstützen Geruchs- und Emissionsminderung.',20,1,'2026-01-02 03:32:21.040','2026-01-02 03:32:21.040'),
('22221512-cccc-4ccc-8ccc-bbbb1512de03','bbbb1512-2222-4222-8222-bbbbbbbb1512','de','Welche Standarddaten gelten?','Ø 37 mm x 37 mm, 5.000 Stück/Beutel und 18.500 Stück/m³.',30,1,'2026-01-02 03:32:21.040','2026-01-02 03:32:21.040'),
('22221513-aaaa-4aaa-8aaa-bbbb1513tr01','bbbb1513-2222-4222-8222-bbbbbbbb1513','tr','Hava giriş panjuru ne işe yarar?','Kuleye giren havayı yönlendirerek dolguya daha homojen yayılmasını sağlar; sıçrama su kaybını ve yosun oluşumunu azaltmaya yardımcı olur.',10,1,'2026-01-02 03:32:21.053','2026-01-02 03:32:21.053'),
('22221513-aaaa-4aaa-8aaa-bbbb1513tr02','bbbb1513-2222-4222-8222-bbbbbbbb1513','tr','Hangi malzemeden üretilir?','Standart olarak 1. sınıf PVC lameller kullanılır. İstenirse FRP/CTP malzemeden de üretilebilir.',20,1,'2026-01-02 03:32:21.053','2026-01-02 03:32:21.053'),
('22221513-aaaa-4aaa-8aaa-bbbb1513tr03','bbbb1513-2222-4222-8222-bbbbbbbb1513','tr','Hangi kule tipleriyle uyumludur?','Yerli ve ithal paket kule tiplerine uygulanabilir.',30,1,'2026-01-02 03:32:21.053','2026-01-02 03:32:21.053'),
('22221513-bbbb-4bbb-8bbb-bbbb1513en01','bbbb1513-2222-4222-8222-bbbbbbbb1513','en','What do air inlet louvers do?','They guide incoming air for uniform distribution across the fill, reduce splash water losses, and help limit algae growth by reducing sunlight.',10,1,'2026-01-02 03:32:21.059','2026-01-02 03:32:21.059'),
('22221513-bbbb-4bbb-8bbb-bbbb1513en02','bbbb1513-2222-4222-8222-bbbbbbbb1513','en','Which materials are available?','First-grade PVC is standard; FRP can be supplied on request.',20,1,'2026-01-02 03:32:21.059','2026-01-02 03:32:21.059'),
('22221513-bbbb-4bbb-8bbb-bbbb1513en03','bbbb1513-2222-4222-8222-bbbbbbbb1513','en','Are they compatible with packaged towers?','Yes. They can be applied to both local and imported packaged tower types.',30,1,'2026-01-02 03:32:21.059','2026-01-02 03:32:21.059'),
('22221513-cccc-4ccc-8ccc-bbbb1513de01','bbbb1513-2222-4222-8222-bbbbbbbb1513','de','Wozu dienen Lufteinlasslamellen?','Sie richten die einströmende Luft aus, reduzieren Spritzwasserverluste und helfen, die Algenbildung durch Abschattung zu verringern.',10,1,'2026-01-02 03:32:21.065','2026-01-02 03:32:21.065'),
('22221513-cccc-4ccc-8ccc-bbbb1513de02','bbbb1513-2222-4222-8222-bbbbbbbb1513','de','Aus welchem Material bestehen sie?','Standard ist PVC der 1. Klasse; auf Wunsch sind FRP-Ausführungen möglich.',20,1,'2026-01-02 03:32:21.065','2026-01-02 03:32:21.065'),
('22221513-cccc-4ccc-8ccc-bbbb1513de03','bbbb1513-2222-4222-8222-bbbbbbbb1513','de','Für welche Kühltürme sind sie geeignet?','Für lokale und importierte Paketkühltürme.',30,1,'2026-01-02 03:32:21.065','2026-01-02 03:32:21.065'),
('66660002-aaaa-4aaa-8aaa-bbbb0002tr01','bbbb0002-2222-4222-8222-bbbbbbbb0002','tr','CTP serisi neyi ifade eder?','CTP, tek hücreli açık tip kuleler için ürün ailesini ifade eder. Modeller CTP-1’den CTP-35’e kadar ölçeklenir.',10,1,'2026-01-02 03:32:20.605','2026-01-02 03:32:20.605'),
('66660002-aaaa-4aaa-8aaa-bbbb0002tr02','bbbb0002-2222-4222-8222-bbbbbbbb0002','tr','Kapasite değerleri hangi koşullarda veriliyor?','Katalog tablosunda 35/30/25°C ve 40/30/24°C koşulları için kapasite ve debi değerleri paylaşılır.',20,1,'2026-01-02 03:32:20.605','2026-01-02 03:32:20.605'),
('66660002-aaaa-4aaa-8aaa-bbbb0002tr03','bbbb0002-2222-4222-8222-bbbbbbbb0002','tr','Doğru model seçimi nasıl yapılır?','Hedef soğutma koşulu (örn. 35/30/25°C), ihtiyaç debisi (m³/h) ve saha yerleşimi (taban ölçüsü/yükseklik) birlikte değerlendirilerek seçilir.',30,1,'2026-01-02 03:32:20.605','2026-01-02 03:32:20.605'),
('66660002-bbbb-4bbb-8bbb-bbbb0002en01','bbbb0002-2222-4222-8222-bbbbbbbb0002','en','What does the CTP series represent?','CTP refers to the single-cell open circuit tower family. Models scale from CTP-1 up to CTP-35.',10,1,'2026-01-02 03:32:20.615','2026-01-02 03:32:20.615'),
('66660002-bbbb-4bbb-8bbb-bbbb0002en02','bbbb0002-2222-4222-8222-bbbbbbbb0002','en','Under which conditions are capacities provided?','The catalog table provides capacity and flow rates for 35/30/25°C and 40/30/24°C operating conditions.',20,1,'2026-01-02 03:32:20.615','2026-01-02 03:32:20.615'),
('66660002-bbbb-4bbb-8bbb-bbbb0002en03','bbbb0002-2222-4222-8222-bbbbbbbb0002','en','How do I choose the right model?','Select based on target operating condition, required flow rate (m³/h), and installation constraints such as base area and height.',30,1,'2026-01-02 03:32:20.615','2026-01-02 03:32:20.615'),
('66660002-cccc-4ccc-8ccc-bbbb0002de01','bbbb0002-2222-4222-8222-bbbbbbbb0002','de','Wofür steht die CTP-Serie?','CTP bezeichnet die Einzelzelle-Produktfamilie der offenen Kühltürme. Die Modelle skalieren von CTP-1 bis CTP-35.',10,1,'2026-01-02 03:32:20.621','2026-01-02 03:32:20.621'),
('66660002-cccc-4ccc-8ccc-bbbb0002de02','bbbb0002-2222-4222-8222-bbbbbbbb0002','de','Unter welchen Bedingungen sind die Kapazitäten angegeben?','Die Katalogtabelle enthält Kapazität und Volumenstrom für 35/30/25°C sowie 40/30/24°C.',20,1,'2026-01-02 03:32:20.621','2026-01-02 03:32:20.621'),
('66660002-cccc-4ccc-8ccc-bbbb0002de03','bbbb0002-2222-4222-8222-bbbbbbbb0002','de','Wie wähle ich das richtige Modell?','Auswahl anhand Ziel-Betriebsbedingung, benötigtem Volumenstrom (m³/h) und Einbaubedingungen (Grundfläche/Höhe).',30,1,'2026-01-02 03:32:20.621','2026-01-02 03:32:20.621'),
('66660003-aaaa-4aaa-8aaa-bbbb0003tr01','bbbb0003-2222-4222-8222-bbbbbbbb0003','tr','İki hücreli kule ne zaman tercih edilir?','Yüksek kapasite ve debi ihtiyaçlarında ve işletme sürekliliği için çift hücreli (redundant) yapı istenen projelerde tercih edilir.',10,1,'2026-01-02 03:32:20.636','2026-01-02 03:32:20.636'),
('66660003-aaaa-4aaa-8aaa-bbbb0003tr02','bbbb0003-2222-4222-8222-bbbbbbbb0003','tr','Kapasite değerleri hangi koşullarda veriliyor?','Katalog tablosunda 35/30/25°C ve 40/30/24°C koşullarına göre kapasite (kcal/h) ve debi (m³/h) verilir.',20,1,'2026-01-02 03:32:20.636','2026-01-02 03:32:20.636'),
('66660003-aaaa-4aaa-8aaa-bbbb0003tr03','bbbb0003-2222-4222-8222-bbbbbbbb0003','tr','Model seçimi nasıl yapılır?','Hedef koşul, istenen debi, saha ölçüleri (taban alanı/yükseklik) ve ağırlık/taşıma şartları birlikte değerlendirilerek seçilir.',30,1,'2026-01-02 03:32:20.636','2026-01-02 03:32:20.636'),
('66660003-bbbb-4bbb-8bbb-bbbb0003en01','bbbb0003-2222-4222-8222-bbbbbbbb0003','en','When should a double-cell tower be preferred?','Preferred for higher capacity/flow projects and when a dual-cell configuration is required for operational continuity.',10,1,'2026-01-02 03:32:20.642','2026-01-02 03:32:20.642'),
('66660003-bbbb-4bbb-8bbb-bbbb0003en02','bbbb0003-2222-4222-8222-bbbbbbbb0003','en','Under which conditions are capacities listed?','The catalog table lists capacity (kcal/h) and flow rate (m³/h) for 35/30/25°C and 40/30/24°C operating conditions.',20,1,'2026-01-02 03:32:20.642','2026-01-02 03:32:20.642'),
('66660003-bbbb-4bbb-8bbb-bbbb0003en03','bbbb0003-2222-4222-8222-bbbbbbbb0003','en','How do I choose the right model?','Select based on target condition, required flow rate, site constraints (base area/height) and handling/weight constraints.',30,1,'2026-01-02 03:32:20.642','2026-01-02 03:32:20.642'),
('66660003-cccc-4ccc-8ccc-bbbb0003de01','bbbb0003-2222-4222-8222-bbbbbbbb0003','de','Wann ist eine Doppelzelle sinnvoll?','Bei hohen Kapazitäts- und Volumenstromanforderungen und wenn eine Doppelzellen-Ausführung für Betriebssicherheit/Redundanz gewünscht ist.',10,1,'2026-01-02 03:32:20.647','2026-01-02 03:32:20.647'),
('66660003-cccc-4ccc-8ccc-bbbb0003de02','bbbb0003-2222-4222-8222-bbbbbbbb0003','de','Unter welchen Bedingungen sind die Werte angegeben?','Kapazität (kcal/h) und Volumenstrom (m³/h) sind für 35/30/25°C und 40/30/24°C in der Katalogtabelle angegeben.',20,1,'2026-01-02 03:32:20.647','2026-01-02 03:32:20.647'),
('66660003-cccc-4ccc-8ccc-bbbb0003de03','bbbb0003-2222-4222-8222-bbbbbbbb0003','de','Wie wähle ich das passende Modell?','Auswahl anhand Ziel-Betriebsbedingung, benötigtem Volumenstrom (m³/h) sowie Einbauraum (Grundfläche/Höhe) und Gewichts-/Handlinganforderungen.',30,1,'2026-01-02 03:32:20.647','2026-01-02 03:32:20.647'),
('66660004-aaaa-4aaa-8aaa-bbbb0004tr01','bbbb0004-2222-4222-8222-bbbbbbbb0004','tr','Üç hücreli kule ne zaman tercih edilir?','Çok yüksek kapasite ve debi gereksinimlerinde, üç hücreli yapı ile ölçeklenebilir performans istendiğinde tercih edilir.',10,1,'2026-01-02 03:32:20.659','2026-01-02 03:32:20.659'),
('66660004-aaaa-4aaa-8aaa-bbbb0004tr02','bbbb0004-2222-4222-8222-bbbbbbbb0004','tr','Kapasite/debi değerleri hangi koşullarda veriliyor?','Katalog tablosunda 35/30/25°C ve 40/30/24°C koşullarına göre kapasite (kcal/h) ve debi (m³/h) verilir.',20,1,'2026-01-02 03:32:20.659','2026-01-02 03:32:20.659'),
('66660004-aaaa-4aaa-8aaa-bbbb0004tr03','bbbb0004-2222-4222-8222-bbbbbbbb0004','tr','Model seçerken nelere bakılmalı?','İstenen debi, hedef koşul, taban alanı/yükseklik ve sahadaki kaldırma/taşıma şartları birlikte değerlendirilmelidir.',30,1,'2026-01-02 03:32:20.659','2026-01-02 03:32:20.659'),
('66660004-bbbb-4bbb-8bbb-bbbb0004en01','bbbb0004-2222-4222-8222-bbbbbbbb0004','en','When should a triple-cell tower be preferred?','Preferred for very high capacity/flow requirements where scalable performance with three cells is needed.',10,1,'2026-01-02 03:32:20.666','2026-01-02 03:32:20.666'),
('66660004-bbbb-4bbb-8bbb-bbbb0004en02','bbbb0004-2222-4222-8222-bbbbbbbb0004','en','Under which conditions are values listed?','Capacity (kcal/h) and flow rate (m³/h) are listed for 35/30/25°C and 40/30/24°C in the catalog table.',20,1,'2026-01-02 03:32:20.666','2026-01-02 03:32:20.666'),
('66660004-bbbb-4bbb-8bbb-bbbb0004en03','bbbb0004-2222-4222-8222-bbbbbbbb0004','en','Key parameters for model selection?','Required flow rate, target condition, footprint/height constraints, and handling/weight constraints should be evaluated together.',30,1,'2026-01-02 03:32:20.666','2026-01-02 03:32:20.666'),
('66660004-cccc-4ccc-8ccc-bbbb0004de01','bbbb0004-2222-4222-8222-bbbbbbbb0004','de','Wann ist eine Dreifachzelle sinnvoll?','Bei sehr hohen Kapazitäts- und Volumenstromanforderungen, wenn skalierbare Leistung über drei Zellen benötigt wird.',10,1,'2026-01-02 03:32:20.671','2026-01-02 03:32:20.671'),
('66660004-cccc-4ccc-8ccc-bbbb0004de02','bbbb0004-2222-4222-8222-bbbbbbbb0004','de','Unter welchen Bedingungen sind die Werte angegeben?','Kapazität (kcal/h) und Volumenstrom (m³/h) sind für 35/30/25°C und 40/30/24°C in der Katalogtabelle angegeben.',20,1,'2026-01-02 03:32:20.671','2026-01-02 03:32:20.671'),
('66660004-cccc-4ccc-8ccc-bbbb0004de03','bbbb0004-2222-4222-8222-bbbbbbbb0004','de','Wichtige Auswahlparameter?','Erforderlicher Volumenstrom, Zielzustand, Platzbedarf (Grundfläche/Höhe) sowie Gewichts- und Handlinganforderungen.',30,1,'2026-01-02 03:32:20.671','2026-01-02 03:32:20.671');
/*!40000 ALTER TABLE `product_faqs` ENABLE KEYS */;
UNLOCK TABLES;

--
-- Table structure for table `product_i18n`
--

DROP TABLE IF EXISTS `product_i18n`;
/*!40101 SET @saved_cs_client     = @@character_set_client */;
/*!40101 SET character_set_client = utf8mb4 */;
CREATE TABLE `product_i18n` (
  `product_id` char(36) NOT NULL,
  `locale` varchar(8) NOT NULL DEFAULT 'de',
  `title` varchar(255) NOT NULL,
  `slug` varchar(255) NOT NULL,
  `description` text DEFAULT NULL,
  `alt` varchar(255) DEFAULT NULL,
  `tags` longtext CHARACTER SET utf8mb4 COLLATE utf8mb4_bin DEFAULT json_array() CHECK (json_valid(`tags`)),
  `specifications` longtext CHARACTER SET utf8mb4 COLLATE utf8mb4_bin DEFAULT NULL CHECK (json_valid(`specifications`)),
  `meta_title` varchar(255) DEFAULT NULL,
  `meta_description` varchar(500) DEFAULT NULL,
  `created_at` datetime(3) NOT NULL DEFAULT current_timestamp(3),
  `updated_at` datetime(3) NOT NULL DEFAULT current_timestamp(3) ON UPDATE current_timestamp(3),
  PRIMARY KEY (`product_id`,`locale`),
  UNIQUE KEY `product_i18n_locale_slug_uq` (`locale`,`slug`),
  KEY `product_i18n_locale_idx` (`locale`),
  CONSTRAINT `fk_product_i18n_product` FOREIGN KEY (`product_id`) REFERENCES `products` (`id`) ON DELETE CASCADE ON UPDATE CASCADE
) ENGINE=InnoDB DEFAULT CHARSET=utf8mb4 COLLATE=utf8mb4_unicode_ci;
/*!40101 SET character_set_client = @saved_cs_client */;

--
-- Dumping data for table `product_i18n`
--

LOCK TABLES `product_i18n` WRITE;
/*!40000 ALTER TABLE `product_i18n` DISABLE KEYS */;
INSERT INTO `product_i18n` VALUES
('bbbb0001-2222-4222-8222-bbbbbbbb0001','de','Geschlossene Kühltürme – CC CTP / CC DCTP Serie','geschlossene-kuehltuerme-cc-ctp-cc-dctp','Geschlossene Systeme werden in Prozessen bevorzugt, in denen das zu kühlende Wasser gegenüber Verunreinigungen empfindlich ist. Das Medium, das sauber bleiben soll, wird gekühlt, während es durch die Rohrschlangen (Coils) im geschlossenen Turm strömt. Das heiße Prozesswasser fließt im Rohr, während Außenluft und Umlaufwasser Wärme über die Rohr-/Coil-Oberfläche abführen. Geschlossene Kühltürme werden u. a. bei Luftkompressoren, Induktionsöfen und Kältemaschinen (Chiller) eingesetzt.','Geschlossener Kühlturm – CC CTP / CC DCTP Serie','[\"geschlossener kühlturm\", \"closed circuit\", \"coil\", \"prozesskühlung\", \"ensotek\"]','{\"prinzip\": \"Prozessmedium strömt im Coil; Kühlung von außen durch Luft und Umlaufwasser über die Coil-Oberfläche.\", \"einsatz\": \"Luftkompressoren | Induktionsöfen | Chiller\", \"serien\": \"CC CTP | CC DCTP\"}','Geschlossene Kühltürme | CC CTP / CC DCTP | Ensotek','Geschlossene (Closed-Circuit) Kühltürme für kontaminationssensitive Prozessmedien. CC CTP / CC DCTP mit umfangreicher Modellauswahl und technischen Eckdaten.','2026-01-02 03:32:20.590','2026-01-02 03:32:20.590'),
('bbbb0001-2222-4222-8222-bbbbbbbb0001','en','Closed Circuit Cooling Towers – CC CTP / CC DCTP Series','closed-circuit-cooling-towers-cc-ctp-cc-dctp','Closed circuit systems are preferred in processes where the water to be cooled is susceptible to contamination. The water required to remain clean is cooled as it passes through the pipe coils in the closed type tower. Hot water flows inside the coil, while cold air and circulating water remove heat from the coil surface. Closed circuit cooling towers are commonly used in processes containing sensitive equipment such as air compressors, induction furnaces and chillers.','Closed circuit cooling tower – CC CTP / CC DCTP series','[\"closed circuit\", \"cooling tower\", \"coil\", \"process cooling\", \"ensotek\"]','{\"principle\": \"Process fluid flows inside the coil; it is cooled from the outside by air and circulating water.\", \"useCases\": \"Air compressors | Induction furnaces | Chillers\", \"series\": \"CC CTP | CC DCTP\"}','Closed Circuit Cooling Towers | CC CTP / CC DCTP | Ensotek','Closed circuit cooling towers for contamination-sensitive process waters. CC CTP / CC DCTP series with a broad model range and technical highlights.','2026-01-02 03:32:20.573','2026-01-02 03:32:20.573'),
('bbbb0001-2222-4222-8222-bbbbbbbb0001','tr','Kapalı Tip Su Soğutma Kuleleri – CC CTP / CC DCTP Serisi','kapali-tip-su-sogutma-kuleleri-cc-ctp-cc-dctp','Kapalı sistemler, soğutulacak suyun kirliliğe karşı hassas olduğu proseslerde tercih edilir. Temiz kalması istenen su, kapalı tip kule içindeki serpantinlerden geçerken soğutulur. Sıcak su boru içerisinden geçerken, soğuk hava ve kulenin sirkülasyon suyu boru yüzeyinden içerideki suyu soğutur. Kapalı sistem soğutma kuleleri; hava kompresörleri, indüksiyon ocakları ve chiller grupları gibi hassas ekipmanlar içeren proseslerde kullanılır.','Kapalı tip su soğutma kulesi (closed circuit cooling tower) – CC CTP / CC DCTP','[\"kapalı tip\", \"closed circuit\", \"soğutma kulesi\", \"serpantin\", \"proses soğutma\", \"ensotek\"]','{\"principle\": \"Proses akışkanı serpantin/boru içinden geçer; dıştan hava + sirkülasyon suyu ile boru yüzeyinden soğutulur.\", \"useCases\": \"Hava kompresörleri | İndüksiyon ocakları | Chiller grupları\", \"series\": \"CC CTP | CC DCTP\"}','Kapalı Tip Su Soğutma Kuleleri | CC CTP / CC DCTP | Ensotek','Kirliliğe hassas proses suları için kapalı tip (closed circuit) su soğutma kuleleri. CC CTP / CC DCTP serileri, model seçenekleri ve teknik özet.','2026-01-02 03:32:20.526','2026-01-02 03:32:20.526'),
('bbbb0002-2222-4222-8222-bbbbbbbb0002','de','Offene Kühltürme – Einzelzelle (CTP-Serie)','offene-kuehltuerme-einzelzelle-ctp-serie','Die CTP-Serie (Einzelzelle) der offenen Kühltürme bietet eine breite Modellauswahl für unterschiedliche Kapazitäts- und Volumenstromanforderungen. Kapazität und Volumenstrom sind in der Katalogtabelle für die Betriebsbedingungen 35/30/25°C und 40/30/24°C angegeben.','Offener Kühlturm – Einzelzelle CTP-Serie','[\"offener kühlturm\", \"open circuit\", \"einzelzelle\", \"CTP\", \"ensotek\"]','{\"zelltyp\": \"Einzelzelle\", \"serie\": \"CTP\", \"betriebsbedingungen\": \"35/30/25°C | 40/30/24°C\"}','Offene Kühltürme | Einzelzelle CTP-Serie | Ensotek','Einzelzellige offene Kühltürme (CTP-Serie) von CTP-1 bis CTP-35. Abmessungen, Gewichte, Kapazitäten und Volumenströme sind in der Katalogtabelle gelistet.','2026-01-02 03:32:20.618','2026-01-02 03:32:20.618'),
('bbbb0002-2222-4222-8222-bbbbbbbb0002','en','Open Circuit Cooling Towers – Single Cell (CTP Series)','open-circuit-cooling-towers-single-cell-ctp-series','CTP single-cell open circuit cooling towers provide a wide model range to match different capacity and flow requirements. Capacity and flow rate values are provided in the catalog table for 35/30/25°C and 40/30/24°C operating conditions.','Open circuit cooling tower – single cell CTP series','[\"open circuit\", \"single cell\", \"CTP\", \"cooling tower\", \"ensotek\"]','{\"cellType\": \"Single cell\", \"series\": \"CTP\", \"capacityConditions\": \"35/30/25°C | 40/30/24°C\"}','Open Circuit Cooling Towers | Single Cell CTP Series | Ensotek','Single-cell open circuit cooling towers (CTP series). Model options from CTP-1 to CTP-35; dimensions, weights, capacities and flow rates are listed in the catalog table.','2026-01-02 03:32:20.610','2026-01-02 03:32:20.610'),
('bbbb0002-2222-4222-8222-bbbbbbbb0002','tr','Açık Tip Su Soğutma Kuleleri – Tek Hücreli (CTP Serisi)','acik-tip-su-sogutma-kuleleri-tek-hucreli-ctp-serisi','CTP serisi tek hücreli açık tip su soğutma kuleleri; geniş model skalası ile farklı kapasite ve debi ihtiyaçlarına uygun çözümler sunar. Kapasite değerleri 35/30/25°C ve 40/30/24°C çalışma koşullarına göre katalogda tablo halinde verilmektedir.','Açık tip su soğutma kulesi – Tek hücreli CTP serisi','[\"açık tip\", \"open circuit\", \"tek hücreli\", \"CTP\", \"soğutma kulesi\", \"ensotek\"]','{\"cellType\": \"Tek hücreli\", \"series\": \"CTP\", \"capacityConditions\": \"35/30/25°C | 40/30/24°C\"}','Açık Tip Su Soğutma Kuleleri | Tek Hücreli CTP Serisi | Ensotek','Tek hücreli açık tip su soğutma kuleleri (CTP serisi). CTP-1’den CTP-35’e model seçenekleri; ölçü, ağırlık, kapasite ve debi değerleri katalog tablosunda.','2026-01-02 03:32:20.603','2026-01-02 03:32:20.603'),
('bbbb0003-2222-4222-8222-bbbbbbbb0003','de','Offene Kühltürme – Doppelzelle (DCTP-Serie)','offene-kuehltuerme-doppelzelle-dctp-serie','Die DCTP-Serie (Doppelzelle) der offenen Kühltürme ist für höhere Kapazitäts- und Volumenstromanforderungen ausgelegt. Die Katalogtabelle enthält Abmessungen, Gewichte sowie Kapazitäts- und Volumenstromwerte für 35/30/25°C und 40/30/24°C.','Offener Kühlturm – Doppelzelle DCTP-Serie','[\"offener kühlturm\", \"open circuit\", \"doppelzelle\", \"DCTP\", \"ensotek\"]','{\"zelltyp\": \"Doppelzelle\", \"serie\": \"DCTP\", \"betriebsbedingungen\": \"35/30/25°C | 40/30/24°C\"}','Offene Kühltürme | DCTP Doppelzelle | Ensotek','Doppelzellige offene Kühltürme (DCTP-Serie). Modelle DCTP-3 bis DCTP-35; Abmessungen, Gewichte, Kapazitäten und Volumenströme gemäß Katalogtabelle.','2026-01-02 03:32:20.644','2026-01-02 03:32:20.644'),
('bbbb0003-2222-4222-8222-bbbbbbbb0003','en','Open Circuit Cooling Towers – Double Cell (DCTP Series)','open-circuit-cooling-towers-double-cell-dctp-series','DCTP double-cell open circuit cooling towers address higher capacity and flow requirements with a dual-cell configuration. The catalog table provides dimensions, weights, capacity and flow rate values for 35/30/25°C and 40/30/24°C operating conditions.','Open circuit cooling tower – double cell DCTP series','[\"open circuit\", \"double cell\", \"DCTP\", \"cooling tower\", \"ensotek\"]','{\"cellType\": \"Double cell\", \"series\": \"DCTP\", \"capacityConditions\": \"35/30/25°C | 40/30/24°C\"}','Open Circuit Cooling Towers | Double Cell DCTP Series | Ensotek','Double-cell open circuit towers (DCTP series). Model options from DCTP-3 to DCTP-35; dimensions, weights, capacities and flow rates per catalog table.','2026-01-02 03:32:20.639','2026-01-02 03:32:20.639'),
('bbbb0003-2222-4222-8222-bbbbbbbb0003','tr','Açık Tip Su Soğutma Kuleleri – İki Hücreli (DCTP Serisi)','acik-tip-su-sogutma-kuleleri-iki-hucreli-dctp-serisi','DCTP serisi iki hücreli açık tip su soğutma kuleleri, yüksek kapasite ve debi ihtiyaçlarında çift hücreli yapı ile çözüm sunar. Katalog tablosunda her model için ölçüler, ağırlıklar, kapasite ve debi değerleri 35/30/25°C ve 40/30/24°C koşullarında verilmiştir.','Açık tip su soğutma kulesi – İki hücreli DCTP serisi','[\"açık tip\", \"open circuit\", \"iki hücreli\", \"DCTP\", \"soğutma kulesi\", \"ensotek\"]','{\"cellType\": \"İki hücreli\", \"series\": \"DCTP\", \"capacityConditions\": \"35/30/25°C | 40/30/24°C\"}','Açık Tip Su Soğutma Kuleleri | İki Hücreli DCTP Serisi | Ensotek','İki hücreli açık tip kuleler (DCTP serisi). DCTP-3’ten DCTP-35’e model seçenekleri; ölçü, ağırlık, kapasite ve debi değerleri katalog tablosuna göre.','2026-01-02 03:32:20.631','2026-01-02 03:32:20.631'),
('bbbb0004-2222-4222-8222-bbbbbbbb0004','de','Offene Kühltürme – Dreifachzelle (TCTP-Serie)','offene-kuehltuerme-dreifachzelle-tctp-serie','Die TCTP-Serie (Dreifachzelle) der offenen Kühltürme ist für sehr hohe Kapazitäts- und Volumenstromanforderungen ausgelegt und skaliert über drei Zellen. Die Katalogtabelle enthält Abmessungen, Gewichte sowie Kapazitäts- und Volumenstromwerte für 35/30/25°C und 40/30/24°C.','Offener Kühlturm – Dreifachzelle TCTP-Serie','[\"offener kühlturm\",\"open circuit\",\"dreifachzelle\",\"TCTP\",\"ensotek\"]','{\"zelltyp\": \"Dreifachzelle\", \"serie\": \"TCTP\", \"betriebsbedingungen\": \"35/30/25°C | 40/30/24°C\"}','Offene Kühltürme | TCTP Dreifachzelle | Ensotek','Dreizellige offene Kühltürme (TCTP-Serie). Modelle TCTP-3 bis TCTP-35 mit Abmessungen, Gewichten, Kapazitäten und Volumenströmen gemäß Katalogtabelle.','2026-01-02 03:32:20.669','2026-01-02 03:42:19.488'),
('bbbb0004-2222-4222-8222-bbbbbbbb0004','en','Open Circuit Cooling Towers – Triple Cell (TCTP Series)','open-circuit-cooling-towers-triple-cell-tctp-series','TCTP triple-cell open circuit cooling towers provide scalable performance for very high capacity and flow requirements. The catalog table lists dimensions, weights, capacity and flow rate values for 35/30/25°C and 40/30/24°C operating conditions.','Open circuit cooling tower – triple cell TCTP series','[\"open circuit\", \"triple cell\", \"TCTP\", \"cooling tower\", \"ensotek\"]','{\"cellType\": \"Triple cell\", \"series\": \"TCTP\", \"capacityConditions\": \"35/30/25°C | 40/30/24°C\"}','Open Circuit Cooling Towers | Triple Cell TCTP Series | Ensotek','Triple-cell open circuit towers (TCTP series). Models from TCTP-3 to TCTP-35 with catalog-based dimensions, weights, capacities and flow rates.','2026-01-02 03:32:20.662','2026-01-02 03:32:20.662'),
('bbbb0004-2222-4222-8222-bbbbbbbb0004','tr','Açık Tip Su Soğutma Kuleleri – Üç Hücreli (TCTP Serisi)','acik-tip-su-sogutma-kuleleri-uc-hucreli-tctp-serisi','TCTP serisi üç hücreli açık tip su soğutma kuleleri, çok yüksek kapasite ve debi gerektiren uygulamalarda üç hücreli yapı ile ölçeklenebilir çözüm sağlar. Katalog tablosunda her modelin ölçüleri, ağırlıkları, kapasite ve debi değerleri 35/30/25°C ve 40/30/24°C koşullarına göre verilmiştir.','Açık tip su soğutma kulesi – Üç hücreli TCTP serisi','[\"açık tip\", \"open circuit\", \"üç hücreli\", \"TCTP\", \"soğutma kulesi\", \"ensotek\"]','{\"cellType\": \"Üç hücreli\", \"series\": \"TCTP\", \"capacityConditions\": \"35/30/25°C | 40/30/24°C\"}','Açık Tip Su Soğutma Kuleleri | Üç Hücreli TCTP Serisi | Ensotek','Üç hücreli açık tip kuleler (TCTP serisi). TCTP-3’ten TCTP-35’e model seçenekleri; ölçü, ağırlık, kapasite ve debi değerleri katalog tablosuna göre.','2026-01-02 03:32:20.655','2026-01-02 03:32:20.655'),
('bbbb1501-2222-4222-8222-bbbbbbbb1501','de','Wasserkühlturmmotor – Getriebe – Lüfter','wasserkuehlturmmotor-getriebe-luefter','An der Spitze des Turms (Deckteil) arbeitet der Elektromotor (oder Motor + Getriebeeinheit) mit Ventilator und Ventilatorstapel als Gruppe. Es übernimmt eine zentrale Aufgabe im Kühlturm. Türme mit Ventilatordurchmesser Ø ≤ 1600 mm werden nur mit Elektromotor verwendet, größere Anlagen mit Motor und Getriebe. Die Umfangsgeschwindigkeit beträgt 52–60 m/s. Elektromotoren und Getriebe werden als vertikale Flanschausführung in V1-Position eingesetzt. Elektromotoren sind mit Schutzart IP56 und Isolationsklasse F gegen Staub, Öl und Feuchtigkeit geschützt.','Kühlturm Motor und Getriebe (Lüftergruppe) Ersatzteil','[\"ersatzteil\", \"motor\", \"getriebe\", \"lueftergruppe\", \"kuehlturm\", \"ensotek\"]','{\"umfangsgeschwindigkeit\": \"52–60 m/s\", \"durchmesserHinweis\": \"Ø ≤ 1600 mm: nur Motor | größer: Motor + Getriebe\", \"montage\": \"V1 vertikale Flanschausführung\", \"isolation\": \"Klasse F\", \"schutzart\": \"IP56\"}','Wasserkühlturmmotor & Getriebe | Kühlturm Ersatzteile | Ensotek','Motor- und Getriebeeinheit für Kühltürme: IP56, Isolationsklasse F, 52–60 m/s Umfangsgeschwindigkeit, Einsatz am Deckteil mit Lüfter und Lüfterstapel.','2026-01-02 03:32:20.700','2026-01-02 03:32:20.700'),
('bbbb1501-2222-4222-8222-bbbbbbbb1501','en','Motor and Reducer (Fan Group)','motor-and-reducer-fan-group','The motor and reducer operate as a group with the fan and fan stack on the tower deck. They are among the most critical components of a water cooling tower. Units with fan diameter Ø ≤ 1600 mm may use only an electric motor; larger units use motor and reducer together. Fan peripheral speed is 52–60 m/s. Motors and reducers are used in V1 vertical flange configuration. Motors are Class F insulated and IP56 protected against dust, oil and moisture.','Cooling tower motor and reducer (fan group) spare part','[\"spare part\", \"motor\", \"reducer\", \"fan group\", \"cooling tower\", \"ensotek\"]','{\"fanSpeed\": \"52–60 m/s\", \"fanDiameterNote\": \"Ø ≤ 1600 mm: motor only | larger units: motor + reducer\", \"mounting\": \"V1 vertical flange type\", \"insulation\": \"Class F\", \"protection\": \"IP56\"}','Motor and Reducer | Cooling Tower Spare Parts | Ensotek','Motor and reducer group operating with fan and fan stack on tower deck. IP56 protection, Class F insulation, 52–60 m/s peripheral speed.','2026-01-02 03:32:20.694','2026-01-02 03:32:20.694'),
('bbbb1501-2222-4222-8222-bbbbbbbb1501','tr','Motor ve Redüktör (Fan Grubu)','motor-ve-reduktor-fan-grubu','Motor ve redüktör, kulenin çatı bölümünde fan ve fan bacası ile birlikte grup halinde görev yapar. Su soğutma kulesinde en önemli görevi üstlenen ekipmanlardandır. Fan çapı Ø ≤ 1600 mm olan kulelerde yalnız elektrik motoru kullanılabilir; daha büyük modellerde motor ve redüktör birlikte kullanılmaktadır. Fanlarda çevre hızı 52–60 m/s’dir. Elektrik motorları ve redüktörler V1 konumunda düşey flanşlı tip olarak kullanılır. Motorlar F sınıfı izolasyon ve IP56 koruma sınıfı ile toz, yağ ve neme karşı korunmaktadır.','Soğutma kulesi motor ve redüktör (fan grubu) yedek parça','[\"yedek parça\", \"motor\", \"redüktör\", \"fan grubu\", \"soğutma kulesi\", \"ensotek\"]','{\"fanSpeed\": \"52–60 m/s\", \"fanDiameterNote\": \"Ø ≤ 1600 mm: yalnız motor | büyük modeller: motor + redüktör\", \"mounting\": \"V1 konumu, düşey flanşlı tip\", \"insulation\": \"F sınıfı izolasyon\", \"protection\": \"IP56\"}','Motor ve Redüktör | Soğutma Kulesi Yedek Parça | Ensotek','Soğutma kulesi çatı bölümünde fan ve fan bacası ile birlikte çalışan motor ve redüktör grubu. IP56, F sınıfı izolasyon, 52–60 m/s çevre hızı.','2026-01-02 03:32:20.678','2026-01-02 03:32:20.678'),
('bbbb1502-2222-4222-8222-bbbbbbbb1502','de','Vibrationsschalter','vibrationsschalter','Der Vibrationsschalter wird typischerweise bei getriebegetriebenen Anlagen in der Nähe des Lüfterstapels am Deckteil montiert. Er erkennt Vibrationen bei abnormalen Betriebssituationen und schützt die Anlage, indem er den Elektromotor abschaltet. Ausführungen mit Schaltkontakt, Quecksilberkontakt oder Magnetkontakt sind verfügbar. Das Gehäuse besteht aus Aluminium.','Vibrationsschalter für Kühltürme (Lüftergruppe) Ersatzteil','[\"ersatzteil\", \"vibrationsschalter\", \"lueftergruppe\", \"motorschutz\", \"kuehlturm\", \"ensotek\"]','{\"einbauort\": \"Am Deckteil, nahe dem Lüfterstapel (insbesondere bei Getriebeantrieb)\", \"zweck\": \"Erkennt anormale Vibration und schaltet den Motor zur Schutzfunktion ab\", \"gehaeuse\": \"Aluminium\", \"typen\": \"Schaltkontakt | Quecksilberkontakt | Magnetkontakt\"}','Vibrationsschalter | Kühlturm Ersatzteile | Ensotek','Vibrationsschalter für Kühltürme: erkennt anormale Vibration und schaltet den Elektromotor ab. Aluminiumgehäuse; Schalt-, Quecksilber- oder Magnetkontakt.','2026-01-02 03:32:20.731','2026-01-02 03:32:20.731'),
('bbbb1502-2222-4222-8222-bbbbbbbb1502','en','Vibration Switch','vibration-switch','The vibration switch is typically installed next to the fan stack on gear-driven towers. It detects vibration in the fan group under abnormal operating conditions and protects the system by switching the electric motor off. Aluminum-bodied versions are available in switch-contact, mercury-contact and magnetic-contact types.','Cooling tower vibration switch (fan group) spare part','[\"spare part\", \"vibration switch\", \"fan group\", \"motor protection\", \"cooling tower\", \"ensotek\"]','{\"location\": \"Near the fan stack (especially on gear-driven towers)\", \"purpose\": \"Detects abnormal vibration and switches the motor off for protection\", \"housing\": \"Aluminum\", \"types\": \"Switch contact | Mercury contact | Magnetic contact\"}','Vibration Switch | Cooling Tower Spare Parts | Ensotek','Vibration switch for cooling towers: detects abnormal vibration and shuts down the motor. Aluminum housing; switch, mercury and magnetic contact types.','2026-01-02 03:32:20.727','2026-01-02 03:32:20.727'),
('bbbb1502-2222-4222-8222-bbbbbbbb1502','tr','Titreşim Şalteri','titresim-salteri','Titreşim şalteri, redüktörlü kulelerde fan bacasının hemen yanında konumlanır. Fan grubunda oluşan titreşimi anormal çalışma durumlarında algılar ve elektrik motorunu devreden çıkararak sistemi korur. Alüminyum gövdeli siviç kontaklı, cıva kontaklı ve manyetik kontaklı tipleri mevcuttur.','Soğutma kulesi titreşim şalteri (fan grubu) yedek parça','[\"yedek parça\", \"titreşim şalteri\", \"vibrasyon\", \"fan grubu\", \"motor koruma\", \"ensotek\"]','{\"konum\": \"Fan bacası yakınında (özellikle redüktörlü kuleler)\", \"amac\": \"Anormal titreşimde motoru devreden çıkararak koruma sağlar\", \"govde\": \"Alüminyum\", \"tipler\": \"Siviç kontaklı | Cıva kontaklı | Manyetik kontaklı\"}','Titreşim Şalteri | Soğutma Kulesi Yedek Parça | Ensotek','Fan grubundaki anormal titreşimi algılayıp motoru devreden çıkaran titreşim şalteri. Alüminyum gövde; siviç, cıva ve manyetik kontak seçenekleri.','2026-01-02 03:32:20.721','2026-01-02 03:32:20.721'),
('bbbb1503-2222-4222-8222-bbbbbbbb1503','de','Axialventilator (Lüfter) für Kühltürme','axialventilator-fuer-kuehltuerme','Der Axialventilator befindet sich im Lüfterschacht oben auf dem Turm. Er sorgt dafür, dass die Luft durch den Turm strömt und damit die Verdunstung als Hauptprinzip des Kühlturms wirksam wird. Die Luft wird über Jalousien angesaugt, strömt durch die Füllkörper und wird über den Lüfterkamin in die Atmosphäre ausgestoßen. Lüfterflügel werden aus glasfaserverstärktem PP, FRP (CTP), Aluminium-Pultrusionsprofil oder PP gefertigt. Die Blattverbindungselemente bestehen aus Aluminium-Pultrusionsprofilen oder kataphoretisch beschichtetem Kohlenstoffstahl. Verschiedene Lüftertypen sind verfügbar.','Axialventilator (Lüfter) für Kühltürme Ersatzteil','[\"ersatzteil\", \"axialventilator\", \"luefter\", \"lueftergruppe\", \"kuehlturm\", \"ensotek\"]','{\"einbauort\": \"Lüfterschacht oben am Turm / Bereich Lüfterkamin\", \"funktion\": \"Führt Luft durch den Turm und unterstützt die Verdunstungskühlung\", \"fluegelMaterial\": \"Glasfaserverstärktes PP | FRP (CTP) | Aluminium-Pultrusionsprofil | PP\", \"verbindung\": \"Aluminium-Pultrusionsprofil oder kataphoretisch beschichteter Kohlenstoffstahl\", \"auswahl\": \"Abhängig von Turmtyp, Durchmesser und Luftbedarf\"}','Axialventilator | Kühlturm Ersatzteile | Ensotek','Axialventilator für Kühltürme: sorgt für Luftstrom durch Füllkörper und Ausstoß über den Lüfterkamin. Mehrere Materialoptionen und konfigurierbare Ausführungen.','2026-01-02 03:32:20.753','2026-01-02 03:32:20.753'),
('bbbb1503-2222-4222-8222-bbbbbbbb1503','en','Cooling Tower Axial Fan','cooling-tower-axial-fan','The axial fan is installed in the fan shaft at the top of the tower. It drives airflow through the tower to enable evaporative cooling. Air is drawn through louvers, passes through the fill media and is discharged to the atmosphere through the fan stack. Fan blades can be manufactured from glass-fiber reinforced PP, FRP (CTP), aluminum pultrusion profiles or PP. Blade connection plates may be aluminum pultrusion profiles or cataphoresis-coated carbon steel. Various cooling tower fan types are available.','Cooling tower axial fan spare part','[\"spare part\", \"fan\", \"axial fan\", \"fan group\", \"cooling tower\", \"ensotek\"]','{\"location\": \"Top fan shaft / fan stack area\", \"function\": \"Moves air through the tower to support evaporative cooling\", \"bladeMaterials\": \"Glass fiber reinforced PP | FRP (CTP) | Aluminum pultrusion | PP\", \"connectionPlate\": \"Aluminum pultrusion profile or cataphoresis-coated carbon steel\", \"compatibility\": \"Configurable for different tower types and fan diameters\"}','Axial Fan | Cooling Tower Spare Parts | Ensotek','Cooling tower axial fan: drives airflow through louvers and fill media and discharges via fan stack. Multiple blade material options and configurable selections.','2026-01-02 03:32:20.746','2026-01-02 03:32:20.746'),
('bbbb1503-2222-4222-8222-bbbbbbbb1503','tr','Soğutma Kulesi Aksiyal Fan (Lüfter)','sogutma-kulesi-aksiyal-fan','Aksiyal fan, kulenin üst kısmındaki fan şaftında yer alır ve havayı kule boyunca hareket ettirerek buharlaşma prensibi ile soğutmayı sağlar. Dış ortamdan panjurlar üzerinden alınan hava, dolgulardan geçer ve fan bacasından atmosfere atılır. Fan kanatları cam elyaf takviyeli PP, CTP (FRP), alüminyum pultruzyon profil veya PP malzemeden üretilebilir. Kanat bağlantı tablaları alüminyum pultruzyon profil veya kataforez kaplı karbon çelik olabilir. Farklı tip soğutma kulesi fanları temin edilebilir.','Soğutma kulesi aksiyal fan (lüfter) yedek parça','[\"yedek parça\", \"fan\", \"aksiyal fan\", \"lüfter\", \"fan grubu\", \"soğutma kulesi\", \"ensotek\"]','{\"konum\": \"Kule üstü fan şaftı / fan bacası bölgesi\", \"gorev\": \"Havayı dolgulardan geçirerek buharlaşma ile soğutmayı sağlar\", \"kanatMalzemeleri\": \"Cam elyaf takviyeli PP | CTP (FRP) | Alüminyum pultruzyon profil | PP\", \"baglantiTablasi\": \"Alüminyum pultruzyon profil veya kataforez kaplı karbon çelik\", \"uyumluluk\": \"Farklı kule tipleri ve fan çapları için seçeneklenebilir\"}','Aksiyal Fan | Soğutma Kulesi Yedek Parça | Ensotek','Soğutma kulesi aksiyal fan: hava akışını sağlar, dolgulardan geçirip fan bacasından atmosfere atar. PP/CTP/Alüminyum seçenekleri, farklı kule tipleriyle uyum.','2026-01-02 03:32:20.739','2026-01-02 03:32:20.739'),
('bbbb1504-2222-4222-8222-bbbbbbbb1504','de','Servicefenster','servicefenster','Das Servicefenster befindet sich an der Außenseite des Turms an der Seitenwand und ermöglicht die Beobachtung des Wasserverteilungssystems sowie einen einfachen Zugang für Kontrolle und Wartung. Im Störungs- und Kontrollfall bietet es einen Blick ins Innere und erleichtert dem Personal den Zugang bei Arbeiten. Zusätzlich kann es nahe der unteren Füllhöhe eingesetzt werden, um verschmutzte Füllkörper zu entleeren oder Reinigungsarbeiten zu unterstützen. Es ist leicht zu öffnen und zu schließen und wird wasserabdichtend ausgeführt. Zur Korrosionsbeständigkeit kann es aus Edelstahl oder FRP (CTP) gefertigt werden.','Servicefenster für Kühltürme Ersatzteil','[\"ersatzteil\", \"servicefenster\", \"wartung\", \"zugang\", \"kuehlturm\", \"ensotek\"]','{\"einbauort\": \"Außenseite des Turms, Seitenwand\", \"zweck\": \"Beobachtung und Wartungszugang; Kontrolle des Wasserverteilungssystems\", \"einsatz\": \"Kontrolle/Fehlersuche | Wartungszugang | Entleerung/Reinigung von Füllkörpern\", \"eigenschaften\": \"Leicht zu öffnen/schließen | Wasserabdichtend | Korrosionsbeständig\", \"material\": \"Edelstahl | FRP (CTP)\"}','Servicefenster | Kühlturm Ersatzteile | Ensotek','Servicefenster für Kühltürme: Beobachtung und Wartungszugang an der Seitenwand. Wasserabdichtend, leicht zu öffnen; Edelstahl oder FRP Optionen.','2026-01-02 03:32:20.794','2026-01-02 03:32:20.794'),
('bbbb1504-2222-4222-8222-bbbbbbbb1504','en','Service Window','service-window','The service window is installed on the outer tower casing, typically on a side wall. It enables observation of the water distribution system and provides easy access for inspection and maintenance. In fault or control situations, it allows personnel to look inside and reach the interior during servicing. It can also be used near the lower fill level for operations such as draining or removing fouled fill media. It is designed to open and close easily and to be water-tight. For corrosion resistance, it can be manufactured in stainless steel or FRP (CTP) options.','Cooling tower service window spare part','[\"spare part\", \"service window\", \"access hatch\", \"maintenance\", \"cooling tower\", \"ensotek\"]','{\"location\": \"Outer tower casing, side wall\", \"purpose\": \"Observation and maintenance access; water distribution inspection\", \"useCases\": \"Inspection & troubleshooting | Maintenance access | Fill draining/cleaning\", \"features\": \"Easy open/close | Water-tight | Corrosion resistant\", \"materialOptions\": \"Stainless steel | FRP (CTP)\"}','Service Window | Cooling Tower Spare Parts | Ensotek','Cooling tower service window: provides observation and maintenance access from the side wall. Water-tight, easy open/close; stainless steel or FRP options.','2026-01-02 03:32:20.789','2026-01-02 03:32:20.789'),
('bbbb1504-2222-4222-8222-bbbbbbbb1504','tr','Servis Penceresi','servis-penceresi','Servis penceresi, kulenin dış gövdesinde yan duvar üzerinde konumlanır. Su dağıtım sisteminin gözlemlenmesini ve gerektiğinde kolay müdahaleyi sağlar. Arıza ve kontrol durumlarında iç bölgeye bakış imkânı verir ve bakım personelinin erişimini kolaylaştırır. Ayrıca, dolgu malzemelerinin boşaltılması gibi işlemler için dolgu alt kotuna yakın bölgede de kullanılabilir. Kolay açılıp kapanır ve su sızdırmaz yapıda tasarlanır. Korozyon dayanımı için paslanmaz çelik veya CTP (FRP) seçenekleriyle üretilebilir.','Soğutma kulesi servis penceresi yedek parça','[\"yedek parça\", \"servis penceresi\", \"bakım kapağı\", \"erişim\", \"soğutma kulesi\", \"ensotek\"]','{\"konum\": \"Kule gövdesi dış yüzeyi, yan duvar\", \"amac\": \"Gözlem ve bakım erişimi; su dağıtım sistemi kontrolü\", \"kullanim\": \"Kontrol/arıza inceleme | Bakım erişimi | Dolgu boşaltma/temizlik\", \"ozellikler\": \"Kolay aç/kapa | Su sızdırmaz | Korozyona dayanıklı\", \"malzemeSecenekleri\": \"Paslanmaz çelik | CTP (FRP)\"}','Servis Penceresi | Soğutma Kulesi Yedek Parça | Ensotek','Soğutma kulesi servis penceresi: yan duvarda bakım ve gözlem erişimi sağlar. Su sızdırmaz, kolay aç/kapa; paslanmaz çelik veya CTP seçenekleri.','2026-01-02 03:32:20.769','2026-01-02 03:32:20.769'),
('bbbb1505-2222-4222-8222-bbbbbbbb1505','de','Wasserverteilungssystem','wasserverteilungssystem','Das Wasserverteilungssystem befindet sich im Turm zwischen Tropfenabscheider (Drift Eliminator) und Füllkörpern. Es sorgt für die gleichmäßige Verteilung von heißem Wasser aus der Anlage auf die Füllungen. Liegt die Wassertemperatur unter 55°C, bestehen Hauptrohr und Bypass aus PVC; bei höheren Temperaturen werden PP oder FRP (CTP) eingesetzt. Hauptrohr und Bypass sind mit dichtender Verbindung ausgeführt, sodass sie ohne Schneiden und Einfügen während der Wartung leicht montiert und demontiert werden können.','Wasserverteilungssystem für Kühltürme Ersatzteil','[\"ersatzteil\", \"wasserverteilung\", \"sammler\", \"bypass\", \"fuellkoerper\", \"kuehlturm\", \"ensotek\"]','{\"einbauort\": \"Im Turm zwischen Tropfenabscheider und Füllkörpern\", \"funktion\": \"Gleichmäßige Verteilung von heißem Wasser auf die Füllungen\", \"temperaturSchwelle\": \"55°C\", \"materialUnter55C\": \"PVC (Hauptrohr + Bypass)\", \"materialUeber55C\": \"PP oder FRP (CTP)\", \"verbindung\": \"Dichtende Verbindung; Montage/Demontage ohne Schneiden und Einfügen\"}','Wasserverteilungssystem | Kühlturm Ersatzteile | Ensotek','Wasserverteilungssystem im Kühlturm: verteilt heißes Wasser gleichmäßig auf Füllkörper. PVC unter 55°C, PP/FRP darüber. Dichtende Verbindung für einfache Wartung.','2026-01-02 03:32:20.816','2026-01-02 03:32:20.816'),
('bbbb1505-2222-4222-8222-bbbbbbbb1505','en','Water Distribution System','water-distribution-system','The water distribution system is located inside the tower between the drift eliminator and the fill media. It ensures uniform distribution of hot water from the plant onto the fills. When water temperature is below 55°C, the main pipe and bypass are applied in PVC; for higher temperatures they are implemented in PP or FRP (CTP). The main pipe and bypass are produced with leak-tight connections, allowing easy assembly/disassembly without cutting and splicing during maintenance.','Cooling tower water distribution system spare part','[\"spare part\", \"water distribution\", \"collector\", \"bypass\", \"fill media\", \"cooling tower\", \"ensotek\"]','{\"location\": \"Inside tower, between drift eliminator and fill media\", \"function\": \"Uniformly distributes hot water onto the fill media\", \"temperatureThreshold\": \"55°C\", \"materialBelow55C\": \"PVC (main pipe + bypass)\", \"materialAbove55C\": \"PP or FRP (CTP)\", \"connection\": \"Leak-tight joints; easy maintenance without cutting/splicing\"}','Water Distribution System | Cooling Tower Spare Parts | Ensotek','Cooling tower water distribution system: distributes hot water uniformly onto fill media. PVC below 55°C; PP/FRP above 55°C. Leak-tight joints for easy maintenance.','2026-01-02 03:32:20.810','2026-01-02 03:32:20.810'),
('bbbb1505-2222-4222-8222-bbbbbbbb1505','tr','Su Dağıtım Sistemi','su-dagitim-sistemi','Su dağıtım sistemi, kule içinde damlalık (drift eliminator) ile dolgu malzemesi arasında konumlanır ve tesisten gelen sıcak suyun dolgular üzerine eşit şekilde dağıtılmasını sağlar. Su sıcaklığı 55°C’nin altındaysa ana boru ve by-pass hattı PVC malzemeden; daha yüksek sıcaklıklarda ise PP veya CTP (FRP) malzemeden uygulanır. Ana boru ve by-pass, sızdırmaz bağlantı ile üretilir; bu sayede bakım sırasında kesme/ekleme işlemi gerektirmeden kolayca sökülüp takılabilir.','Soğutma kulesi su dağıtım sistemi yedek parça','[\"yedek parça\", \"su dağıtım\", \"kolektör\", \"by-pass\", \"dolgu\", \"soğutma kulesi\", \"ensotek\"]','{\"konum\": \"Damlalık (drift eliminator) ile dolgu malzemesi arasında (kule içi)\", \"gorev\": \"Tesisten gelen sıcak suyu dolgular üzerine eşit dağıtır\", \"sicaklikEsigi\": \"55°C\", \"malzeme55Alti\": \"PVC (ana boru + by-pass)\", \"malzeme55Ustu\": \"PP veya CTP (FRP)\", \"baglanti\": \"Sızdırmaz bağlantı; bakımda kesme/ekleme gerektirmeden sök/tak\"}','Su Dağıtım Sistemi | Soğutma Kulesi Yedek Parça | Ensotek','Kule içi su dağıtım sistemi: sıcak suyu dolgulara eşit dağıtır. 55°C altı PVC; yüksek sıcaklıkta PP/CTP. Sızdırmaz bağlantı ile kolay bakım.','2026-01-02 03:32:20.805','2026-01-02 03:32:20.805'),
('bbbb1506-2222-4222-8222-bbbbbbbb1506','de','Kühlturmdüse','kuehlturmduese','Die Düse besteht aus Polypropylen (PP). Sie ist so konstruiert, dass sie zur Reinigung und Wartung leicht montiert und demontiert werden kann. Für variable Wassermengen kann der Druck bzw. Durchfluss durch Kegel mit unterschiedlichen Durchmessern eingestellt werden. Für unterschiedliche Kühlturmmarken sind verschiedene Düsentypen verfügbar; das passende Modell kann anhand der Bilder ausgewählt werden.','Kühlturm Düse (Wasserverteilung) Ersatzteil','[\"ersatzteil\", \"duese\", \"wasserverteilung\", \"pp\", \"durchfluss\", \"kuehlturm\", \"ensotek\"]','{\"material\": \"PP (Polypropylen)\", \"konstruktion\": \"Einfache Montage/Demontage für Reinigung und Wartung\", \"einstellung\": \"Druck/Durchfluss über Kegel mit verschiedenen Durchmessern\", \"kompatibilitaet\": \"Verschiedene Typen für unterschiedliche Kühlturmmarken\"}','Kühlturmdüse | Kühlturm Ersatzteile | Ensotek','PP-Kühlturmdüse: einfache Wartung, einstellbarer Druck/Durchfluss über Kegel. Mehrere Düsentypen für unterschiedliche Kühltürme verfügbar.','2026-01-02 03:32:20.841','2026-01-02 03:32:20.841'),
('bbbb1506-2222-4222-8222-bbbbbbbb1506','en','Nozzle','nozzle','The nozzle is manufactured from polypropylene (PP). It is designed for easy assembly/disassembly for cleaning and maintenance. For variable flow requirements, pressure/flow can be adjusted by using cones of different diameters. Multiple nozzle types are available for different cooling tower brands; you can choose the suitable model from the images.','Cooling tower nozzle (water distribution) spare part','[\"spare part\", \"nozzle\", \"water distribution\", \"pp\", \"flow\", \"cooling tower\", \"ensotek\"]','{\"material\": \"PP (Polypropylene)\", \"design\": \"Easy to remove/install for cleaning and maintenance\", \"adjustment\": \"Pressure/flow adjustment via cones with different diameters\", \"compatibility\": \"Various types for different cooling tower brands\"}','Nozzle | Cooling Tower Spare Parts | Ensotek','PP nozzle for cooling towers: easy maintenance, adjustable pressure/flow with different cone diameters. Multiple nozzle types available for different tower brands.','2026-01-02 03:32:20.833','2026-01-02 03:32:20.833'),
('bbbb1506-2222-4222-8222-bbbbbbbb1506','tr','Nozul','nozul','Nozul, polipropilen (PP) malzemeden üretilir. Temizlik ve bakım için kolay sökülüp takılacak şekilde tasarlanmıştır. Değişken debi ihtiyaçları için farklı çaplarda konik parçalar kullanılarak basınç ayarı yapılabilir. Farklı soğutma kulesi markaları için çeşitli nozul tipleri mevcuttur; ihtiyacınıza uygun modeli görsellerden seçebilirsiniz.','Soğutma kulesi nozul (su dağıtım) yedek parça','[\"yedek parça\", \"nozul\", \"su dağıtım\", \"pp\", \"debi\", \"soğutma kulesi\", \"ensotek\"]','{\"malzeme\": \"PP (Polipropilen)\", \"tasarim\": \"Kolay sök/tak; temizlik ve bakım için uygun\", \"ayar\": \"Farklı çap koniler ile basınç/debi ayarı\", \"uyumluluk\": \"Farklı kule markaları için çeşitli tipler\"}','Nozul | Soğutma Kulesi Yedek Parça | Ensotek','PP nozul: kolay bakım/temizlik, farklı çap koniler ile basınç ve debi ayarı. Farklı soğutma kulesi markaları için çeşitli nozul tipleri.','2026-01-02 03:32:20.828','2026-01-02 03:32:20.828'),
('bbbb1507-2222-4222-8222-bbbbbbbb1507','de','FRP Pultrusionsprofil','frp-pultrusionsprofil','Profile mit verschiedenen Querschnitten für den Turmbau werden aus glasfaserverstärktem Polyester (FRP/GFK) im Pultrusionsverfahren hergestellt. Dabei wird eine Kombination aus Fasern und Harz durch eine Matrize gezogen und geformt. Durch den hohen Faseranteil entstehen sehr hohe Festigkeit und gute mechanische Werte. Die Profile müssen während ihrer Nutzungsdauer weder gestrichen noch regelmäßig gewartet werden und werden durch Chemikalien nur minimal beeinträchtigt.','Kühlturm FRP Pultrusionsprofil Ersatzteil','[\"ersatzteil\", \"frp\", \"gfk\", \"pultrusion\", \"profil\", \"konstruktion\", \"ensotek\"]','{\"material\": \"FRP/GFK (glasfaserverstärkter Polyester)\", \"verfahren\": \"Pultrusion (Faser + Harz)\", \"vorteile\": \"Hohe Festigkeit; keine Lackierung/Wartung; chemikalienbeständig; lange Lebensdauer\", \"einsatz\": \"Kühlturm-Konstruktionsprofile (verschiedene Querschnitte)\"}','FRP Pultrusionsprofile | Kühlturm Ersatzteile | Ensotek','FRP/GFK Pultrusionsprofile: hohe Festigkeit, chemische Beständigkeit und langlebige Konstruktionsprofile für Kühltürme – ohne Lackierung oder regelmäßige Wartung.','2026-01-02 03:32:20.880','2026-01-02 03:32:20.880'),
('bbbb1507-2222-4222-8222-bbbbbbbb1507','en','FRP Pultrusion Profiles','frp-pultrusion-profiles','Profiles with various cross-sections required for tower construction are manufactured from glass fiber reinforced polyester (FRP/GFRP) using the pultrusion process. In pultrusion, the profile is formed by pulling a fiber-and-resin combination through a die. Thanks to the high fiber content, mechanical strength is high. The profiles do not require painting or periodic maintenance over their service life and are minimally affected by chemicals.','Cooling tower FRP pultrusion profile spare part','[\"spare part\", \"frp\", \"gfrp\", \"pultrusion\", \"profile\", \"structure\", \"ensotek\"]','{\"material\": \"FRP / GFRP (glass fiber reinforced polyester)\", \"process\": \"Pultrusion (fiber + resin combination)\", \"benefits\": \"High strength; no painting/maintenance; chemical resistance; long service life\", \"application\": \"Cooling tower structural profiles (various sections)\"}','FRP Pultrusion Profiles | Cooling Tower Spare Parts | Ensotek','FRP/GFRP pultrusion profiles: high strength, chemical resistance, long-life structural profiles for cooling towers with no painting or periodic maintenance needs.','2026-01-02 03:32:20.872','2026-01-02 03:32:20.872'),
('bbbb1507-2222-4222-8222-bbbbbbbb1507','tr','CTP Profiller (Pultruzyon)','ctp-profiller-pultruzyon','Soğutma kulesi imalatında ihtiyaç duyulan farklı kesitlerde profiller, cam elyaf takviyeli polyester (CTP/GFRP) malzemeden pultruzyon yöntemiyle üretilir. Pultruzyonda profil; elyaf ve reçine kombinasyonunun kalıptan geçirilmesiyle şekillenir. Yüksek elyaf oranı sayesinde mukavemet ve mekanik değerleri yüksektir. Kullanım ömrü boyunca boyama veya periyodik bakım gerektirmez ve kimyasallardan minimum etkilenir.','Soğutma kulesi CTP pultruzyon profil yedek parça','[\"yedek parça\", \"ctp\", \"gfrp\", \"pultruzyon\", \"profil\", \"konstrüksiyon\", \"ensotek\"]','{\"malzeme\": \"CTP / GFRP (Cam elyaf takviyeli polyester)\", \"uretim\": \"Pultruzyon (elyaf + reçine kombinasyonu)\", \"avantajlar\": \"Yüksek mukavemet; bakım/boya gerektirmez; kimyasal dayanım; uzun ömür\", \"kullanim\": \"Soğutma kulesi konstrüksiyon profilleri (çeşitli kesitler)\"}','CTP Profiller (Pultruzyon) | Soğutma Kulesi Yedek Parça | Ensotek','CTP/GFRP pultruzyon profiller: yüksek mukavemet, kimyasal dayanım, bakım/boya gerektirmeyen uzun ömürlü soğutma kulesi konstrüksiyon profilleri.','2026-01-02 03:32:20.867','2026-01-02 03:32:20.867'),
('bbbb1508-2222-4222-8222-bbbbbbbb1508','de','Drift Eliminator (Tropfenabscheider)','drift-eliminator-tropfenabscheider','Der Tropfenabscheider befindet sich zwischen der Plattform der Lüftergruppe und dem Wasserverteilungssystem im Inneren des Turms. Er verhindert, dass Wassertröpfchen aus dem Verteilbereich mit der angesaugten Luft in die Atmosphäre getragen werden. Die Montage erfolgt als modulare Kassetten; diese werden ohne Zwischenräume installiert und decken den gesamten Turmquerschnitt ab. Das Design zielt auf hohe Abscheideleistung bei geringem Druckverlust.','Kühlturm Tropfenabscheider (Drift Eliminator) Ersatzteil','[\"ersatzteil\", \"tropfenabscheider\", \"drift eliminator\", \"wasserverlust\", \"geringer druckverlust\", \"ensotek\"]','{\"einbauort\": \"Zwischen Lüfterplattform und Wasserverteilungssystem\", \"zweck\": \"Reduziert Drift und verhindert Wasserverlust\", \"montage\": \"Modulare Kassetten; spaltfreie Montage\", \"leistung\": \"Hohe Abscheidung; geringer Druckverlust\"}','Tropfenabscheider | Kühlturm Ersatzteile | Ensotek','Tropfenabscheider-Kassetten zur Reduktion von Drift und Wasserverlust. Modulare Montage, hohe Abscheideleistung und geringer Druckverlust.','2026-01-02 03:32:20.912','2026-01-02 03:32:20.912'),
('bbbb1508-2222-4222-8222-bbbbbbbb1508','en','Drift Eliminators','drift-eliminators','Drift eliminators are located between the fan deck platform and the water distribution system inside the tower. Their purpose is to prevent water droplets formed in the distribution zone from being carried to the atmosphere by the induced airflow. They are installed as modular cassette blocks; cassettes are mounted without gaps to cover the full tower cross-section. The design targets high drift removal performance while keeping pressure drop low.','Cooling tower drift eliminator spare part','[\"spare part\", \"drift eliminator\", \"droplet control\", \"water loss\", \"low pressure drop\", \"ensotek\"]','{\"location\": \"Between fan deck platform and water distribution system\", \"purpose\": \"Reduce drift and prevent water loss to atmosphere\", \"installation\": \"Modular cassette system; gap-free mounting\", \"performance\": \"High drift removal; low pressure drop\"}','Drift Eliminators | Cooling Tower Spare Parts | Ensotek','Drift eliminator cassettes to reduce water droplet carryover. Modular installation, high drift removal efficiency and low pressure drop.','2026-01-02 03:32:20.906','2026-01-02 03:32:20.906'),
('bbbb1508-2222-4222-8222-bbbbbbbb1508','tr','Damlalıklar (Drift Eliminator)','damlaliklar-drift-eliminator','Damlalıklar, fan grubunun bulunduğu platform ile kule içindeki su dağıtım sistemi arasında yer alır. Görevi, su dağıtım sisteminde parçalanan su damlacıklarının emilen hava ile sürüklenerek atmosfere taşınmasını önlemektir. Kule içinde modüler kasetler halinde monte edilir; kasetler boşluksuz yerleştirilerek tüm kesitleri kapatır. Optimum tasarım ile yüksek damlacık tutma performansı sağlarken basınç kaybını düşük tutar.','Soğutma kulesi damlalık (drift eliminator) yedek parça','[\"yedek parça\", \"damlalık\", \"drift eliminator\", \"damlacık tutucu\", \"basınç kaybı\", \"ensotek\"]','{\"konum\": \"Fan platformu ile su dağıtım sistemi arasında\", \"amac\": \"Damlacık sürüklenmesini (drift) azaltmak; su kaybını önlemek\", \"montaj\": \"Modüler kaset sistem; boşluksuz montaj ile tüm kesiti kaplar\", \"performans\": \"Yüksek drift giderimi; düşük basınç kaybı\"}','Damlalıklar | Soğutma Kulesi Yedek Parça | Ensotek','Drift eliminator (damlalık) kasetleri ile su damlacıklarının atmosfere taşınmasını azaltın. Modüler montaj, yüksek performans ve düşük basınç kaybı.','2026-01-02 03:32:20.899','2026-01-02 03:32:20.899'),
('bbbb1509-2222-4222-8222-bbbbbbbb1509','de','PVC Folienfüllung (Filmfüllung)','pvc-folienfuellung-filmfuellung','Die PVC-Folienfüllung bildet die Wärmeübertragungsfläche für den Wärmeaustausch zwischen Wasser und Luft im Kühlturm. Die Folienplatten werden im Vakuum geformt und zu Blöcken (Ballen) zusammengefügt. Sie wird in Prozessen mit sauberem Wasser bis etwa 55 °C eingesetzt, wenn das Wasser weitgehend frei von Staub, Schmutz und Verkalkung ist. Durch die große Oberfläche ist die Leistung höher als bei vielen anderen Fülltypen. Verfügbare Typen sind CF-12, CF-19, CF-30, CF-M und CF-O. CF-30 wird häufig in Kläranlagen, insbesondere in biologischen Anlagen, eingesetzt; CF-O wird in Querstromkühltürmen verwendet.','Kühlturm PVC Folienfüllung (Filmfüllung) Ersatzteil','[\"ersatzteil\", \"pvc folienfuellung\", \"filmfuellung\", \"cf-12\", \"cf-19\", \"cf-30\", \"ensotek\"]','{\"material\": \"PVC\", \"einsatz\": \"Sauberes Wasser; bis ca. 55 °C\", \"typen\": \"CF-12, CF-19, CF-30, CF-M, CF-O\", \"CF-30\": \"Häufig in Kläranlagen (biologisch)\", \"CF-O\": \"Für Querstromkühltürme\"}','PVC Folienfüllung | Kühlturm Ersatzteile | Ensotek','PVC Filmfüllung für effiziente Wärmeübertragung bei sauberem Wasser bis 55 °C. Typen CF-12/19/30/CF-M/CF-O verfügbar.','2026-01-02 03:32:20.943','2026-01-02 03:32:20.943'),
('bbbb1509-2222-4222-8222-bbbbbbbb1509','en','PVC Film Fill','pvc-film-fill','PVC film fill provides the heat transfer surface required for water-to-air exchange in cooling towers. Sheets are vacuum-formed and assembled into blocks (bales) for installation. It is typically used in clean-water processes up to 55 °C, where water is free of excessive dust, dirt and scaling. Due to its large surface area, efficiency is higher than many other fill types. Common types include CF-12, CF-19, CF-30, CF-M and CF-O. CF-30 is widely used in wastewater treatment (especially biological treatment); CF-O is used in crossflow cooling towers.','Cooling tower PVC film fill spare part','[\"spare part\", \"PVC film fill\", \"film fill\", \"CF-12\", \"CF-19\", \"CF-30\", \"ensotek\"]','{\"material\": \"PVC\", \"recommendedProcess\": \"Clean water; up to 55 °C\", \"types\": \"CF-12, CF-19, CF-30, CF-M, CF-O\", \"CF-30\": \"Common in wastewater treatment (biological)\", \"CF-O\": \"Used in crossflow towers\"}','PVC Film Fill | Cooling Tower Spare Parts | Ensotek','PVC film fill for efficient heat transfer in clean-water processes up to 55 °C. Available in CF-12/19/30/CF-M/CF-O options.','2026-01-02 03:32:20.933','2026-01-02 03:32:20.933'),
('bbbb1509-2222-4222-8222-bbbbbbbb1509','tr','PVC Petek Dolgu (Film Tipi)','pvc-petek-dolgu-film-tipi','PVC film tipi petek dolgu, soğutma kulelerinde su ve havanın ısı alışverişi için gerekli ısı transfer yüzeyini oluşturur. Plakalar vakumla şekillendirilir ve daha sonra paket (bale) haline getirilerek blok olarak kullanılır. Maksimum 55 °C sıcaklığa kadar, suyun temiz olduğu (toz, kir ve kireçten arındırılmış) proseslerde tercih edilir. Yüksek yüzey alanı sayesinde diğer dolgu tiplerine göre verimi yüksektir. CF-12, CF-19, CF-30, CF-M ve CF-O tipleri bulunur. CF-30 tipi özellikle biyolojik arıtma gibi arıtma tesislerinde; CF-O tipi ise çapraz akışlı kulelerde kullanılır.','Soğutma kulesi PVC film tipi petek dolgu yedek parça','[\"yedek parça\", \"pvc petek dolgu\", \"film dolgu\", \"cf-12\", \"cf-19\", \"cf-30\", \"ensotek\"]','{\"malzeme\": \"PVC\", \"kullanimKosulu\": \"Temiz su; maks. 55 °C\", \"tipler\": \"CF-12, CF-19, CF-30, CF-M, CF-O\", \"CF-30\": \"Arıtma tesisleri (özellikle biyolojik) için yaygın\", \"CF-O\": \"Çapraz akışlı kulelerde kullanım\"}','PVC Petek Dolgu (Film Tipi) | Soğutma Kulesi Yedek Parça | Ensotek','PVC film tipi petek dolgu: yüksek yüzey alanı ile verimli ısı transferi. Temiz su ve 55 °C altı prosesler için CF-12/19/30/CF-M/CF-O seçenekleri.','2026-01-02 03:32:20.928','2026-01-02 03:32:20.928'),
('bbbb1510-2222-4222-8222-bbbbbbbb1510','de','PP Spritzring-Füllung (Bigudi-Füllung)','pp-spritzring-fuellung-bigudi','Diese Füllung ist seit vielen Jahren einer der am häufigsten verwendeten Fülltypen in Kühltürmen. Sie wird im Spritzgussverfahren aus PP (Polypropylen) hergestellt und kann erfolgreich in Prozesswasser mit hoher Temperatur (ca. 100 °C) eingesetzt werden. Sie wird bevorzugt, wenn das Wasser sehr schmutzig, ölig oder sandig ist und zur Verkalkung neigt sowie wenn die Umgebung sehr staubig ist. Sie kann gereinigt und wiederverwendet werden; Wartungs- und Austauschkosten sind gering.','Kühlturm PP Spritzring-Füllung (Bigudi) Ersatzteil','[\"ersatzteil\", \"pp spritzring fuellung\", \"bigudi fuellung\", \"polypropylen\", \"verschmutztes wasser\", \"ensotek\"]','{\"material\": \"PP (Polypropylen)\", \"herstellung\": \"Spritzguss\", \"temperatur\": \"Bis ca. 100 °C\", \"geeignetFuer\": \"Schmutzig/ölig/sandig; verkalkungsanfällig; staubige Umgebung\", \"wartung\": \"Reinigbar und wiederverwendbar\"}','PP Spritzring-Füllung | Kühlturm Ersatzteile | Ensotek','PP Bigudi/Spritzring-Füllung für anspruchsvolle Bedingungen: schmutziges, öliges oder sandiges Wasser und staubige Umgebungen. Spritzguss-PP, bis ca. 100 °C, reinigbar und wiederverwendbar.','2026-01-02 03:32:20.984','2026-01-02 03:32:20.984'),
('bbbb1510-2222-4222-8222-bbbbbbbb1510','en','PP Ring Fill (Spritzring Fill)','pp-ring-fill-spritzring','PP ring (spritzring) fill is one of the most widely used fill types in cooling towers for many years. It is injection-molded from PP (polypropylene) and can be used successfully in high-temperature process water up to about 100 °C. It is preferred where water is very dirty, oily or sandy and prone to scaling, and where ambient conditions are dusty. It can be washed and reused, helping reduce maintenance and replacement costs.','Cooling tower PP ring (spritzring) fill spare part','[\"spare part\", \"PP ring fill\", \"spritzring fill\", \"polypropylene\", \"dirty water\", \"ensotek\"]','{\"material\": \"PP (Polypropylene)\", \"manufacturing\": \"Injection molded\", \"temperature\": \"Up to about 100 °C\", \"bestFor\": \"Dirty/oily/sandy water; scaling-prone duty; dusty environments\", \"maintenance\": \"Washable and reusable\"}','PP Ring Fill | Cooling Tower Spare Parts | Ensotek','PP ring (spritzring) fill for harsh conditions: dirty/oily/sandy water and dusty environments. Injection-molded PP, up to ~100 °C, washable and reusable.','2026-01-02 03:32:20.978','2026-01-02 03:32:20.978'),
('bbbb1510-2222-4222-8222-bbbbbbbb1510','tr','PP Bigudi Dolgu (Spritzring Dolgu)','pp-bigudi-dolgu-spritzring','PP bigudi (spritzring) dolgu, kulelerde uzun yıllardır tercih edilen dolgu tiplerindendir. PP (polipropilen) malzemeden enjeksiyon yöntemiyle üretilir ve yaklaşık 100 °C’ye kadar yüksek sıcaklıklı proses sularında kullanılabilir. Suyun çok kirli, yağlı, kumlu olduğu; kireçlenmeye yatkın uygulamalarda ve ortamın tozlu olduğu tesislerde avantaj sağlar. Yıkanarak tekrar kullanılabilir; bakım ve değişim maliyeti düşüktür.','Soğutma kulesi PP bigudi (spritzring) dolgu yedek parça','[\"yedek parça\", \"pp bigudi dolgu\", \"spritzring dolgu\", \"polipropilen\", \"kirli su\", \"ensotek\"]','{\"malzeme\": \"PP (Polipropilen)\", \"uretim\": \"Enjeksiyon\", \"sicaklik\": \"Yaklaşık 100 °C’ye kadar\", \"uygunluk\": \"Kirli/yağlı/kumlu su; kireçlenmeye yatkın prosesler; tozlu ortamlar\", \"bakim\": \"Yıkanabilir ve tekrar kullanılabilir\"}','PP Bigudi Dolgu | Soğutma Kulesi Yedek Parça | Ensotek','PP bigudi (spritzring) dolgu: kirli/yağlı/kumlu sularda ve tozlu ortamlarda dayanıklı çözüm. Enjeksiyon PP, ~100 °C’ye kadar, yıkanabilir ve tekrar kullanılabilir.','2026-01-02 03:32:20.969','2026-01-02 03:32:20.969'),
('bbbb1511-2222-4222-8222-bbbbbbbb1511','de','Spritzgitter-Füllung (Splash Grid)','spritzgitter-fuellung-splash-grid','Diese Füllung wird mit schmutzigem Wasser eingesetzt. Bei Prozessen mit hoher Schmutz- bzw. Feststoffbelastung und erhöhtem Verstopfungsrisiko bietet sie eine tolerantere Struktur. Typische Anwendungen sind Tomatenmarkproduktion, Vakuumleitungen in Ölfabriken und Walzwerke.','Kühlturm Spritzgitter-Füllung (Splash Grid) Ersatzteil','[\"ersatzteil\", \"spritzgitter fuellung\", \"splash grid\", \"schmutzwasser\", \"anti-verstopfung\", \"ensotek\"]','{\"einsatz\": \"Schmutzwasser-Anwendungen\", \"vorteil\": \"Toleranter gegenüber Verstopfung\", \"typischeAnlagen\": \"Tomatenmarkproduktion; Vakuumleitungen in Ölfabriken; Walzwerke\"}','Spritzgitter-Füllung | Kühlturm Ersatzteile | Ensotek','Spritzgitter-Füllung (Splash Grid) für schmutziges Wasser. Tolerant gegenüber Verstopfung; typische Anwendungen in Tomatenmarkproduktion, Ölfabrik-Vakuumleitungen und Walzwerken.','2026-01-02 03:32:21.003','2026-01-02 03:32:21.003'),
('bbbb1511-2222-4222-8222-bbbbbbbb1511','en','Splash Grid Fill','splash-grid-fill','Splash grid fill is used for dirty-water applications. In processes with high suspended solids where clogging risk is elevated, it offers a more tolerant structure. It is commonly preferred in facilities such as tomato paste production, vacuum lines in oil factories, and rolling mills.','Cooling tower splash grid fill spare part','[\"spare part\", \"splash grid fill\", \"dirty water\", \"anti-clogging\", \"fill media\", \"ensotek\"]','{\"service\": \"Dirty-water duty\", \"benefit\": \"More tolerant to clogging\", \"typicalIndustries\": \"Tomato paste production; oil factory vacuum lines; rolling mills\"}','Splash Grid Fill | Cooling Tower Spare Parts | Ensotek','Splash grid fill for dirty-water duty. Clogging-tolerant structure; commonly used in tomato paste production, oil factory vacuum lines and rolling mills.','2026-01-02 03:32:20.999','2026-01-02 03:32:20.999'),
('bbbb1511-2222-4222-8222-bbbbbbbb1511','tr','Splash Grid Dolgu (Sıçratmalı Izgara Dolgu)','splash-grid-dolgu','Splash grid dolgu, kirli su ile çalışan uygulamalarda kullanılan dolgu tipidir. Suyu çok kirli olan proseslerde ve yüksek askıda katı madde içeren uygulamalarda, tıkanmaya karşı daha toleranslı bir yapı sunar. Domates salçası üretimi, yağ fabrikalarının vakum hatları ve haddehaneler gibi tesislerde sıklıkla tercih edilir.','Soğutma kulesi splash grid (sıçratmalı ızgara) dolgu yedek parça','[\"yedek parça\", \"splash grid dolgu\", \"ızgara dolgu\", \"kirli su\", \"tıkanma dayanımı\", \"ensotek\"]','{\"kullanim\": \"Kirli su ile çalışan uygulamalar\", \"avantaj\": \"Tıkanmaya karşı toleranslı yapı\", \"tipikTesisler\": \"Domates salçası üretimi; yağ fabrikası vakum hatları; haddehaneler\"}','Splash Grid Dolgu | Soğutma Kulesi Yedek Parça | Ensotek','Kirli su uygulamaları için splash grid (sıçratmalı ızgara) dolgu. Tıkanmaya toleranslı yapı; salça üretimi, yağ fabrikası vakum hatları ve haddehanelerde tercih edilir.','2026-01-02 03:32:20.994','2026-01-02 03:32:20.994'),
('bbbb1512-2222-4222-8222-bbbbbbbb1512','de','Raschig-Ringe (PP)','raschig-ringe-pp','Raschig-Ringe werden im Spritzgussverfahren aus PP (Polypropylen) hergestellt. Sie werden in Wasserkühltürmen und in Wäscheranlagen (Scrubber) eingesetzt. In Kühltürmen dienen sie als Füllkörper. In Wäscheranlagen vergrößern sie die Kontaktfläche zwischen Gas und Waschflüssigkeit und unterstützen Geruchsminderung sowie die Abreinigung belasteter Abluft.','PP Raschig-Ringe für Kühltürme und Wäscheranlagen Ersatzteil','[\"ersatzteil\", \"raschig ringe\", \"pp\", \"fuellkoerper\", \"scrubber\", \"waescheranlage\", \"ensotek\"]','{\"produktname\": \"PP Raschig-Ring\", \"material\": \"PP (Polypropylen)\", \"einsatz\": \"Kühlturm-Füllkörper; Wäscheranlagen/Scrubber\", \"funktion\": \"Vergrößert Kontaktfläche; unterstützt Packungs-/Abscheideleistung\", \"abmessungen\": \"Ø 37 mm x 37 mm\", \"verpackung\": \"5.000 Stück / Beutel\", \"menge\": \"18.500 Stück/m³\", \"dichte\": \"0,95 – 1,00 g/cm³\"}','Raschig-Ringe | Kühlturm Ersatzteile | Ensotek','PP Raschig-Ringe für Kühltürme und Wäscheranlagen: vergrößern die Kontaktfläche. Ø 37x37 mm; 18.500 Stück/m³; 5.000 Stück/Beutel.','2026-01-02 03:32:21.026','2026-01-02 03:32:21.026'),
('bbbb1512-2222-4222-8222-bbbbbbbb1512','en','Raschig Rings (PP)','raschig-rings-pp','Raschig rings are injection-molded from PP (polypropylene). They are used in water cooling towers and scrubber systems. In cooling towers, they serve as fill media. In scrubbers, they increase the gas–liquid contact area to support washing and condensation for odor removal and treatment of hazardous emissions.','PP Raschig rings for cooling towers and scrubber systems spare part','[\"spare part\", \"raschig rings\", \"pp\", \"fill media\", \"scrubber\", \"odor control\", \"ensotek\"]','{\"productName\": \"PP Raschig Ring\", \"material\": \"PP (Polypropylene)\", \"applications\": \"Cooling tower fill; scrubber systems\", \"function\": \"Increases contact surface area; supports packing/performance\", \"dimensions\": \"Ø 37 mm x 37 mm\", \"packaging\": \"5,000 pcs / bag\", \"quantity\": \"18,500 pcs/m³\", \"density\": \"0.95 – 1.00 g/cm³\"}','Raschig Rings | Cooling Tower Spare Parts | Ensotek','PP Raschig rings for cooling towers and scrubbers: increase contact surface area. Ø 37x37 mm; 18,500 pcs/m³; 5,000 pcs/bag.','2026-01-02 03:32:21.020','2026-01-02 03:32:21.020'),
('bbbb1512-2222-4222-8222-bbbbbbbb1512','tr','Rashing Halkası (PP Raschig Ring)','rashing-halkasi-pp-raschig-ring','Rashing halkaları, PP (polipropilen) malzemeden enjeksiyon yöntemiyle üretilir. Su soğutma kulelerinde ve scrubber (yıkayıcı) sistemlerinde kullanılır. Soğutma kulelerinde dolgu malzemesi olarak görev yapar. Scrubber sistemlerinde ise gazın sıvı ile temas yüzeyini artırarak yıkama ve yoğuşturma ile koku giderimi sağlar ve tehlikeli atıkların arıtımına yardımcı olur.','Soğutma kulesi ve scrubber sistemleri için PP rashing halkası yedek parça','[\"yedek parça\", \"rashing halkası\", \"raschig ring\", \"pp\", \"dolgu\", \"scrubber\", \"ensotek\"]','{\"urunAdi\": \"PP Rashing Halkası\", \"malzeme\": \"PP (Polipropilen)\", \"kullanimAlanlari\": \"Soğutma kulesi dolgu; scrubber/yıkayıcı sistemler\", \"fonksiyon\": \"Temas yüzeyini artırır; dolgu/arıtım performansını destekler\", \"olculer\": \"Ø 37 mm x 37 mm\", \"paket\": \"5.000 adet / torba\", \"adet\": \"18.500 adet/m³\", \"yogunluk\": \"0,95 – 1,00 gr/cm³\"}','Rashing Halkası | Soğutma Kulesi Yedek Parça | Ensotek','PP rashing halkası (raschig ring): soğutma kulesi dolgu ve scrubber sistemlerinde temas yüzeyini artırır. Ø 37x37 mm; 18.500 adet/m³; 5.000 adet/torba.','2026-01-02 03:32:21.015','2026-01-02 03:32:21.015'),
('bbbb1513-2222-4222-8222-bbbbbbbb1513','de','Lufteinlasslamellen','lufteinlasslamellen','Lufteinlasslamellen befinden sich am Turmkörper zwischen Kaltwasserbecken und Füllhöhe, außerhalb des Turms. Ihre Aufgabe ist es, die einströmende Luft so auszurichten, dass sie sich gleichmäßig über den Füllkörper verteilt, Wasserverluste durch Spritzwasser zu reduzieren und durch eine begrenzte Abschattung die Algenbildung zu verringern. Die Lamellen werden aus PVC der 1. Klasse mit einem Zug-/Tractionsystem gefertigt und besitzen eine spezielle Form mit minimalem Luftwiderstand. Maßnahmen verhindern ein Aufwirbeln durch Wind. Auf Wunsch ist auch eine Ausführung aus FRP möglich. Geeignet für lokale und importierte Paketkühltürme.','Lufteinlasslamellen (Louver) für Kühltürme Ersatzteil','[\"ersatzteil\", \"lufteinlasslamellen\", \"louver\", \"spritzwasser\", \"algen\", \"kuehlturm\", \"ensotek\"]','{\"einbauort\": \"Turmkörper; zwischen Kaltwasserbecken und Füllhöhe (außen)\", \"zweck\": \"Luftführung; Spritzwasserverluste reduzieren; Algenbildung verringern\", \"material\": \"PVC (1. Klasse) / optional: FRP\", \"design\": \"Lamellenprofil mit minimalem Luftwiderstand\", \"kompatibilitaet\": \"Lokale und importierte Paketkühltürme\"}','Lufteinlasslamellen | Kühlturm Ersatzteile | Ensotek','Lufteinlasslamellen: führen die Luft, reduzieren Spritzwasserverluste und helfen gegen Algenbildung. PVC Standard, optional FRP, für Paketkühltürme geeignet.','2026-01-02 03:32:21.063','2026-01-02 03:32:21.063'),
('bbbb1513-2222-4222-8222-bbbbbbbb1513','en','Air Inlet Louvers','air-inlet-louvers','Air inlet louvers are installed on the tower casing between the cold-water basin and the fill level, on the outside of the tower. Their role is to direct incoming air for more uniform distribution across the fill, reduce splash water losses from the basin, and limit sunlight to help reduce algae formation. Louvers are manufactured from first-grade PVC with a pull-trusion/traction process and a special profile to minimize air resistance. Measures are taken to prevent displacement by wind. On request, they can also be produced from FRP. Suitable for both local and imported packaged tower types.','Cooling tower air inlet louvers spare part','[\"spare part\", \"air inlet louvers\", \"louver\", \"splash loss\", \"algae reduction\", \"ensotek\"]','{\"location\": \"Tower casing; between cold-water basin and fill level (outside)\", \"purpose\": \"Air guidance; reduce splash loss; reduce algae formation\", \"material\": \"First-grade PVC / optional: FRP\", \"design\": \"Special low-resistance louver profile\", \"compatibility\": \"Local and imported packaged tower types\"}','Air Inlet Louvers | Cooling Tower Spare Parts | Ensotek','Air inlet louvers guide airflow, reduce splash losses and help limit algae growth. PVC as standard; optional FRP; compatible with packaged towers.','2026-01-02 03:32:21.056','2026-01-02 03:32:21.056'),
('bbbb1513-2222-4222-8222-bbbbbbbb1513','tr','Hava Giriş Panjuru','hava-giris-panjuru','Hava giriş panjurları, kulenin gövdesinde soğuk su havuzu ile dolgu seviyesi arasında, kulenin dışında yer alır. Görevi; kuleye giren havayı yönlendirerek dolgu yüzeyine daha homojen dağılmasını sağlamak, havuzdan sıçrayan su kaybını azaltmak ve güneş ışınlarını belirli ölçüde keserek yosun oluşumunu azaltmaktır. Lameller 1. sınıf PVC’den çekme sistemiyle üretilir ve minimum hava direnci sağlayan özel bir forma sahiptir. Rüzgârla yerinden çıkmayı önleyici önlemler alınır. İstenirse FRP (CTP) malzemeden de üretilebilir. Yerli ve ithal paket kule tiplerine uygulanabilir.','Soğutma kulesi hava giriş panjuru (louver) yedek parça','[\"yedek parça\", \"hava giriş panjuru\", \"louver\", \"lamel\", \"su kaybı azaltma\", \"ensotek\"]','{\"konum\": \"Kule gövdesi; soğuk su havuzu ile dolgu seviyesi arası (dış)\", \"amac\": \"Hava yönlendirme; sıçrama kaybını azaltma; yosun oluşumunu azaltma\", \"malzeme\": \"PVC (1. sınıf) / opsiyon: FRP (CTP)\", \"tasarim\": \"Minimum hava direnci sağlayan özel lamel formu\", \"uyumluluk\": \"Yerli ve ithal paket kule tipleri\"}','Hava Giriş Panjuru | Soğutma Kulesi Yedek Parça | Ensotek','Hava giriş panjuru: havayı yönlendirir, su sıçrama kaybını azaltır ve yosun oluşumunu düşürür. PVC lamel; opsiyonel FRP/CTP; paket kule uyumlu.','2026-01-02 03:32:21.052','2026-01-02 03:32:21.052');
/*!40000 ALTER TABLE `product_i18n` ENABLE KEYS */;
UNLOCK TABLES;

--
-- Table structure for table `product_images`
--

DROP TABLE IF EXISTS `product_images`;
/*!40101 SET @saved_cs_client     = @@character_set_client */;
/*!40101 SET character_set_client = utf8mb4 */;
CREATE TABLE `product_images` (
  `id` char(36) NOT NULL,
  `product_id` char(36) NOT NULL,
  `locale` varchar(8) NOT NULL DEFAULT 'de',
  `image_url` longtext NOT NULL,
  `image_asset_id` varchar(64) DEFAULT NULL,
  `title` varchar(255) DEFAULT NULL,
  `alt` varchar(255) DEFAULT NULL,
  `caption` text DEFAULT NULL,
  `display_order` int(11) NOT NULL DEFAULT 0,
  `is_active` tinyint(1) NOT NULL DEFAULT 1,
  `created_at` datetime(3) NOT NULL DEFAULT current_timestamp(3),
  `updated_at` datetime(3) NOT NULL DEFAULT current_timestamp(3) ON UPDATE current_timestamp(3),
  PRIMARY KEY (`id`),
  KEY `product_images_product_id_idx` (`product_id`),
  KEY `product_images_product_locale_idx` (`product_id`,`locale`),
  KEY `product_images_order_idx` (`product_id`,`display_order`),
  CONSTRAINT `fk_product_images_product` FOREIGN KEY (`product_id`) REFERENCES `products` (`id`) ON DELETE CASCADE ON UPDATE CASCADE
) ENGINE=InnoDB DEFAULT CHARSET=utf8mb4 COLLATE=utf8mb4_unicode_ci;
/*!40101 SET character_set_client = @saved_cs_client */;

--
-- Dumping data for table `product_images`
--

LOCK TABLES `product_images` WRITE;
/*!40000 ALTER TABLE `product_images` DISABLE KEYS */;
INSERT INTO `product_images` VALUES
('4b48193c-0e53-4755-9770-53f3a42d2b14','bbbb0004-2222-4222-8222-bbbbbbbb0004','en','https://res.cloudinary.com/dbozv7wqd/image/upload/v1767325322/products/gallery/2.jpg',NULL,NULL,NULL,NULL,0,1,'2026-01-02 03:42:04.402','2026-01-02 03:42:04.402'),
('82a69532-68e6-45a9-8c46-15777c9c7e27','bbbb0004-2222-4222-8222-bbbbbbbb0004','de','https://res.cloudinary.com/dbozv7wqd/image/upload/v1767325322/products/gallery/2.jpg',NULL,NULL,NULL,NULL,0,1,'2026-01-02 03:42:04.402','2026-01-02 03:42:04.402'),
('cd099aaf-9410-4cd8-9267-3c6b5daf8ddc','bbbb0004-2222-4222-8222-bbbbbbbb0004','de','https://res.cloudinary.com/dbozv7wqd/image/upload/v1767325321/products/gallery/1.jpg',NULL,NULL,NULL,NULL,0,1,'2026-01-02 03:42:04.380','2026-01-02 03:42:04.380'),
('e0b93da5-e164-44cf-924e-3b4933cc1644','bbbb0004-2222-4222-8222-bbbbbbbb0004','de','https://res.cloudinary.com/dbozv7wqd/image/upload/v1767325323/products/gallery/4.jpg',NULL,NULL,NULL,NULL,0,1,'2026-01-02 03:42:04.427','2026-01-02 03:42:04.427'),
('e2e60440-8991-49b9-ac80-a5366aaf32a6','bbbb0004-2222-4222-8222-bbbbbbbb0004','en','https://res.cloudinary.com/dbozv7wqd/image/upload/v1767325321/products/gallery/1.jpg',NULL,NULL,NULL,NULL,0,1,'2026-01-02 03:42:04.380','2026-01-02 03:42:04.380');
/*!40000 ALTER TABLE `product_images` ENABLE KEYS */;
UNLOCK TABLES;

--
-- Table structure for table `product_options`
--

DROP TABLE IF EXISTS `product_options`;
/*!40101 SET @saved_cs_client     = @@character_set_client */;
/*!40101 SET character_set_client = utf8mb4 */;
CREATE TABLE `product_options` (
  `id` char(36) NOT NULL,
  `product_id` char(36) NOT NULL,
  `option_name` varchar(100) NOT NULL,
  `option_values` longtext CHARACTER SET utf8mb4 COLLATE utf8mb4_bin NOT NULL CHECK (json_valid(`option_values`)),
  `created_at` datetime(3) NOT NULL DEFAULT current_timestamp(3),
  `updated_at` datetime(3) NOT NULL DEFAULT current_timestamp(3) ON UPDATE current_timestamp(3),
  PRIMARY KEY (`id`),
  KEY `product_options_product_id_idx` (`product_id`),
  CONSTRAINT `fk_product_options_product` FOREIGN KEY (`product_id`) REFERENCES `products` (`id`) ON DELETE CASCADE ON UPDATE CASCADE
) ENGINE=InnoDB DEFAULT CHARSET=utf8mb4 COLLATE=utf8mb4_unicode_ci;
/*!40101 SET character_set_client = @saved_cs_client */;

--
-- Dumping data for table `product_options`
--

LOCK TABLES `product_options` WRITE;
/*!40000 ALTER TABLE `product_options` DISABLE KEYS */;
INSERT INTO `product_options` VALUES
('44440001-aaaa-4aaa-8aaa-bbbb0001tr01','bbbb0001-2222-4222-8222-bbbbbbbb0001','Model','[\"CC CTP-3C/3\", \"CC CTP-3C/4\", \"CC CTP-3C/5\", \"CC CTP-4C/4\", \"CC CTP-4C/5\", \"CC CTP-5C/4\", \"CC CTP-5C/5\", \"CC CTP-5C/6\", \"CC CTP-5.5C/5\", \"CC CTP-5.5C/6\", \"CC CTP-6C/5\", \"CC CTP-6C/6\", \"CC DCTP-5C/4\", \"CC DCTP-5C/5\", \"CC DCTP-5C/6\", \"CC DCTP-5.5C/5\", \"CC DCTP-5.5C/6\", \"CC DCTP-6C/5\", \"CC DCTP-6C/6\"]','2026-01-02 03:32:20.571','2026-01-02 03:32:20.571'),
('44440001-bbbb-4bbb-8bbb-bbbb0001en01','bbbb0001-2222-4222-8222-bbbbbbbb0001','Model','[\"CC CTP-3C/3\", \"CC CTP-3C/4\", \"CC CTP-3C/5\", \"CC CTP-4C/4\", \"CC CTP-4C/5\", \"CC CTP-5C/4\", \"CC CTP-5C/5\", \"CC CTP-5C/6\", \"CC CTP-5.5C/5\", \"CC CTP-5.5C/6\", \"CC CTP-6C/5\", \"CC CTP-6C/6\", \"CC DCTP-5C/4\", \"CC DCTP-5C/5\", \"CC DCTP-5C/6\", \"CC DCTP-5.5C/5\", \"CC DCTP-5.5C/6\", \"CC DCTP-6C/5\", \"CC DCTP-6C/6\"]','2026-01-02 03:32:20.589','2026-01-02 03:32:20.589'),
('44440001-cccc-4ccc-8ccc-bbbb0001de01','bbbb0001-2222-4222-8222-bbbbbbbb0001','Modell','[\"CC CTP-3C/3\", \"CC CTP-3C/4\", \"CC CTP-3C/5\", \"CC CTP-4C/4\", \"CC CTP-4C/5\", \"CC CTP-5C/4\", \"CC CTP-5C/5\", \"CC CTP-5C/6\", \"CC CTP-5.5C/5\", \"CC CTP-5.5C/6\", \"CC CTP-6C/5\", \"CC CTP-6C/6\", \"CC DCTP-5C/4\", \"CC DCTP-5C/5\", \"CC DCTP-5C/6\", \"CC DCTP-5.5C/5\", \"CC DCTP-5.5C/6\", \"CC DCTP-6C/5\", \"CC DCTP-6C/6\"]','2026-01-02 03:32:20.597','2026-01-02 03:32:20.597'),
('44441501-aaaa-4aaa-8aaa-bbbb1501tr01','bbbb1501-2222-4222-8222-bbbbbbbb1501','Konfigürasyon','[\"Sadece Motor (Ø ≤ 1600 mm)\", \"Motor + Redüktör (Büyük fanlı modeller)\"]','2026-01-02 03:32:20.694','2026-01-02 03:32:20.694'),
('44441501-bbbb-4bbb-8bbb-bbbb1501en01','bbbb1501-2222-4222-8222-bbbbbbbb1501','Configuration','[\"Motor only (Ø ≤ 1600 mm)\", \"Motor + Reducer (large fan units)\"]','2026-01-02 03:32:20.700','2026-01-02 03:32:20.700'),
('44441501-cccc-4ccc-8ccc-bbbb1501de01','bbbb1501-2222-4222-8222-bbbbbbbb1501','Konfiguration','[\"Nur Motor (Ø ≤ 1600 mm)\", \"Motor + Getriebe (große Lüfteranlagen)\"]','2026-01-02 03:32:20.717','2026-01-02 03:32:20.717'),
('44441502-aaaa-4aaa-8aaa-bbbb1502tr01','bbbb1502-2222-4222-8222-bbbbbbbb1502','Tip','[\"Siviç kontaklı\", \"Cıva kontaklı\", \"Manyetik kontaklı\"]','2026-01-02 03:32:20.726','2026-01-02 03:32:20.726'),
('44441502-bbbb-4bbb-8bbb-bbbb1502en01','bbbb1502-2222-4222-8222-bbbbbbbb1502','Type','[\"Switch contact type\", \"Mercury contact type\", \"Magnetic contact type\"]','2026-01-02 03:32:20.730','2026-01-02 03:32:20.730'),
('44441502-cccc-4ccc-8ccc-bbbb1502de01','bbbb1502-2222-4222-8222-bbbbbbbb1502','Typ','[\"Schaltkontakt\", \"Quecksilberkontakt\", \"Magnetkontakt\"]','2026-01-02 03:32:20.735','2026-01-02 03:32:20.735'),
('44441503-aaaa-4aaa-8aaa-bbbb1503tr01','bbbb1503-2222-4222-8222-bbbbbbbb1503','Kanat Malzemesi','[\"Cam elyaf takviyeli PP\", \"CTP (FRP)\", \"Alüminyum pultruzyon\", \"PP\"]','2026-01-02 03:32:20.745','2026-01-02 03:32:20.745'),
('44441503-bbbb-4bbb-8bbb-bbbb1503en01','bbbb1503-2222-4222-8222-bbbbbbbb1503','Blade Material','[\"Glass fiber reinforced PP\", \"FRP (CTP)\", \"Aluminum pultrusion\", \"PP\"]','2026-01-02 03:32:20.752','2026-01-02 03:32:20.752'),
('44441503-cccc-4ccc-8ccc-bbbb1503de01','bbbb1503-2222-4222-8222-bbbbbbbb1503','Flügelmaterial','[\"Glasfaserverstärktes PP\", \"FRP (CTP)\", \"Aluminium-Pultrusionsprofil\", \"PP\"]','2026-01-02 03:32:20.758','2026-01-02 03:32:20.758'),
('44441504-aaaa-4aaa-8aaa-bbbb1504tr01','bbbb1504-2222-4222-8222-bbbbbbbb1504','Malzeme','[\"Paslanmaz Çelik\", \"CTP (FRP)\"]','2026-01-02 03:32:20.789','2026-01-02 03:32:20.789'),
('44441504-bbbb-4bbb-8bbb-bbbb1504en01','bbbb1504-2222-4222-8222-bbbbbbbb1504','Material','[\"Stainless Steel\", \"FRP (CTP)\"]','2026-01-02 03:32:20.794','2026-01-02 03:32:20.794'),
('44441504-cccc-4ccc-8ccc-bbbb1504de01','bbbb1504-2222-4222-8222-bbbbbbbb1504','Material','[\"Edelstahl\", \"FRP (CTP)\"]','2026-01-02 03:32:20.800','2026-01-02 03:32:20.800'),
('44441505-aaaa-4aaa-8aaa-bbbb1505tr01','bbbb1505-2222-4222-8222-bbbbbbbb1505','Malzeme','[\"PVC (≤55°C)\", \"PP (>55°C)\", \"CTP (FRP) (>55°C)\"]','2026-01-02 03:32:20.809','2026-01-02 03:32:20.809'),
('44441505-bbbb-4bbb-8bbb-bbbb1505en01','bbbb1505-2222-4222-8222-bbbbbbbb1505','Material (Main/Bypass)','[\"PVC (≤55°C)\", \"PP (>55°C)\", \"FRP/CTP (>55°C)\"]','2026-01-02 03:32:20.816','2026-01-02 03:32:20.816'),
('44441505-cccc-4ccc-8ccc-bbbb1505de01','bbbb1505-2222-4222-8222-bbbbbbbb1505','Material (Haupt/Bypass)','[\"PVC (≤55°C)\", \"PP (>55°C)\", \"FRP/CTP (>55°C)\"]','2026-01-02 03:32:20.822','2026-01-02 03:32:20.822'),
('44441506-aaaa-4aaa-8aaa-bbbb1506tr01','bbbb1506-2222-4222-8222-bbbbbbbb1506','Nozul Tipi','[\"Kademeli Nozul\", \"Papatya Nozul\", \"RK Fıskiye\", \"İthal Kule Nozulu\"]','2026-01-02 03:32:20.833','2026-01-02 03:32:20.833'),
('44441506-bbbb-4bbb-8bbb-bbbb1506en01','bbbb1506-2222-4222-8222-bbbbbbbb1506','Nozzle Type','[\"Stepped Nozzle\", \"Daisy Nozzle\", \"RK Sprinkler\", \"Imported Tower Nozzle\"]','2026-01-02 03:32:20.840','2026-01-02 03:32:20.840'),
('44441506-cccc-4ccc-8ccc-bbbb1506de01','bbbb1506-2222-4222-8222-bbbbbbbb1506','Düsentyp','[\"Stufendüse\", \"Gänseblümchen-Düse\", \"RK Sprinkler\", \"Importierte Kühlturmdüse\"]','2026-01-02 03:32:20.856','2026-01-02 03:32:20.856'),
('44441507-aaaa-4aaa-8aaa-bbbb1507tr01','bbbb1507-2222-4222-8222-bbbbbbbb1507','Profil Kesiti','[\"I / U / L / Kutu (Box)\", \"Özel Kesim Boy\", \"Özel Kesit (talebe göre)\"]','2026-01-02 03:32:20.870','2026-01-02 03:32:20.870'),
('44441507-bbbb-4bbb-8bbb-bbbb1507en01','bbbb1507-2222-4222-8222-bbbbbbbb1507','Profile Section','[\"I / U / L / Box\", \"Custom Cut Length\", \"Custom Section (on request)\"]','2026-01-02 03:32:20.879','2026-01-02 03:32:20.879'),
('44441507-cccc-4ccc-8ccc-bbbb1507de01','bbbb1507-2222-4222-8222-bbbbbbbb1507','Profilquerschnitt','[\"I / U / L / Kasten (Box)\", \"Sonderlänge (Zuschnitt)\", \"Sonderquerschnitt (auf Anfrage)\"]','2026-01-02 03:32:20.885','2026-01-02 03:32:20.885'),
('44441508-aaaa-4aaa-8aaa-bbbb1508tr01','bbbb1508-2222-4222-8222-bbbbbbbb1508','Profil','[\"PVC CF-18DT\", \"PVC C-145x45\", \"PVC C-70x16\", \"Özel (talebe göre)\"]','2026-01-02 03:32:20.906','2026-01-02 03:32:20.906'),
('44441508-bbbb-4bbb-8bbb-bbbb1508en01','bbbb1508-2222-4222-8222-bbbbbbbb1508','Profile','[\"PVC CF-18DT\", \"PVC C-145x45\", \"PVC C-70x16\", \"Custom (on request)\"]','2026-01-02 03:32:20.912','2026-01-02 03:32:20.912'),
('44441508-cccc-4ccc-8ccc-bbbb1508de01','bbbb1508-2222-4222-8222-bbbbbbbb1508','Profil','[\"PVC CF-18DT\", \"PVC C-145x45\", \"PVC C-70x16\", \"Sonderausführung (auf Anfrage)\"]','2026-01-02 03:32:20.917','2026-01-02 03:32:20.917'),
('44441509-aaaa-4aaa-8aaa-bbbb1509tr01','bbbb1509-2222-4222-8222-bbbbbbbb1509','Tip','[\"PVC CF-12\", \"PVC CF-19\", \"PVC CF-30\", \"PVC CF-M\", \"PVC CF-O\"]','2026-01-02 03:32:20.933','2026-01-02 03:32:20.933'),
('44441509-bbbb-4bbb-8bbb-bbbb1509en01','bbbb1509-2222-4222-8222-bbbbbbbb1509','Type','[\"PVC CF-12\", \"PVC CF-19\", \"PVC CF-30\", \"PVC CF-M\", \"PVC CF-O\"]','2026-01-02 03:32:20.943','2026-01-02 03:32:20.943'),
('44441509-cccc-4ccc-8ccc-bbbb1509de01','bbbb1509-2222-4222-8222-bbbbbbbb1509','Typ','[\"PVC CF-12\", \"PVC CF-19\", \"PVC CF-30\", \"PVC CF-M\", \"PVC CF-O\"]','2026-01-02 03:32:20.953','2026-01-02 03:32:20.953'),
('44441510-aaaa-4aaa-8aaa-bbbb1510tr01','bbbb1510-2222-4222-8222-bbbbbbbb1510','Malzeme','[\"PP (Polipropilen)\"]','2026-01-02 03:32:20.976','2026-01-02 03:32:20.976'),
('44441510-bbbb-4bbb-8bbb-bbbb1510en01','bbbb1510-2222-4222-8222-bbbbbbbb1510','Material','[\"PP (Polypropylene)\"]','2026-01-02 03:32:20.983','2026-01-02 03:32:20.983'),
('44441510-cccc-4ccc-8ccc-bbbb1510de01','bbbb1510-2222-4222-8222-bbbbbbbb1510','Material','[\"PP (Polypropylen)\"]','2026-01-02 03:32:20.988','2026-01-02 03:32:20.988'),
('44441511-aaaa-4aaa-8aaa-bbbb1511tr01','bbbb1511-2222-4222-8222-bbbbbbbb1511','Uygulama','[\"Kirli su prosesi\", \"Yüksek kirlenme (fouling)\"]','2026-01-02 03:32:20.999','2026-01-02 03:32:20.999'),
('44441511-bbbb-4bbb-8bbb-bbbb1511en01','bbbb1511-2222-4222-8222-bbbbbbbb1511','Application','[\"Dirty water duty\", \"High fouling duty\"]','2026-01-02 03:32:21.003','2026-01-02 03:32:21.003'),
('44441511-cccc-4ccc-8ccc-bbbb1511de01','bbbb1511-2222-4222-8222-bbbbbbbb1511','Anwendung','[\"Schmutzwasserbetrieb\", \"Hohe Verschmutzung (Fouling)\"]','2026-01-02 03:32:21.009','2026-01-02 03:32:21.009'),
('44441512-aaaa-4aaa-8aaa-bbbb1512tr01','bbbb1512-2222-4222-8222-bbbbbbbb1512','Paket','[\"5.000 adet / torba\"]','2026-01-02 03:32:21.020','2026-01-02 03:32:21.020'),
('44441512-bbbb-4bbb-8bbb-bbbb1512en01','bbbb1512-2222-4222-8222-bbbbbbbb1512','Packaging','[\"5,000 pcs / bag\"]','2026-01-02 03:32:21.026','2026-01-02 03:32:21.026'),
('44441512-cccc-4ccc-8ccc-bbbb1512de01','bbbb1512-2222-4222-8222-bbbbbbbb1512','Verpackung','[\"5.000 Stück / Beutel\"]','2026-01-02 03:32:21.043','2026-01-02 03:32:21.043'),
('44441513-aaaa-4aaa-8aaa-bbbb1513tr01','bbbb1513-2222-4222-8222-bbbbbbbb1513','Malzeme','[\"PVC (standart)\", \"FRP/CTP (opsiyonel)\"]','2026-01-02 03:32:21.056','2026-01-02 03:32:21.056'),
('44441513-bbbb-4bbb-8bbb-bbbb1513en01','bbbb1513-2222-4222-8222-bbbbbbbb1513','Material','[\"PVC (standard)\", \"FRP/CTP (optional)\"]','2026-01-02 03:32:21.063','2026-01-02 03:32:21.063'),
('44441513-cccc-4ccc-8ccc-bbbb1513de01','bbbb1513-2222-4222-8222-bbbbbbbb1513','Material','[\"PVC (Standard)\", \"FRP/CTP (optional)\"]','2026-01-02 03:32:21.067','2026-01-02 03:32:21.067'),
('88880002-aaaa-4aaa-8aaa-bbbb0002tr01','bbbb0002-2222-4222-8222-bbbbbbbb0002','Model','[\"CTP-1\", \"CTP-2\", \"CTP-3\", \"CTP-4\", \"CTP-5\", \"CTP-5.5\", \"CTP-6\", \"CTP-7\", \"CTP-9\", \"CTP-12\", \"CTP-14\", \"CTP-16\", \"CTP-20\", \"CTP-24\", \"CTP-26\", \"CTP-30\", \"CTP-35\"]','2026-01-02 03:32:20.609','2026-01-02 03:32:20.609'),
('88880002-bbbb-4bbb-8bbb-bbbb0002en01','bbbb0002-2222-4222-8222-bbbbbbbb0002','Model','[\"CTP-1\", \"CTP-2\", \"CTP-3\", \"CTP-4\", \"CTP-5\", \"CTP-5.5\", \"CTP-6\", \"CTP-7\", \"CTP-9\", \"CTP-12\", \"CTP-14\", \"CTP-16\", \"CTP-20\", \"CTP-24\", \"CTP-26\", \"CTP-30\", \"CTP-35\"]','2026-01-02 03:32:20.617','2026-01-02 03:32:20.617'),
('88880002-cccc-4ccc-8ccc-bbbb0002de01','bbbb0002-2222-4222-8222-bbbbbbbb0002','Modell','[\"CTP-1\", \"CTP-2\", \"CTP-3\", \"CTP-4\", \"CTP-5\", \"CTP-5.5\", \"CTP-6\", \"CTP-7\", \"CTP-9\", \"CTP-12\", \"CTP-14\", \"CTP-16\", \"CTP-20\", \"CTP-24\", \"CTP-26\", \"CTP-30\", \"CTP-35\"]','2026-01-02 03:32:20.623','2026-01-02 03:32:20.623'),
('88880003-aaaa-4aaa-8aaa-bbbb0003tr01','bbbb0003-2222-4222-8222-bbbbbbbb0003','Model','[\"DCTP-3\", \"DCTP-4\", \"DCTP-5\", \"DCTP-5.5\", \"DCTP-6\", \"DCTP-7\", \"DCTP-9\", \"DCTP-12\", \"DCTP-14\", \"DCTP-16\", \"DCTP-20\", \"DCTP-24\", \"DCTP-26\", \"DCTP-30\", \"DCTP-35\"]','2026-01-02 03:32:20.639','2026-01-02 03:32:20.639'),
('88880003-bbbb-4bbb-8bbb-bbbb0003en01','bbbb0003-2222-4222-8222-bbbbbbbb0003','Model','[\"DCTP-3\", \"DCTP-4\", \"DCTP-5\", \"DCTP-5.5\", \"DCTP-6\", \"DCTP-7\", \"DCTP-9\", \"DCTP-12\", \"DCTP-14\", \"DCTP-16\", \"DCTP-20\", \"DCTP-24\", \"DCTP-26\", \"DCTP-30\", \"DCTP-35\"]','2026-01-02 03:32:20.644','2026-01-02 03:32:20.644'),
('88880003-cccc-4ccc-8ccc-bbbb0003de01','bbbb0003-2222-4222-8222-bbbbbbbb0003','Modell','[\"DCTP-3\", \"DCTP-4\", \"DCTP-5\", \"DCTP-5.5\", \"DCTP-6\", \"DCTP-7\", \"DCTP-9\", \"DCTP-12\", \"DCTP-14\", \"DCTP-16\", \"DCTP-20\", \"DCTP-24\", \"DCTP-26\", \"DCTP-30\", \"DCTP-35\"]','2026-01-02 03:32:20.650','2026-01-02 03:32:20.650'),
('88880004-aaaa-4aaa-8aaa-bbbb0004tr01','bbbb0004-2222-4222-8222-bbbbbbbb0004','Model','[\"TCTP-3\", \"TCTP-4\", \"TCTP-5\", \"TCTP-5.5\", \"TCTP-6\", \"TCTP-7\", \"TCTP-9\", \"TCTP-12\", \"TCTP-14\", \"TCTP-16\", \"TCTP-20\", \"TCTP-24\", \"TCTP-26\", \"TCTP-30\", \"TCTP-35\"]','2026-01-02 03:32:20.662','2026-01-02 03:32:20.662'),
('88880004-bbbb-4bbb-8bbb-bbbb0004en01','bbbb0004-2222-4222-8222-bbbbbbbb0004','Model','[\"TCTP-3\", \"TCTP-4\", \"TCTP-5\", \"TCTP-5.5\", \"TCTP-6\", \"TCTP-7\", \"TCTP-9\", \"TCTP-12\", \"TCTP-14\", \"TCTP-16\", \"TCTP-20\", \"TCTP-24\", \"TCTP-26\", \"TCTP-30\", \"TCTP-35\"]','2026-01-02 03:32:20.668','2026-01-02 03:32:20.668'),
('88880004-cccc-4ccc-8ccc-bbbb0004de01','bbbb0004-2222-4222-8222-bbbbbbbb0004','Modell','[\"TCTP-3\", \"TCTP-4\", \"TCTP-5\", \"TCTP-5.5\", \"TCTP-6\", \"TCTP-7\", \"TCTP-9\", \"TCTP-12\", \"TCTP-14\", \"TCTP-16\", \"TCTP-20\", \"TCTP-24\", \"TCTP-26\", \"TCTP-30\", \"TCTP-35\"]','2026-01-02 03:32:20.672','2026-01-02 03:32:20.672');
/*!40000 ALTER TABLE `product_options` ENABLE KEYS */;
UNLOCK TABLES;

--
-- Table structure for table `product_reviews`
--

DROP TABLE IF EXISTS `product_reviews`;
/*!40101 SET @saved_cs_client     = @@character_set_client */;
/*!40101 SET character_set_client = utf8mb4 */;
CREATE TABLE `product_reviews` (
  `id` char(36) NOT NULL,
  `product_id` char(36) NOT NULL,
  `user_id` char(36) DEFAULT NULL,
  `rating` int(11) NOT NULL,
  `comment` text DEFAULT NULL,
  `is_active` tinyint(1) NOT NULL DEFAULT 1,
  `customer_name` varchar(255) DEFAULT NULL,
  `review_date` datetime(3) NOT NULL DEFAULT current_timestamp(3),
  `created_at` datetime(3) NOT NULL DEFAULT current_timestamp(3),
  `updated_at` datetime(3) NOT NULL DEFAULT current_timestamp(3) ON UPDATE current_timestamp(3),
  PRIMARY KEY (`id`),
  KEY `product_reviews_product_id_idx` (`product_id`),
  KEY `product_reviews_approved_idx` (`product_id`,`is_active`),
  KEY `product_reviews_rating_idx` (`rating`),
  CONSTRAINT `fk_product_reviews_product` FOREIGN KEY (`product_id`) REFERENCES `products` (`id`) ON DELETE CASCADE ON UPDATE CASCADE
) ENGINE=InnoDB DEFAULT CHARSET=utf8mb4 COLLATE=utf8mb4_unicode_ci;
/*!40101 SET character_set_client = @saved_cs_client */;

--
-- Dumping data for table `product_reviews`
--

LOCK TABLES `product_reviews` WRITE;
/*!40000 ALTER TABLE `product_reviews` DISABLE KEYS */;
INSERT INTO `product_reviews` VALUES
('33330001-aaaa-4aaa-8aaa-bbbb0001tr01','bbbb0001-2222-4222-8222-bbbbbbbb0001',NULL,5,'Hassas proses suyu için stabil ve güvenilir performans.',1,'Tesis Mühendisliği','2026-01-02 03:32:20.564','2026-01-02 03:32:20.564','2026-01-02 03:32:20.564'),
('33330001-aaaa-4aaa-8aaa-bbbb0001tr02','bbbb0001-2222-4222-8222-bbbbbbbb0001',NULL,4,'Model seçenekleri geniş; doğru seçimle verim yüksek.',1,'Bakım & Operasyon','2026-01-02 03:32:20.564','2026-01-02 03:32:20.564','2026-01-02 03:32:20.564'),
('33330001-bbbb-4bbb-8bbb-bbbb0001en01','bbbb0001-2222-4222-8222-bbbbbbbb0001',NULL,5,'Reliable, stable performance for contamination-sensitive process water.',1,'Plant Engineering','2026-01-02 03:32:20.588','2026-01-02 03:32:20.588','2026-01-02 03:32:20.588'),
('33330001-bbbb-4bbb-8bbb-bbbb0001en02','bbbb0001-2222-4222-8222-bbbbbbbb0001',NULL,4,'Wide model range; efficient when properly selected.',1,'Operations','2026-01-02 03:32:20.588','2026-01-02 03:32:20.588','2026-01-02 03:32:20.588'),
('33330001-cccc-4ccc-8ccc-bbbb0001de01','bbbb0001-2222-4222-8222-bbbbbbbb0001',NULL,5,'Sehr stabiler Betrieb bei kontaminationssensitiven Prozessmedien.',1,'Anlagenbau','2026-01-02 03:32:20.595','2026-01-02 03:32:20.595','2026-01-02 03:32:20.595'),
('33330001-cccc-4ccc-8ccc-bbbb0001de02','bbbb0001-2222-4222-8222-bbbbbbbb0001',NULL,4,'Große Modellvielfalt; Auswahl passend zum Prozess ist entscheidend.',1,'Betrieb','2026-01-02 03:32:20.595','2026-01-02 03:32:20.595','2026-01-02 03:32:20.595'),
('33331501-aaaa-4aaa-8aaa-bbbb1501tr01','bbbb1501-2222-4222-8222-bbbbbbbb1501',NULL,5,'IP56 koruma ve yüksek verim motor ile uzun süre stabil çalışıyor.',1,'Bakım Ekibi','2026-01-02 03:32:20.693','2026-01-02 03:32:20.693','2026-01-02 03:32:20.693'),
('33331501-aaaa-4aaa-8aaa-bbbb1501tr02','bbbb1501-2222-4222-8222-bbbbbbbb1501',NULL,4,'Büyük fanlı kulelerde redüktörle birlikte daha güvenli sürüş sağlıyor.',1,'Tesis Operasyon','2026-01-02 03:32:20.693','2026-01-02 03:32:20.693','2026-01-02 03:32:20.693'),
('33331501-bbbb-4bbb-8bbb-bbbb1501en01','bbbb1501-2222-4222-8222-bbbbbbbb1501',NULL,5,'High-efficiency motor with IP56 protection performs reliably in harsh environments.',1,'Maintenance Team','2026-01-02 03:32:20.699','2026-01-02 03:32:20.699','2026-01-02 03:32:20.699'),
('33331501-bbbb-4bbb-8bbb-bbbb1501en02','bbbb1501-2222-4222-8222-bbbbbbbb1501',NULL,4,'Motor + reducer configuration is more stable for large fan applications.',1,'Plant Operations','2026-01-02 03:32:20.699','2026-01-02 03:32:20.699','2026-01-02 03:32:20.699'),
('33331501-cccc-4ccc-8ccc-bbbb1501de01','bbbb1501-2222-4222-8222-bbbbbbbb1501',NULL,5,'Robuste Ausführung mit IP56 – läuft zuverlässig auch bei Feuchtigkeit.',1,'Instandhaltung','2026-01-02 03:32:20.716','2026-01-02 03:32:20.716','2026-01-02 03:32:20.716'),
('33331501-cccc-4ccc-8ccc-bbbb1501de02','bbbb1501-2222-4222-8222-bbbbbbbb1501',NULL,4,'Mit Getriebe für große Lüfter deutlich stabiler im Betrieb.',1,'Betrieb','2026-01-02 03:32:20.716','2026-01-02 03:32:20.716','2026-01-02 03:32:20.716'),
('33331502-aaaa-4aaa-8aaa-bbbb1502tr01','bbbb1502-2222-4222-8222-bbbbbbbb1502',NULL,5,'Titreşim artınca motoru hızlı kesip arızayı büyütmeden durduruyor.',1,'Bakım Ekibi','2026-01-02 03:32:20.725','2026-01-02 03:32:20.725','2026-01-02 03:32:20.725'),
('33331502-aaaa-4aaa-8aaa-bbbb1502tr02','bbbb1502-2222-4222-8222-bbbbbbbb1502',NULL,4,'Manyetik tip, sahada ayar ve kullanım açısından pratik.',1,'Operasyon','2026-01-02 03:32:20.725','2026-01-02 03:32:20.725','2026-01-02 03:32:20.725'),
('33331502-bbbb-4bbb-8bbb-bbbb1502en01','bbbb1502-2222-4222-8222-bbbbbbbb1502',NULL,5,'Shuts the motor down quickly when vibration spikes—helps prevent major failures.',1,'Maintenance','2026-01-02 03:32:20.729','2026-01-02 03:32:20.729','2026-01-02 03:32:20.729'),
('33331502-bbbb-4bbb-8bbb-bbbb1502en02','bbbb1502-2222-4222-8222-bbbbbbbb1502',NULL,4,'Magnetic type is easy to use and robust in the field.',1,'Operations','2026-01-02 03:32:20.729','2026-01-02 03:32:20.729','2026-01-02 03:32:20.729'),
('33331502-cccc-4ccc-8ccc-bbbb1502de01','bbbb1502-2222-4222-8222-bbbbbbbb1502',NULL,5,'Schaltet den Motor bei auffälliger Vibration schnell ab – sehr guter Schutz.',1,'Instandhaltung','2026-01-02 03:32:20.735','2026-01-02 03:32:20.735','2026-01-02 03:32:20.735'),
('33331502-cccc-4ccc-8ccc-bbbb1502de02','bbbb1502-2222-4222-8222-bbbbbbbb1502',NULL,4,'Der Magnetkontakt ist robust und im Betrieb gut handhabbar.',1,'Betrieb','2026-01-02 03:32:20.735','2026-01-02 03:32:20.735','2026-01-02 03:32:20.735'),
('33331503-aaaa-4aaa-8aaa-bbbb1503tr01','bbbb1503-2222-4222-8222-bbbbbbbb1503',NULL,5,'Debi stabil, titreşim düşük. Malzeme seçenekleri sahaya göre iyi uyarlanabiliyor.',1,'Bakım Ekibi','2026-01-02 03:32:20.744','2026-01-02 03:32:20.744','2026-01-02 03:32:20.744'),
('33331503-aaaa-4aaa-8aaa-bbbb1503tr02','bbbb1503-2222-4222-8222-bbbbbbbb1503',NULL,4,'Alüminyum seçenek hafif ve montajı pratik. Performans tatmin edici.',1,'Operasyon','2026-01-02 03:32:20.744','2026-01-02 03:32:20.744','2026-01-02 03:32:20.744'),
('33331503-bbbb-4bbb-8bbb-bbbb1503en01','bbbb1503-2222-4222-8222-bbbbbbbb1503',NULL,5,'Stable airflow and low vibration. Material options make it easy to match site conditions.',1,'Maintenance Team','2026-01-02 03:32:20.752','2026-01-02 03:32:20.752','2026-01-02 03:32:20.752'),
('33331503-bbbb-4bbb-8bbb-bbbb1503en02','bbbb1503-2222-4222-8222-bbbbbbbb1503',NULL,4,'Aluminum option is lightweight and easy to install. Good overall performance.',1,'Operations','2026-01-02 03:32:20.752','2026-01-02 03:32:20.752','2026-01-02 03:32:20.752'),
('33331503-cccc-4ccc-8ccc-bbbb1503de01','bbbb1503-2222-4222-8222-bbbbbbbb1503',NULL,5,'Stabiler Luftstrom und geringe Vibration – sehr zuverlässig im Betrieb.',1,'Instandhaltung','2026-01-02 03:32:20.756','2026-01-02 03:32:20.756','2026-01-02 03:32:20.756'),
('33331503-cccc-4ccc-8ccc-bbbb1503de02','bbbb1503-2222-4222-8222-bbbbbbbb1503',NULL,4,'Die Aluminium-Variante ist leicht und schnell zu montieren.',1,'Betrieb','2026-01-02 03:32:20.756','2026-01-02 03:32:20.756','2026-01-02 03:32:20.756'),
('33331504-aaaa-4aaa-8aaa-bbbb1504tr01','bbbb1504-2222-4222-8222-bbbbbbbb1504',NULL,5,'Bakım sırasında kule içine erişimi ciddi hızlandırdı. Sızdırmazlık iyi.',1,'Bakım Ekibi','2026-01-02 03:32:20.788','2026-01-02 03:32:20.788','2026-01-02 03:32:20.788'),
('33331504-aaaa-4aaa-8aaa-bbbb1504tr02','bbbb1504-2222-4222-8222-bbbbbbbb1504',NULL,4,'CTP versiyon hafif ve korozyona dayanıklı; montajı rahat.',1,'Tesis Operasyon','2026-01-02 03:32:20.788','2026-01-02 03:32:20.788','2026-01-02 03:32:20.788'),
('33331504-bbbb-4bbb-8bbb-bbbb1504en01','bbbb1504-2222-4222-8222-bbbbbbbb1504',NULL,5,'Makes inspection and maintenance much faster. Sealing performance is solid.',1,'Maintenance Team','2026-01-02 03:32:20.793','2026-01-02 03:32:20.793','2026-01-02 03:32:20.793'),
('33331504-bbbb-4bbb-8bbb-bbbb1504en02','bbbb1504-2222-4222-8222-bbbbbbbb1504',NULL,4,'FRP version is lightweight and corrosion-resistant; installation is straightforward.',1,'Operations','2026-01-02 03:32:20.793','2026-01-02 03:32:20.793','2026-01-02 03:32:20.793'),
('33331504-cccc-4ccc-8ccc-bbbb1504de01','bbbb1504-2222-4222-8222-bbbbbbbb1504',NULL,5,'Erleichtert Inspektion und Wartung deutlich. Dichtheit ist sehr gut.',1,'Instandhaltung','2026-01-02 03:32:20.798','2026-01-02 03:32:20.798','2026-01-02 03:32:20.798'),
('33331504-cccc-4ccc-8ccc-bbbb1504de02','bbbb1504-2222-4222-8222-bbbbbbbb1504',NULL,4,'FRP-Ausführung ist leicht und korrosionsbeständig – Montage unkompliziert.',1,'Betrieb','2026-01-02 03:32:20.798','2026-01-02 03:32:20.798','2026-01-02 03:32:20.798'),
('33331505-aaaa-4aaa-8aaa-bbbb1505tr01','bbbb1505-2222-4222-8222-bbbbbbbb1505',NULL,5,'Dağıtım homojenliği arttı, dolgu yüzeyi daha verimli çalışıyor.',1,'Operasyon','2026-01-02 03:32:20.808','2026-01-02 03:32:20.808','2026-01-02 03:32:20.808'),
('33331505-aaaa-4aaa-8aaa-bbbb1505tr02','bbbb1505-2222-4222-8222-bbbbbbbb1505',NULL,4,'Sızdırmaz bağlantı bakımda çok zaman kazandırıyor.',1,'Bakım Ekibi','2026-01-02 03:32:20.808','2026-01-02 03:32:20.808','2026-01-02 03:32:20.808'),
('33331505-bbbb-4bbb-8bbb-bbbb1505en01','bbbb1505-2222-4222-8222-bbbbbbbb1505',NULL,5,'Improved distribution uniformity; fill surface works more efficiently.',1,'Operations','2026-01-02 03:32:20.815','2026-01-02 03:32:20.815','2026-01-02 03:32:20.815'),
('33331505-bbbb-4bbb-8bbb-bbbb1505en02','bbbb1505-2222-4222-8222-bbbbbbbb1505',NULL,4,'Leak-tight connection saves significant time during maintenance.',1,'Maintenance','2026-01-02 03:32:20.815','2026-01-02 03:32:20.815','2026-01-02 03:32:20.815'),
('33331505-cccc-4ccc-8ccc-bbbb1505de01','bbbb1505-2222-4222-8222-bbbbbbbb1505',NULL,5,'Sehr gleichmäßige Verteilung – die Füllkörper arbeiten spürbar effizienter.',1,'Betrieb','2026-01-02 03:32:20.821','2026-01-02 03:32:20.821','2026-01-02 03:32:20.821'),
('33331505-cccc-4ccc-8ccc-bbbb1505de02','bbbb1505-2222-4222-8222-bbbbbbbb1505',NULL,4,'Die dichte Verbindung erleichtert Wartung und Umbau erheblich.',1,'Instandhaltung','2026-01-02 03:32:20.821','2026-01-02 03:32:20.821','2026-01-02 03:32:20.821'),
('33331506-aaaa-4aaa-8aaa-bbbb1506tr01','bbbb1506-2222-4222-8222-bbbbbbbb1506',NULL,5,'Söküp temizlemesi çok kolay, tıkanma sonrası hızlı müdahale ediliyor.',1,'Bakım Ekibi','2026-01-02 03:32:20.832','2026-01-02 03:32:20.832','2026-01-02 03:32:20.832'),
('33331506-aaaa-4aaa-8aaa-bbbb1506tr02','bbbb1506-2222-4222-8222-bbbbbbbb1506',NULL,4,'Farklı konilerle debi ayarı sahada işimizi kolaylaştırdı.',1,'Operasyon','2026-01-02 03:32:20.832','2026-01-02 03:32:20.832','2026-01-02 03:32:20.832'),
('33331506-bbbb-4bbb-8bbb-bbbb1506en01','bbbb1506-2222-4222-8222-bbbbbbbb1506',NULL,5,'Very easy to remove and clean—quick recovery after clogging.',1,'Maintenance','2026-01-02 03:32:20.839','2026-01-02 03:32:20.839','2026-01-02 03:32:20.839'),
('33331506-bbbb-4bbb-8bbb-bbbb1506en02','bbbb1506-2222-4222-8222-bbbbbbbb1506',NULL,4,'Flow adjustment with different cones is practical on site.',1,'Operations','2026-01-02 03:32:20.839','2026-01-02 03:32:20.839','2026-01-02 03:32:20.839'),
('33331506-cccc-4ccc-8ccc-bbbb1506de01','bbbb1506-2222-4222-8222-bbbbbbbb1506',NULL,5,'Sehr leicht zu reinigen – nach Verstopfung schnell wieder einsatzbereit.',1,'Instandhaltung','2026-01-02 03:32:20.853','2026-01-02 03:32:20.853','2026-01-02 03:32:20.853'),
('33331506-cccc-4ccc-8ccc-bbbb1506de02','bbbb1506-2222-4222-8222-bbbbbbbb1506',NULL,4,'Die Einstellmöglichkeit über verschiedene Kegel ist in der Praxis sehr hilfreich.',1,'Betrieb','2026-01-02 03:32:20.853','2026-01-02 03:32:20.853','2026-01-02 03:32:20.853'),
('33331507-aaaa-4aaa-8aaa-bbbb1507tr01','bbbb1507-2222-4222-8222-bbbbbbbb1507',NULL,5,'Korozyon derdi yok; sahada uzun yıllar bakım istemeden duruyor.',1,'Bakım Ekibi','2026-01-02 03:32:20.869','2026-01-02 03:32:20.869','2026-01-02 03:32:20.869'),
('33331507-aaaa-4aaa-8aaa-bbbb1507tr02','bbbb1507-2222-4222-8222-bbbbbbbb1507',NULL,4,'Montajda hafifliği ve rijitliği işimizi kolaylaştırdı.',1,'Saha Uygulama','2026-01-02 03:32:20.869','2026-01-02 03:32:20.869','2026-01-02 03:32:20.869'),
('33331507-bbbb-4bbb-8bbb-bbbb1507en01','bbbb1507-2222-4222-8222-bbbbbbbb1507',NULL,5,'Excellent corrosion resistance—no repainting needed over time.',1,'Maintenance Team','2026-01-02 03:32:20.878','2026-01-02 03:32:20.878','2026-01-02 03:32:20.878'),
('33331507-bbbb-4bbb-8bbb-bbbb1507en02','bbbb1507-2222-4222-8222-bbbbbbbb1507',NULL,4,'Lightweight yet rigid—installation is faster compared to metal parts.',1,'Site Crew','2026-01-02 03:32:20.878','2026-01-02 03:32:20.878','2026-01-02 03:32:20.878'),
('33331507-cccc-4ccc-8ccc-bbbb1507de01','bbbb1507-2222-4222-8222-bbbbbbbb1507',NULL,5,'Sehr korrosionsbeständig – keine Nacharbeit mit Lack nötig.',1,'Instandhaltung','2026-01-02 03:32:20.885','2026-01-02 03:32:20.885','2026-01-02 03:32:20.885'),
('33331507-cccc-4ccc-8ccc-bbbb1507de02','bbbb1507-2222-4222-8222-bbbbbbbb1507',NULL,4,'Leicht und dennoch steif – Montage geht deutlich schneller.',1,'Montage','2026-01-02 03:32:20.885','2026-01-02 03:32:20.885','2026-01-02 03:32:20.885'),
('33331508-aaaa-4aaa-8aaa-bbbb1508tr01','bbbb1508-2222-4222-8222-bbbbbbbb1508',NULL,5,'Sürüklenme kayıpları ciddi azaldı; sistem daha temiz çalışıyor.',1,'Tesis Operasyon','2026-01-02 03:32:20.904','2026-01-02 03:32:20.904','2026-01-02 03:32:20.904'),
('33331508-aaaa-4aaa-8aaa-bbbb1508tr02','bbbb1508-2222-4222-8222-bbbbbbbb1508',NULL,4,'Kaset montajı hızlı; basınç kaybı da düşük kaldı.',1,'Bakım Ekibi','2026-01-02 03:32:20.904','2026-01-02 03:32:20.904','2026-01-02 03:32:20.904'),
('33331508-bbbb-4bbb-8bbb-bbbb1508en01','bbbb1508-2222-4222-8222-bbbbbbbb1508',NULL,5,'Noticeable reduction in drift losses; cleaner operation overall.',1,'Plant Operations','2026-01-02 03:32:20.911','2026-01-02 03:32:20.911','2026-01-02 03:32:20.911'),
('33331508-bbbb-4bbb-8bbb-bbbb1508en02','bbbb1508-2222-4222-8222-bbbbbbbb1508',NULL,4,'Cassette installation is fast and pressure drop remains low.',1,'Maintenance','2026-01-02 03:32:20.911','2026-01-02 03:32:20.911','2026-01-02 03:32:20.911'),
('33331508-cccc-4ccc-8ccc-bbbb1508de01','bbbb1508-2222-4222-8222-bbbbbbbb1508',NULL,5,'Deutlich weniger Drift; die Umgebung bleibt spürbar trockener.',1,'Betrieb','2026-01-02 03:32:20.916','2026-01-02 03:32:20.916','2026-01-02 03:32:20.916'),
('33331508-cccc-4ccc-8ccc-bbbb1508de02','bbbb1508-2222-4222-8222-bbbbbbbb1508',NULL,4,'Kassetten lassen sich sauber montieren; Druckverlust bleibt moderat.',1,'Instandhaltung','2026-01-02 03:32:20.916','2026-01-02 03:32:20.916','2026-01-02 03:32:20.916'),
('33331509-aaaa-4aaa-8aaa-bbbb1509tr01','bbbb1509-2222-4222-8222-bbbbbbbb1509',NULL,5,'Temiz su prosesinde performansı çok iyi; kule verimi yükseldi.',1,'Tesis Operasyon','2026-01-02 03:32:20.932','2026-01-02 03:32:20.932','2026-01-02 03:32:20.932'),
('33331509-aaaa-4aaa-8aaa-bbbb1509tr02','bbbb1509-2222-4222-8222-bbbbbbbb1509',NULL,4,'CF seçenekleriyle ihtiyaca göre doğru dolgu seçimi yapılabiliyor.',1,'Bakım Ekibi','2026-01-02 03:32:20.932','2026-01-02 03:32:20.932','2026-01-02 03:32:20.932'),
('33331509-bbbb-4bbb-8bbb-bbbb1509en01','bbbb1509-2222-4222-8222-bbbbbbbb1509',NULL,5,'Excellent thermal performance in clean-water duty; noticeable efficiency gain.',1,'Operations','2026-01-02 03:32:20.939','2026-01-02 03:32:20.939','2026-01-02 03:32:20.939'),
('33331509-bbbb-4bbb-8bbb-bbbb1509en02','bbbb1509-2222-4222-8222-bbbbbbbb1509',NULL,4,'Multiple CF options make it easy to match site conditions.',1,'Maintenance','2026-01-02 03:32:20.939','2026-01-02 03:32:20.939','2026-01-02 03:32:20.939'),
('33331509-cccc-4ccc-8ccc-bbbb1509de01','bbbb1509-2222-4222-8222-bbbbbbbb1509',NULL,5,'Sehr gute Leistung bei sauberem Wasser; die Kühlleistung ist gestiegen.',1,'Betrieb','2026-01-02 03:32:20.953','2026-01-02 03:32:20.953','2026-01-02 03:32:20.953'),
('33331509-cccc-4ccc-8ccc-bbbb1509de02','bbbb1509-2222-4222-8222-bbbbbbbb1509',NULL,4,'Die CF-Varianten helfen, die passende Ausführung schnell zu wählen.',1,'Instandhaltung','2026-01-02 03:32:20.953','2026-01-02 03:32:20.953','2026-01-02 03:32:20.953'),
('33331510-aaaa-4aaa-8aaa-bbbb1510tr01','bbbb1510-2222-4222-8222-bbbbbbbb1510',NULL,5,'Kirli su prosesinde tıkanma problemi azaldı, temizlik sonrası tekrar kullandık.',1,'Bakım Ekibi','2026-01-02 03:32:20.975','2026-01-02 03:32:20.975','2026-01-02 03:32:20.975'),
('33331510-aaaa-4aaa-8aaa-bbbb1510tr02','bbbb1510-2222-4222-8222-bbbbbbbb1510',NULL,4,'Tozlu ortamda dayanımı iyi; değişim aralığı uzadı.',1,'Tesis Operasyon','2026-01-02 03:32:20.975','2026-01-02 03:32:20.975','2026-01-02 03:32:20.975'),
('33331510-bbbb-4bbb-8bbb-bbbb1510en01','bbbb1510-2222-4222-8222-bbbbbbbb1510',NULL,5,'Less clogging in dirty-water service; we cleaned and reused the fill successfully.',1,'Maintenance','2026-01-02 03:32:20.983','2026-01-02 03:32:20.983','2026-01-02 03:32:20.983'),
('33331510-bbbb-4bbb-8bbb-bbbb1510en02','bbbb1510-2222-4222-8222-bbbbbbbb1510',NULL,4,'Durable in dusty areas and extended replacement interval.',1,'Operations','2026-01-02 03:32:20.983','2026-01-02 03:32:20.983','2026-01-02 03:32:20.983'),
('33331510-cccc-4ccc-8ccc-bbbb1510de01','bbbb1510-2222-4222-8222-bbbbbbbb1510',NULL,5,'Weniger Verstopfung bei schmutzigem Wasser; nach Reinigung erneut eingesetzt.',1,'Instandhaltung','2026-01-02 03:32:20.986','2026-01-02 03:32:20.986','2026-01-02 03:32:20.986'),
('33331510-cccc-4ccc-8ccc-bbbb1510de02','bbbb1510-2222-4222-8222-bbbbbbbb1510',NULL,4,'Robust in staubiger Umgebung und lange Standzeit.',1,'Betrieb','2026-01-02 03:32:20.986','2026-01-02 03:32:20.986','2026-01-02 03:32:20.986'),
('33331511-aaaa-4aaa-8aaa-bbbb1511tr01','bbbb1511-2222-4222-8222-bbbbbbbb1511',NULL,5,'Kirli su hattında tıkanma azaldı; bakım daha rahat.',1,'Bakım Ekibi','2026-01-02 03:32:20.998','2026-01-02 03:32:20.998','2026-01-02 03:32:20.998'),
('33331511-aaaa-4aaa-8aaa-bbbb1511tr02','bbbb1511-2222-4222-8222-bbbbbbbb1511',NULL,4,'Haddehane prosesinde uzun süre stabil çalıştı.',1,'Operasyon','2026-01-02 03:32:20.998','2026-01-02 03:32:20.998','2026-01-02 03:32:20.998'),
('33331511-bbbb-4bbb-8bbb-bbbb1511en01','bbbb1511-2222-4222-8222-bbbbbbbb1511',NULL,5,'Reduced clogging in dirty-water duty and maintenance became easier.',1,'Maintenance','2026-01-02 03:32:21.002','2026-01-02 03:32:21.002','2026-01-02 03:32:21.002'),
('33331511-bbbb-4bbb-8bbb-bbbb1511en02','bbbb1511-2222-4222-8222-bbbbbbbb1511',NULL,4,'Stable operation in rolling-mill process water.',1,'Operations','2026-01-02 03:32:21.002','2026-01-02 03:32:21.002','2026-01-02 03:32:21.002'),
('33331511-cccc-4ccc-8ccc-bbbb1511de01','bbbb1511-2222-4222-8222-bbbbbbbb1511',NULL,5,'Bei schmutzigem Wasser deutlich weniger Verstopfung, Wartung einfacher.',1,'Instandhaltung','2026-01-02 03:32:21.008','2026-01-02 03:32:21.008','2026-01-02 03:32:21.008'),
('33331511-cccc-4ccc-8ccc-bbbb1511de02','bbbb1511-2222-4222-8222-bbbbbbbb1511',NULL,4,'Im Walzwerk-Prozesswasser stabil und zuverlässig.',1,'Betrieb','2026-01-02 03:32:21.008','2026-01-02 03:32:21.008','2026-01-02 03:32:21.008'),
('33331512-aaaa-4aaa-8aaa-bbbb1512tr01','bbbb1512-2222-4222-8222-bbbbbbbb1512',NULL,5,'Scrubber hattında koku gideriminde belirgin iyileşme sağladı.',1,'Proses Ekibi','2026-01-02 03:32:21.019','2026-01-02 03:32:21.019','2026-01-02 03:32:21.019'),
('33331512-aaaa-4aaa-8aaa-bbbb1512tr02','bbbb1512-2222-4222-8222-bbbbbbbb1512',NULL,4,'Dolgu olarak tıkanma sorunu yaşatmadan çalışıyor.',1,'Bakım Ekibi','2026-01-02 03:32:21.019','2026-01-02 03:32:21.019','2026-01-02 03:32:21.019'),
('33331512-bbbb-4bbb-8bbb-bbbb1512en01','bbbb1512-2222-4222-8222-bbbbbbbb1512',NULL,5,'Noticeable improvement in odor control performance in the scrubber line.',1,'Process Team','2026-01-02 03:32:21.025','2026-01-02 03:32:21.025','2026-01-02 03:32:21.025'),
('33331512-bbbb-4bbb-8bbb-bbbb1512en02','bbbb1512-2222-4222-8222-bbbbbbbb1512',NULL,4,'Works well as fill media without frequent clogging.',1,'Maintenance','2026-01-02 03:32:21.025','2026-01-02 03:32:21.025','2026-01-02 03:32:21.025'),
('33331512-cccc-4ccc-8ccc-bbbb1512de01','bbbb1512-2222-4222-8222-bbbbbbbb1512',NULL,5,'Im Scrubber deutlich bessere Leistung bei Geruchsreduktion.',1,'Prozessteam','2026-01-02 03:32:21.042','2026-01-02 03:32:21.042','2026-01-02 03:32:21.042'),
('33331512-cccc-4ccc-8ccc-bbbb1512de02','bbbb1512-2222-4222-8222-bbbbbbbb1512',NULL,4,'Als Füllkörper robust, wenig Verstopfung im Betrieb.',1,'Instandhaltung','2026-01-02 03:32:21.042','2026-01-02 03:32:21.042','2026-01-02 03:32:21.042'),
('33331513-aaaa-4aaa-8aaa-bbbb1513tr01','bbbb1513-2222-4222-8222-bbbbbbbb1513',NULL,5,'Su sıçrama kaybını belirgin azalttı, çevre daha kuru kaldı.',1,'Saha Ekibi','2026-01-02 03:32:21.054','2026-01-02 03:32:21.054','2026-01-02 03:32:21.054'),
('33331513-aaaa-4aaa-8aaa-bbbb1513tr02','bbbb1513-2222-4222-8222-bbbbbbbb1513',NULL,4,'Hava akışını düzenleyip dolgu performansını iyileştirdi.',1,'Operasyon','2026-01-02 03:32:21.054','2026-01-02 03:32:21.054','2026-01-02 03:32:21.054'),
('33331513-bbbb-4bbb-8bbb-bbbb1513en01','bbbb1513-2222-4222-8222-bbbbbbbb1513',NULL,5,'Reduced splash losses and improved airflow distribution noticeably.',1,'Site Team','2026-01-02 03:32:21.061','2026-01-02 03:32:21.061','2026-01-02 03:32:21.061'),
('33331513-bbbb-4bbb-8bbb-bbbb1513en02','bbbb1513-2222-4222-8222-bbbbbbbb1513',NULL,4,'Good fit and sturdiness; helps keep the basin area cleaner.',1,'Operations','2026-01-02 03:32:21.061','2026-01-02 03:32:21.061','2026-01-02 03:32:21.061'),
('33331513-cccc-4ccc-8ccc-bbbb1513de01','bbbb1513-2222-4222-8222-bbbbbbbb1513',NULL,5,'Spritzwasser deutlich reduziert und die Luftverteilung verbessert.',1,'Außendienst','2026-01-02 03:32:21.066','2026-01-02 03:32:21.066','2026-01-02 03:32:21.066'),
('33331513-cccc-4ccc-8ccc-bbbb1513de02','bbbb1513-2222-4222-8222-bbbbbbbb1513',NULL,4,'Stabil und passgenau, hilft den Bereich sauberer zu halten.',1,'Betrieb','2026-01-02 03:32:21.066','2026-01-02 03:32:21.066','2026-01-02 03:32:21.066'),
('77770002-aaaa-4aaa-8aaa-bbbb0002tr01','bbbb0002-2222-4222-8222-bbbbbbbb0002',NULL,5,'Tek hücreli seri içinde kapasite skalası çok geniş; seçim kolaylaştı.',1,'Proje Ekibi','2026-01-02 03:32:20.607','2026-01-02 03:32:20.607','2026-01-02 03:32:20.607'),
('77770002-aaaa-4aaa-8aaa-bbbb0002tr02','bbbb0002-2222-4222-8222-bbbbbbbb0002',NULL,4,'Tablo verileriyle hızlı ön boyutlandırma yapabildik.',1,'Saha Operasyon','2026-01-02 03:32:20.607','2026-01-02 03:32:20.607','2026-01-02 03:32:20.607'),
('77770002-bbbb-4bbb-8bbb-bbbb0002en01','bbbb0002-2222-4222-8222-bbbbbbbb0002',NULL,5,'Very broad model range; sizing became straightforward.',1,'Project Team','2026-01-02 03:32:20.616','2026-01-02 03:32:20.616','2026-01-02 03:32:20.616'),
('77770002-bbbb-4bbb-8bbb-bbbb0002en02','bbbb0002-2222-4222-8222-bbbbbbbb0002',NULL,4,'Catalog table is practical for quick pre-sizing.',1,'Operations','2026-01-02 03:32:20.616','2026-01-02 03:32:20.616','2026-01-02 03:32:20.616'),
('77770002-cccc-4ccc-8ccc-bbbb0002de01','bbbb0002-2222-4222-8222-bbbbbbbb0002',NULL,5,'Sehr große Modellbandbreite – schnelle Vor-Auslegung möglich.',1,'Planung','2026-01-02 03:32:20.622','2026-01-02 03:32:20.622','2026-01-02 03:32:20.622'),
('77770002-cccc-4ccc-8ccc-bbbb0002de02','bbbb0002-2222-4222-8222-bbbbbbbb0002',NULL,4,'Tabellenwerte sind für die Projektierung sehr hilfreich.',1,'Betrieb','2026-01-02 03:32:20.622','2026-01-02 03:32:20.622','2026-01-02 03:32:20.622'),
('77770003-aaaa-4aaa-8aaa-bbbb0003tr01','bbbb0003-2222-4222-8222-bbbbbbbb0003',NULL,5,'Çift hücreli yapı sayesinde yüksek debide stabil performans aldık.',1,'Proje Mühendisliği','2026-01-02 03:32:20.638','2026-01-02 03:32:20.638','2026-01-02 03:32:20.638'),
('77770003-aaaa-4aaa-8aaa-bbbb0003tr02','bbbb0003-2222-4222-8222-bbbbbbbb0003',NULL,4,'Katalog tablosu seçimde çok iş gördü; yerleşim planı netleşti.',1,'Saha Ekibi','2026-01-02 03:32:20.638','2026-01-02 03:32:20.638','2026-01-02 03:32:20.638'),
('77770003-bbbb-4bbb-8bbb-bbbb0003en01','bbbb0003-2222-4222-8222-bbbbbbbb0003',NULL,5,'Stable performance at high flow rates thanks to the dual-cell design.',1,'Engineering','2026-01-02 03:32:20.643','2026-01-02 03:32:20.643','2026-01-02 03:32:20.643'),
('77770003-bbbb-4bbb-8bbb-bbbb0003en02','bbbb0003-2222-4222-8222-bbbbbbbb0003',NULL,4,'The catalog table made pre-sizing and layout planning straightforward.',1,'Operations','2026-01-02 03:32:20.643','2026-01-02 03:32:20.643','2026-01-02 03:32:20.643'),
('77770003-cccc-4ccc-8ccc-bbbb0003de01','bbbb0003-2222-4222-8222-bbbbbbbb0003',NULL,5,'Sehr stabil bei hohen Volumenströmen – die Doppelzelle zahlt sich aus.',1,'Planung','2026-01-02 03:32:20.648','2026-01-02 03:32:20.648','2026-01-02 03:32:20.648'),
('77770003-cccc-4ccc-8ccc-bbbb0003de02','bbbb0003-2222-4222-8222-bbbbbbbb0003',NULL,4,'Tabellenwerte sind sehr hilfreich für Vor-Auslegung und Layout.',1,'Betrieb','2026-01-02 03:32:20.648','2026-01-02 03:32:20.648','2026-01-02 03:32:20.648'),
('77770004-aaaa-4aaa-8aaa-bbbb0004tr01','bbbb0004-2222-4222-8222-bbbbbbbb0004',NULL,5,'Çok yüksek debide bile kararlı; üç hücreli yapı işimizi çözdü.',1,'Endüstri Tesisi','2026-01-02 03:32:20.661','2026-01-02 03:32:20.661','2026-01-02 03:32:20.661'),
('77770004-aaaa-4aaa-8aaa-bbbb0004tr02','bbbb0004-2222-4222-8222-bbbbbbbb0004',NULL,4,'Büyük model seçenekleri sayesinde doğru kapasiteye hızlı ulaştık.',1,'Proje Ekibi','2026-01-02 03:32:20.661','2026-01-02 03:32:20.661','2026-01-02 03:32:20.661'),
('77770004-bbbb-4bbb-8bbb-bbbb0004en01','bbbb0004-2222-4222-8222-bbbbbbbb0004',NULL,5,'Stable even at very high flow rates; the triple-cell layout delivered.',1,'Industrial Plant','2026-01-02 03:32:20.667','2026-01-02 03:32:20.667','2026-01-02 03:32:20.667'),
('77770004-bbbb-4bbb-8bbb-bbbb0004en02','bbbb0004-2222-4222-8222-bbbbbbbb0004',NULL,4,'Model range made it easy to match our capacity requirements.',1,'Project Team','2026-01-02 03:32:20.667','2026-01-02 03:32:20.667','2026-01-02 03:32:20.667'),
('77770004-cccc-4ccc-8ccc-bbbb0004de01','bbbb0004-2222-4222-8222-bbbbbbbb0004',NULL,5,'Auch bei sehr hohen Volumenströmen stabil – Dreifachzelle passt.',1,'Industriebetrieb','2026-01-02 03:32:20.671','2026-01-02 03:32:20.671','2026-01-02 03:32:20.671'),
('77770004-cccc-4ccc-8ccc-bbbb0004de02','bbbb0004-2222-4222-8222-bbbbbbbb0004',NULL,4,'Große Modellauswahl erleichtert die richtige Dimensionierung.',1,'Planung','2026-01-02 03:32:20.671','2026-01-02 03:32:20.671','2026-01-02 03:32:20.671');
/*!40000 ALTER TABLE `product_reviews` ENABLE KEYS */;
UNLOCK TABLES;

--
-- Table structure for table `product_specs`
--

DROP TABLE IF EXISTS `product_specs`;
/*!40101 SET @saved_cs_client     = @@character_set_client */;
/*!40101 SET character_set_client = utf8mb4 */;
CREATE TABLE `product_specs` (
  `id` char(36) NOT NULL,
  `product_id` char(36) NOT NULL,
  `locale` varchar(8) NOT NULL DEFAULT 'de',
  `name` varchar(255) NOT NULL,
  `value` text NOT NULL,
  `category` enum('physical','material','service','custom') NOT NULL DEFAULT 'custom',
  `order_num` int(11) NOT NULL DEFAULT 0,
  `created_at` datetime(3) NOT NULL DEFAULT current_timestamp(3),
  `updated_at` datetime(3) NOT NULL DEFAULT current_timestamp(3) ON UPDATE current_timestamp(3),
  PRIMARY KEY (`id`),
  KEY `product_specs_product_id_idx` (`product_id`),
  KEY `product_specs_product_locale_idx` (`product_id`,`locale`),
  KEY `product_specs_locale_idx` (`locale`),
  CONSTRAINT `fk_product_specs_product` FOREIGN KEY (`product_id`) REFERENCES `products` (`id`) ON DELETE CASCADE ON UPDATE CASCADE
) ENGINE=InnoDB DEFAULT CHARSET=utf8mb4 COLLATE=utf8mb4_unicode_ci;
/*!40101 SET character_set_client = @saved_cs_client */;

--
-- Dumping data for table `product_specs`
--

LOCK TABLES `product_specs` WRITE;
/*!40000 ALTER TABLE `product_specs` DISABLE KEYS */;
INSERT INTO `product_specs` VALUES
('11110001-aaaa-4aaa-8aaa-bbbb0001tr01','bbbb0001-2222-4222-8222-bbbbbbbb0001','tr','Seri / Model Ailesi','CC CTP (tek fan) ve CC DCTP (çift fan)','custom',10,'2026-01-02 03:32:20.539','2026-01-02 03:32:20.539'),
('11110001-aaaa-4aaa-8aaa-bbbb0001tr02','bbbb0001-2222-4222-8222-bbbbbbbb0001','tr','Fan Çapı (Ø)','930 / 1100 / 1250 / 1500 (çift fanlı modeller dahil)','physical',20,'2026-01-02 03:32:20.539','2026-01-02 03:32:20.539'),
('11110001-aaaa-4aaa-8aaa-bbbb0001tr03','bbbb0001-2222-4222-8222-bbbbbbbb0001','tr','Fan Motoru','3 kW’dan 2×5,5 kW’a kadar (modele göre)','physical',30,'2026-01-02 03:32:20.539','2026-01-02 03:32:20.539'),
('11110001-aaaa-4aaa-8aaa-bbbb0001tr04','bbbb0001-2222-4222-8222-bbbbbbbb0001','tr','Sprey Pompası','1,1 kW – 5,5 kW (modele göre)','physical',40,'2026-01-02 03:32:20.539','2026-01-02 03:32:20.539'),
('11110001-aaaa-4aaa-8aaa-bbbb0001tr05','bbbb0001-2222-4222-8222-bbbbbbbb0001','tr','Örnek Ağırlıklar','CC CTP-3C/3: 1400 kg boş, 2300 kg çalışır; CC DCTP-6C/6: 9645 kg boş, 15650 kg çalışır','physical',50,'2026-01-02 03:32:20.539','2026-01-02 03:32:20.539'),
('11110001-bbbb-4bbb-8bbb-bbbb0001en01','bbbb0001-2222-4222-8222-bbbbbbbb0001','en','Series / Model Family','CC CTP (single fan) and CC DCTP (double fan)','custom',10,'2026-01-02 03:32:20.581','2026-01-02 03:32:20.581'),
('11110001-bbbb-4bbb-8bbb-bbbb0001en02','bbbb0001-2222-4222-8222-bbbbbbbb0001','en','Fan Diameter (Ø)','930 / 1100 / 1250 / 1500 (incl. double-fan models)','physical',20,'2026-01-02 03:32:20.581','2026-01-02 03:32:20.581'),
('11110001-bbbb-4bbb-8bbb-bbbb0001en03','bbbb0001-2222-4222-8222-bbbbbbbb0001','en','Fan Motors','From 3 kW up to 2×5.5 kW (depending on model)','physical',30,'2026-01-02 03:32:20.581','2026-01-02 03:32:20.581'),
('11110001-bbbb-4bbb-8bbb-bbbb0001en04','bbbb0001-2222-4222-8222-bbbbbbbb0001','en','Spray Pump','1.1 kW – 5.5 kW (depending on model)','physical',40,'2026-01-02 03:32:20.581','2026-01-02 03:32:20.581'),
('11110001-bbbb-4bbb-8bbb-bbbb0001en05','bbbb0001-2222-4222-8222-bbbbbbbb0001','en','Sample Weights','CC CTP-3C/3: 1400 kg empty, 2300 kg operating; CC DCTP-6C/6: 9645 kg empty, 15650 kg operating','physical',50,'2026-01-02 03:32:20.581','2026-01-02 03:32:20.581'),
('11110001-cccc-4ccc-8ccc-bbbb0001de01','bbbb0001-2222-4222-8222-bbbbbbbb0001','de','Serie / Modellfamilie','CC CTP (Einzellüfter) und CC DCTP (Doppellüfter)','custom',10,'2026-01-02 03:32:20.592','2026-01-02 03:32:20.592'),
('11110001-cccc-4ccc-8ccc-bbbb0001de02','bbbb0001-2222-4222-8222-bbbbbbbb0001','de','Ventilator-Durchmesser (Ø)','930 / 1100 / 1250 / 1500 (inkl. Doppellüfter-Modelle)','physical',20,'2026-01-02 03:32:20.592','2026-01-02 03:32:20.592'),
('11110001-cccc-4ccc-8ccc-bbbb0001de03','bbbb0001-2222-4222-8222-bbbbbbbb0001','de','Ventilatormotor(en)','von 3 kW bis 2×5,5 kW (modellabhängig)','physical',30,'2026-01-02 03:32:20.592','2026-01-02 03:32:20.592'),
('11110001-cccc-4ccc-8ccc-bbbb0001de04','bbbb0001-2222-4222-8222-bbbbbbbb0001','de','Sprühpumpe','1,1 kW – 5,5 kW (modellabhängig)','physical',40,'2026-01-02 03:32:20.592','2026-01-02 03:32:20.592'),
('11110001-cccc-4ccc-8ccc-bbbb0001de05','bbbb0001-2222-4222-8222-bbbbbbbb0001','de','Beispielgewichte','CC CTP-3C/3: 1400 kg leer, 2300 kg Betrieb; CC DCTP-6C/6: 9645 kg leer, 15650 kg Betrieb','physical',50,'2026-01-02 03:32:20.592','2026-01-02 03:32:20.592'),
('11111501-aaaa-4aaa-8aaa-bbbb1501tr01','bbbb1501-2222-4222-8222-bbbbbbbb1501','tr','Kullanım Yeri','Kule çatı bölümü; fan ve fan bacası ile birlikte grup','custom',10,'2026-01-02 03:32:20.680','2026-01-02 03:32:20.680'),
('11111501-aaaa-4aaa-8aaa-bbbb1501tr02','bbbb1501-2222-4222-8222-bbbbbbbb1501','tr','Fan Çapı Notu','Ø ≤ 1600 mm: yalnız motor; büyük modeller: motor + redüktör','physical',20,'2026-01-02 03:32:20.680','2026-01-02 03:32:20.680'),
('11111501-aaaa-4aaa-8aaa-bbbb1501tr03','bbbb1501-2222-4222-8222-bbbbbbbb1501','tr','Çevre Hızı','52–60 m/s','physical',30,'2026-01-02 03:32:20.680','2026-01-02 03:32:20.680'),
('11111501-aaaa-4aaa-8aaa-bbbb1501tr04','bbbb1501-2222-4222-8222-bbbbbbbb1501','tr','Montaj','V1 konumu, düşey flanşlı tip','physical',40,'2026-01-02 03:32:20.680','2026-01-02 03:32:20.680'),
('11111501-aaaa-4aaa-8aaa-bbbb1501tr05','bbbb1501-2222-4222-8222-bbbbbbbb1501','tr','Koruma / İzolasyon','IP56, F sınıfı izolasyon','material',50,'2026-01-02 03:32:20.680','2026-01-02 03:32:20.680'),
('11111501-bbbb-4bbb-8bbb-bbbb1501en01','bbbb1501-2222-4222-8222-bbbbbbbb1501','en','Location','Tower deck; operates with fan and fan stack as a group','custom',10,'2026-01-02 03:32:20.695','2026-01-02 03:32:20.695'),
('11111501-bbbb-4bbb-8bbb-bbbb1501en02','bbbb1501-2222-4222-8222-bbbbbbbb1501','en','Fan Diameter Note','Ø ≤ 1600 mm: motor only; larger units: motor + reducer','physical',20,'2026-01-02 03:32:20.695','2026-01-02 03:32:20.695'),
('11111501-bbbb-4bbb-8bbb-bbbb1501en03','bbbb1501-2222-4222-8222-bbbbbbbb1501','en','Peripheral Speed','52–60 m/s','physical',30,'2026-01-02 03:32:20.695','2026-01-02 03:32:20.695'),
('11111501-bbbb-4bbb-8bbb-bbbb1501en04','bbbb1501-2222-4222-8222-bbbbbbbb1501','en','Mounting','V1 position, vertical flange type','physical',40,'2026-01-02 03:32:20.695','2026-01-02 03:32:20.695'),
('11111501-bbbb-4bbb-8bbb-bbbb1501en05','bbbb1501-2222-4222-8222-bbbbbbbb1501','en','Protection / Insulation','IP56, Class F insulation','material',50,'2026-01-02 03:32:20.695','2026-01-02 03:32:20.695'),
('11111501-cccc-4ccc-8ccc-bbbb1501de01','bbbb1501-2222-4222-8222-bbbbbbbb1501','de','Einbauort','Deckteil; arbeitet mit Lüfter und Lüfterstapel als Gruppe','custom',10,'2026-01-02 03:32:20.714','2026-01-02 03:32:20.714'),
('11111501-cccc-4ccc-8ccc-bbbb1501de02','bbbb1501-2222-4222-8222-bbbbbbbb1501','de','Hinweis Ventilatordurchmesser','Ø ≤ 1600 mm: nur Motor; größer: Motor + Getriebe','physical',20,'2026-01-02 03:32:20.714','2026-01-02 03:32:20.714'),
('11111501-cccc-4ccc-8ccc-bbbb1501de03','bbbb1501-2222-4222-8222-bbbbbbbb1501','de','Umfangsgeschwindigkeit','52–60 m/s','physical',30,'2026-01-02 03:32:20.714','2026-01-02 03:32:20.714'),
('11111501-cccc-4ccc-8ccc-bbbb1501de04','bbbb1501-2222-4222-8222-bbbbbbbb1501','de','Montage','V1, vertikale Flanschausführung','physical',40,'2026-01-02 03:32:20.714','2026-01-02 03:32:20.714'),
('11111501-cccc-4ccc-8ccc-bbbb1501de05','bbbb1501-2222-4222-8222-bbbbbbbb1501','de','Schutz / Isolation','IP56, Isolationsklasse F','material',50,'2026-01-02 03:32:20.714','2026-01-02 03:32:20.714'),
('11111502-aaaa-4aaa-8aaa-bbbb1502tr01','bbbb1502-2222-4222-8222-bbbbbbbb1502','tr','Konum','Redüktörlü kulelerde fan bacasının hemen yanında','custom',10,'2026-01-02 03:32:20.722','2026-01-02 03:32:20.722'),
('11111502-aaaa-4aaa-8aaa-bbbb1502tr02','bbbb1502-2222-4222-8222-bbbbbbbb1502','tr','Görev','Anormal titreşimi algılar; elektrik motorunu devreden çıkarır','physical',20,'2026-01-02 03:32:20.722','2026-01-02 03:32:20.722'),
('11111502-aaaa-4aaa-8aaa-bbbb1502tr03','bbbb1502-2222-4222-8222-bbbbbbbb1502','tr','Gövde','Alüminyum','material',30,'2026-01-02 03:32:20.722','2026-01-02 03:32:20.722'),
('11111502-aaaa-4aaa-8aaa-bbbb1502tr04','bbbb1502-2222-4222-8222-bbbbbbbb1502','tr','Kontak Tipleri','Siviç kontaklı / Cıva kontaklı / Manyetik kontaklı','custom',40,'2026-01-02 03:32:20.722','2026-01-02 03:32:20.722'),
('11111502-aaaa-4aaa-8aaa-bbbb1502tr05','bbbb1502-2222-4222-8222-bbbbbbbb1502','tr','Kullanım','Fan grubu koruması (plaka kırılması, anormal çalışma vb.)','custom',50,'2026-01-02 03:32:20.722','2026-01-02 03:32:20.722'),
('11111502-bbbb-4bbb-8bbb-bbbb1502en01','bbbb1502-2222-4222-8222-bbbbbbbb1502','en','Location','Near the fan stack (gear-driven towers)','custom',10,'2026-01-02 03:32:20.727','2026-01-02 03:32:20.727'),
('11111502-bbbb-4bbb-8bbb-bbbb1502en02','bbbb1502-2222-4222-8222-bbbbbbbb1502','en','Function','Detects abnormal vibration; switches the motor off','physical',20,'2026-01-02 03:32:20.727','2026-01-02 03:32:20.727'),
('11111502-bbbb-4bbb-8bbb-bbbb1502en03','bbbb1502-2222-4222-8222-bbbbbbbb1502','en','Housing','Aluminum','material',30,'2026-01-02 03:32:20.727','2026-01-02 03:32:20.727'),
('11111502-bbbb-4bbb-8bbb-bbbb1502en04','bbbb1502-2222-4222-8222-bbbbbbbb1502','en','Contact Types','Switch contact / Mercury contact / Magnetic contact','custom',40,'2026-01-02 03:32:20.727','2026-01-02 03:32:20.727'),
('11111502-bbbb-4bbb-8bbb-bbbb1502en05','bbbb1502-2222-4222-8222-bbbbbbbb1502','en','Use Case','Fan group protection (abnormal operation, failures, etc.)','custom',50,'2026-01-02 03:32:20.727','2026-01-02 03:32:20.727'),
('11111502-cccc-4ccc-8ccc-bbbb1502de01','bbbb1502-2222-4222-8222-bbbbbbbb1502','de','Einbauort','Am Deckteil, nahe dem Lüfterstapel','custom',10,'2026-01-02 03:32:20.732','2026-01-02 03:32:20.732'),
('11111502-cccc-4ccc-8ccc-bbbb1502de02','bbbb1502-2222-4222-8222-bbbbbbbb1502','de','Funktion','Erkennt anormale Vibration und schaltet den Elektromotor ab','physical',20,'2026-01-02 03:32:20.732','2026-01-02 03:32:20.732'),
('11111502-cccc-4ccc-8ccc-bbbb1502de03','bbbb1502-2222-4222-8222-bbbbbbbb1502','de','Gehäuse','Aluminium','material',30,'2026-01-02 03:32:20.732','2026-01-02 03:32:20.732'),
('11111502-cccc-4ccc-8ccc-bbbb1502de04','bbbb1502-2222-4222-8222-bbbbbbbb1502','de','Kontakt-Typen','Schaltkontakt / Quecksilberkontakt / Magnetkontakt','custom',40,'2026-01-02 03:32:20.732','2026-01-02 03:32:20.732'),
('11111502-cccc-4ccc-8ccc-bbbb1502de05','bbbb1502-2222-4222-8222-bbbbbbbb1502','de','Einsatz','Schutz der Lüftergruppe bei abnormalem Betrieb','custom',50,'2026-01-02 03:32:20.732','2026-01-02 03:32:20.732'),
('11111503-aaaa-4aaa-8aaa-bbbb1503tr01','bbbb1503-2222-4222-8222-bbbbbbbb1503','tr','Konum','Kule üstü fan şaftı / fan bacası bölgesi','custom',10,'2026-01-02 03:32:20.741','2026-01-02 03:32:20.741'),
('11111503-aaaa-4aaa-8aaa-bbbb1503tr02','bbbb1503-2222-4222-8222-bbbbbbbb1503','tr','Görev','Havayı kule boyunca hareket ettirir; buharlaşma ile soğutmayı destekler','physical',20,'2026-01-02 03:32:20.741','2026-01-02 03:32:20.741'),
('11111503-aaaa-4aaa-8aaa-bbbb1503tr03','bbbb1503-2222-4222-8222-bbbbbbbb1503','tr','Kanat Malzemeleri','Cam elyaf takviyeli PP / CTP (FRP) / Alüminyum pultruzyon profil / PP','material',30,'2026-01-02 03:32:20.741','2026-01-02 03:32:20.741'),
('11111503-aaaa-4aaa-8aaa-bbbb1503tr04','bbbb1503-2222-4222-8222-bbbbbbbb1503','tr','Bağlantı Tablası','Alüminyum pultruzyon profil veya kataforez kaplı karbon çelik','material',40,'2026-01-02 03:32:20.741','2026-01-02 03:32:20.741'),
('11111503-aaaa-4aaa-8aaa-bbbb1503tr05','bbbb1503-2222-4222-8222-bbbbbbbb1503','tr','Uygulama','Farklı soğutma kulesi tipleri ve fan çapları için opsiyonlanabilir','custom',50,'2026-01-02 03:32:20.741','2026-01-02 03:32:20.741'),
('11111503-bbbb-4bbb-8bbb-bbbb1503en01','bbbb1503-2222-4222-8222-bbbbbbbb1503','en','Location','Top fan shaft / fan stack area','custom',10,'2026-01-02 03:32:20.748','2026-01-02 03:32:20.748'),
('11111503-bbbb-4bbb-8bbb-bbbb1503en02','bbbb1503-2222-4222-8222-bbbbbbbb1503','en','Function','Drives airflow through the tower for evaporative cooling','physical',20,'2026-01-02 03:32:20.748','2026-01-02 03:32:20.748'),
('11111503-bbbb-4bbb-8bbb-bbbb1503en03','bbbb1503-2222-4222-8222-bbbbbbbb1503','en','Blade Materials','Glass fiber reinforced PP / FRP (CTP) / Aluminum pultrusion / PP','material',30,'2026-01-02 03:32:20.748','2026-01-02 03:32:20.748'),
('11111503-bbbb-4bbb-8bbb-bbbb1503en04','bbbb1503-2222-4222-8222-bbbbbbbb1503','en','Connection Plate','Aluminum pultrusion or cataphoresis-coated carbon steel','material',40,'2026-01-02 03:32:20.748','2026-01-02 03:32:20.748'),
('11111503-bbbb-4bbb-8bbb-bbbb1503en05','bbbb1503-2222-4222-8222-bbbbbbbb1503','en','Selection','Depends on tower type, fan diameter and airflow requirement','custom',50,'2026-01-02 03:32:20.748','2026-01-02 03:32:20.748'),
('11111503-cccc-4ccc-8ccc-bbbb1503de01','bbbb1503-2222-4222-8222-bbbbbbbb1503','de','Einbauort','Lüfterschacht oben am Turm / Bereich Lüfterkamin','custom',10,'2026-01-02 03:32:20.755','2026-01-02 03:32:20.755'),
('11111503-cccc-4ccc-8ccc-bbbb1503de02','bbbb1503-2222-4222-8222-bbbbbbbb1503','de','Funktion','Führt Luft durch den Turm und unterstützt die Verdunstungskühlung','physical',20,'2026-01-02 03:32:20.755','2026-01-02 03:32:20.755'),
('11111503-cccc-4ccc-8ccc-bbbb1503de03','bbbb1503-2222-4222-8222-bbbbbbbb1503','de','Flügelmaterial','Glasfaserverstärktes PP / FRP (CTP) / Aluminium-Pultrusionsprofil / PP','material',30,'2026-01-02 03:32:20.755','2026-01-02 03:32:20.755'),
('11111503-cccc-4ccc-8ccc-bbbb1503de04','bbbb1503-2222-4222-8222-bbbbbbbb1503','de','Verbindungselemente','Aluminium-Pultrusionsprofil oder kataphoretisch beschichteter Kohlenstoffstahl','material',40,'2026-01-02 03:32:20.755','2026-01-02 03:32:20.755'),
('11111503-cccc-4ccc-8ccc-bbbb1503de05','bbbb1503-2222-4222-8222-bbbbbbbb1503','de','Auswahl','Abhängig von Turmtyp, Ventilatordurchmesser, Luftbedarf und Montageausführung','custom',50,'2026-01-02 03:32:20.755','2026-01-02 03:32:20.755'),
('11111504-aaaa-4aaa-8aaa-bbbb1504tr01','bbbb1504-2222-4222-8222-bbbbbbbb1504','tr','Konum','Kule gövdesi dış yüzeyi, yan duvar','custom',10,'2026-01-02 03:32:20.771','2026-01-02 03:32:20.771'),
('11111504-aaaa-4aaa-8aaa-bbbb1504tr02','bbbb1504-2222-4222-8222-bbbbbbbb1504','tr','Amaç','Gözlem ve bakım erişimi; su dağıtım sistemi kontrolü','custom',20,'2026-01-02 03:32:20.771','2026-01-02 03:32:20.771'),
('11111504-aaaa-4aaa-8aaa-bbbb1504tr03','bbbb1504-2222-4222-8222-bbbbbbbb1504','tr','Özellikler','Kolay aç/kapa; su sızdırmaz; korozyona dayanıklı','physical',30,'2026-01-02 03:32:20.771','2026-01-02 03:32:20.771'),
('11111504-aaaa-4aaa-8aaa-bbbb1504tr04','bbbb1504-2222-4222-8222-bbbbbbbb1504','tr','Malzeme Seçenekleri','Paslanmaz çelik / CTP (FRP)','material',40,'2026-01-02 03:32:20.771','2026-01-02 03:32:20.771'),
('11111504-aaaa-4aaa-8aaa-bbbb1504tr05','bbbb1504-2222-4222-8222-bbbbbbbb1504','tr','Ek Kullanım','Dolgu boşaltma/temizlik için alt kota yakın montaj seçeneği','custom',50,'2026-01-02 03:32:20.771','2026-01-02 03:32:20.771'),
('11111504-bbbb-4bbb-8bbb-bbbb1504en01','bbbb1504-2222-4222-8222-bbbbbbbb1504','en','Location','Outer tower casing, side wall','custom',10,'2026-01-02 03:32:20.791','2026-01-02 03:32:20.791'),
('11111504-bbbb-4bbb-8bbb-bbbb1504en02','bbbb1504-2222-4222-8222-bbbbbbbb1504','en','Purpose','Observation and maintenance access; water distribution inspection','custom',20,'2026-01-02 03:32:20.791','2026-01-02 03:32:20.791'),
('11111504-bbbb-4bbb-8bbb-bbbb1504en03','bbbb1504-2222-4222-8222-bbbbbbbb1504','en','Features','Easy open/close; water-tight; corrosion resistant','physical',30,'2026-01-02 03:32:20.791','2026-01-02 03:32:20.791'),
('11111504-bbbb-4bbb-8bbb-bbbb1504en04','bbbb1504-2222-4222-8222-bbbbbbbb1504','en','Material Options','Stainless steel / FRP (CTP)','material',40,'2026-01-02 03:32:20.791','2026-01-02 03:32:20.791'),
('11111504-bbbb-4bbb-8bbb-bbbb1504en05','bbbb1504-2222-4222-8222-bbbbbbbb1504','en','Additional Use','Optional mounting near lower fill level for draining/cleaning','custom',50,'2026-01-02 03:32:20.791','2026-01-02 03:32:20.791'),
('11111504-cccc-4ccc-8ccc-bbbb1504de01','bbbb1504-2222-4222-8222-bbbbbbbb1504','de','Einbauort','Außenseite des Turms, Seitenwand','custom',10,'2026-01-02 03:32:20.795','2026-01-02 03:32:20.795'),
('11111504-cccc-4ccc-8ccc-bbbb1504de02','bbbb1504-2222-4222-8222-bbbbbbbb1504','de','Zweck','Beobachtung und Wartungszugang; Kontrolle des Wasserverteilungssystems','custom',20,'2026-01-02 03:32:20.795','2026-01-02 03:32:20.795'),
('11111504-cccc-4ccc-8ccc-bbbb1504de03','bbbb1504-2222-4222-8222-bbbbbbbb1504','de','Eigenschaften','Leicht zu öffnen/schließen; wasserabdichtend; korrosionsbeständig','physical',30,'2026-01-02 03:32:20.795','2026-01-02 03:32:20.795'),
('11111504-cccc-4ccc-8ccc-bbbb1504de04','bbbb1504-2222-4222-8222-bbbbbbbb1504','de','Material','Edelstahl / FRP (CTP)','material',40,'2026-01-02 03:32:20.795','2026-01-02 03:32:20.795'),
('11111504-cccc-4ccc-8ccc-bbbb1504de05','bbbb1504-2222-4222-8222-bbbbbbbb1504','de','Zusatz','Optional nahe der unteren Füllhöhe für Entleerung/Reinigung','custom',50,'2026-01-02 03:32:20.795','2026-01-02 03:32:20.795'),
('11111505-aaaa-4aaa-8aaa-bbbb1505tr01','bbbb1505-2222-4222-8222-bbbbbbbb1505','tr','Konum','Damlalık (drift eliminator) ile dolgu arasında (kule içi)','custom',10,'2026-01-02 03:32:20.805','2026-01-02 03:32:20.805'),
('11111505-aaaa-4aaa-8aaa-bbbb1505tr02','bbbb1505-2222-4222-8222-bbbbbbbb1505','tr','Görev','Sıcak suyu dolgular üzerine eşit dağıtım','custom',20,'2026-01-02 03:32:20.805','2026-01-02 03:32:20.805'),
('11111505-aaaa-4aaa-8aaa-bbbb1505tr03','bbbb1505-2222-4222-8222-bbbbbbbb1505','tr','Sıcaklık Eşiği','55°C','physical',30,'2026-01-02 03:32:20.805','2026-01-02 03:32:20.805'),
('11111505-aaaa-4aaa-8aaa-bbbb1505tr04','bbbb1505-2222-4222-8222-bbbbbbbb1505','tr','Malzeme (≤55°C)','PVC (ana boru + by-pass)','material',40,'2026-01-02 03:32:20.805','2026-01-02 03:32:20.805'),
('11111505-aaaa-4aaa-8aaa-bbbb1505tr05','bbbb1505-2222-4222-8222-bbbbbbbb1505','tr','Malzeme (>55°C)','PP veya CTP (FRP)','material',50,'2026-01-02 03:32:20.805','2026-01-02 03:32:20.805'),
('11111505-bbbb-4bbb-8bbb-bbbb1505en01','bbbb1505-2222-4222-8222-bbbbbbbb1505','en','Location','Inside tower, between drift eliminator and fill','custom',10,'2026-01-02 03:32:20.812','2026-01-02 03:32:20.812'),
('11111505-bbbb-4bbb-8bbb-bbbb1505en02','bbbb1505-2222-4222-8222-bbbbbbbb1505','en','Function','Uniform distribution of hot water onto the fill media','custom',20,'2026-01-02 03:32:20.812','2026-01-02 03:32:20.812'),
('11111505-bbbb-4bbb-8bbb-bbbb1505en03','bbbb1505-2222-4222-8222-bbbbbbbb1505','en','Temperature Threshold','55°C','physical',30,'2026-01-02 03:32:20.812','2026-01-02 03:32:20.812'),
('11111505-bbbb-4bbb-8bbb-bbbb1505en04','bbbb1505-2222-4222-8222-bbbbbbbb1505','en','Material (≤55°C)','PVC (main pipe + bypass)','material',40,'2026-01-02 03:32:20.812','2026-01-02 03:32:20.812'),
('11111505-bbbb-4bbb-8bbb-bbbb1505en05','bbbb1505-2222-4222-8222-bbbbbbbb1505','en','Material (>55°C)','PP or FRP (CTP)','material',50,'2026-01-02 03:32:20.812','2026-01-02 03:32:20.812'),
('11111505-cccc-4ccc-8ccc-bbbb1505de01','bbbb1505-2222-4222-8222-bbbbbbbb1505','de','Einbauort','Im Turm zwischen Tropfenabscheider und Füllkörpern','custom',10,'2026-01-02 03:32:20.817','2026-01-02 03:32:20.817'),
('11111505-cccc-4ccc-8ccc-bbbb1505de02','bbbb1505-2222-4222-8222-bbbbbbbb1505','de','Funktion','Gleichmäßige Verteilung von heißem Wasser auf die Füllungen','custom',20,'2026-01-02 03:32:20.817','2026-01-02 03:32:20.817'),
('11111505-cccc-4ccc-8ccc-bbbb1505de03','bbbb1505-2222-4222-8222-bbbbbbbb1505','de','Temperaturschwelle','55°C','physical',30,'2026-01-02 03:32:20.817','2026-01-02 03:32:20.817'),
('11111505-cccc-4ccc-8ccc-bbbb1505de04','bbbb1505-2222-4222-8222-bbbbbbbb1505','de','Material (≤55°C)','PVC (Hauptrohr + Bypass)','material',40,'2026-01-02 03:32:20.817','2026-01-02 03:32:20.817'),
('11111505-cccc-4ccc-8ccc-bbbb1505de05','bbbb1505-2222-4222-8222-bbbbbbbb1505','de','Material (>55°C)','PP oder FRP (CTP)','material',50,'2026-01-02 03:32:20.817','2026-01-02 03:32:20.817'),
('11111506-aaaa-4aaa-8aaa-bbbb1506tr01','bbbb1506-2222-4222-8222-bbbbbbbb1506','tr','Malzeme','PP (Polipropilen)','material',10,'2026-01-02 03:32:20.829','2026-01-02 03:32:20.829'),
('11111506-aaaa-4aaa-8aaa-bbbb1506tr02','bbbb1506-2222-4222-8222-bbbbbbbb1506','tr','Tasarım','Kolay sök/tak; temizlik ve bakım için uygun','custom',20,'2026-01-02 03:32:20.829','2026-01-02 03:32:20.829'),
('11111506-aaaa-4aaa-8aaa-bbbb1506tr03','bbbb1506-2222-4222-8222-bbbbbbbb1506','tr','Ayarlanabilirlik','Farklı çap koniler ile basınç/debi ayarı','physical',30,'2026-01-02 03:32:20.829','2026-01-02 03:32:20.829'),
('11111506-aaaa-4aaa-8aaa-bbbb1506tr04','bbbb1506-2222-4222-8222-bbbbbbbb1506','tr','Uyumluluk','Farklı soğutma kulesi markaları için çeşitli tipler','custom',40,'2026-01-02 03:32:20.829','2026-01-02 03:32:20.829'),
('11111506-aaaa-4aaa-8aaa-bbbb1506tr05','bbbb1506-2222-4222-8222-bbbbbbbb1506','tr','Kullanım','Su dağıtım sisteminde püskürtme / dağıtım','custom',50,'2026-01-02 03:32:20.829','2026-01-02 03:32:20.829'),
('11111506-bbbb-4bbb-8bbb-bbbb1506en01','bbbb1506-2222-4222-8222-bbbbbbbb1506','en','Material','PP (Polypropylene)','material',10,'2026-01-02 03:32:20.836','2026-01-02 03:32:20.836'),
('11111506-bbbb-4bbb-8bbb-bbbb1506en02','bbbb1506-2222-4222-8222-bbbbbbbb1506','en','Design','Easy assembly/disassembly for cleaning and maintenance','custom',20,'2026-01-02 03:32:20.836','2026-01-02 03:32:20.836'),
('11111506-bbbb-4bbb-8bbb-bbbb1506en03','bbbb1506-2222-4222-8222-bbbbbbbb1506','en','Adjustability','Pressure/flow adjustment with different cone diameters','physical',30,'2026-01-02 03:32:20.836','2026-01-02 03:32:20.836'),
('11111506-bbbb-4bbb-8bbb-bbbb1506en04','bbbb1506-2222-4222-8222-bbbbbbbb1506','en','Compatibility','Various types for different cooling tower brands','custom',40,'2026-01-02 03:32:20.836','2026-01-02 03:32:20.836'),
('11111506-bbbb-4bbb-8bbb-bbbb1506en05','bbbb1506-2222-4222-8222-bbbbbbbb1506','en','Use','Spray/distribution in the water distribution system','custom',50,'2026-01-02 03:32:20.836','2026-01-02 03:32:20.836'),
('11111506-cccc-4ccc-8ccc-bbbb1506de01','bbbb1506-2222-4222-8222-bbbbbbbb1506','de','Material','PP (Polypropylen)','material',10,'2026-01-02 03:32:20.843','2026-01-02 03:32:20.843'),
('11111506-cccc-4ccc-8ccc-bbbb1506de02','bbbb1506-2222-4222-8222-bbbbbbbb1506','de','Ausführung','Einfache Montage/Demontage für Reinigung und Wartung','custom',20,'2026-01-02 03:32:20.843','2026-01-02 03:32:20.843'),
('11111506-cccc-4ccc-8ccc-bbbb1506de03','bbbb1506-2222-4222-8222-bbbbbbbb1506','de','Einstellbarkeit','Druck/Durchfluss über Kegel mit verschiedenen Durchmessern','physical',30,'2026-01-02 03:32:20.843','2026-01-02 03:32:20.843'),
('11111506-cccc-4ccc-8ccc-bbbb1506de04','bbbb1506-2222-4222-8222-bbbbbbbb1506','de','Kompatibilität','Verschiedene Typen für unterschiedliche Kühlturmmarken','custom',40,'2026-01-02 03:32:20.843','2026-01-02 03:32:20.843'),
('11111506-cccc-4ccc-8ccc-bbbb1506de05','bbbb1506-2222-4222-8222-bbbbbbbb1506','de','Einsatz','Sprüh-/Verteilfunktion im Wasserverteilungssystem','custom',50,'2026-01-02 03:32:20.843','2026-01-02 03:32:20.843'),
('11111507-aaaa-4aaa-8aaa-bbbb1507tr01','bbbb1507-2222-4222-8222-bbbbbbbb1507','tr','Malzeme','CTP/GFRP (Cam elyaf takviyeli polyester)','material',10,'2026-01-02 03:32:20.867','2026-01-02 03:32:20.867'),
('11111507-aaaa-4aaa-8aaa-bbbb1507tr02','bbbb1507-2222-4222-8222-bbbbbbbb1507','tr','Üretim Yöntemi','Pultruzyon (elyaf + reçine kombinasyonu)','custom',20,'2026-01-02 03:32:20.867','2026-01-02 03:32:20.867'),
('11111507-aaaa-4aaa-8aaa-bbbb1507tr03','bbbb1507-2222-4222-8222-bbbbbbbb1507','tr','Mekanik Dayanım','Yüksek elyaf oranı ile yüksek mukavemet','physical',30,'2026-01-02 03:32:20.867','2026-01-02 03:32:20.867'),
('11111507-aaaa-4aaa-8aaa-bbbb1507tr04','bbbb1507-2222-4222-8222-bbbbbbbb1507','tr','Bakım','Boyama/bakım gerektirmez','custom',40,'2026-01-02 03:32:20.867','2026-01-02 03:32:20.867'),
('11111507-aaaa-4aaa-8aaa-bbbb1507tr05','bbbb1507-2222-4222-8222-bbbbbbbb1507','tr','Dayanım','Kimyasallardan minimum etkilenir','material',50,'2026-01-02 03:32:20.867','2026-01-02 03:32:20.867'),
('11111507-bbbb-4bbb-8bbb-bbbb1507en01','bbbb1507-2222-4222-8222-bbbbbbbb1507','en','Material','FRP/GFRP (glass fiber reinforced polyester)','material',10,'2026-01-02 03:32:20.875','2026-01-02 03:32:20.875'),
('11111507-bbbb-4bbb-8bbb-bbbb1507en02','bbbb1507-2222-4222-8222-bbbbbbbb1507','en','Manufacturing','Pultrusion (fiber + resin combination)','custom',20,'2026-01-02 03:32:20.875','2026-01-02 03:32:20.875'),
('11111507-bbbb-4bbb-8bbb-bbbb1507en03','bbbb1507-2222-4222-8222-bbbbbbbb1507','en','Mechanical Strength','High strength due to high fiber content','physical',30,'2026-01-02 03:32:20.875','2026-01-02 03:32:20.875'),
('11111507-bbbb-4bbb-8bbb-bbbb1507en04','bbbb1507-2222-4222-8222-bbbbbbbb1507','en','Maintenance','No painting / periodic maintenance required','custom',40,'2026-01-02 03:32:20.875','2026-01-02 03:32:20.875'),
('11111507-bbbb-4bbb-8bbb-bbbb1507en05','bbbb1507-2222-4222-8222-bbbbbbbb1507','en','Resistance','Minimally affected by chemicals','material',50,'2026-01-02 03:32:20.875','2026-01-02 03:32:20.875'),
('11111507-cccc-4ccc-8ccc-bbbb1507de01','bbbb1507-2222-4222-8222-bbbbbbbb1507','de','Material','FRP/GFK (glasfaserverstärkter Polyester)','material',10,'2026-01-02 03:32:20.882','2026-01-02 03:32:20.882'),
('11111507-cccc-4ccc-8ccc-bbbb1507de02','bbbb1507-2222-4222-8222-bbbbbbbb1507','de','Herstellung','Pultrusion (Faser + Harz Kombination)','custom',20,'2026-01-02 03:32:20.882','2026-01-02 03:32:20.882'),
('11111507-cccc-4ccc-8ccc-bbbb1507de03','bbbb1507-2222-4222-8222-bbbbbbbb1507','de','Festigkeit','Hohe Festigkeit durch hohen Faseranteil','physical',30,'2026-01-02 03:32:20.882','2026-01-02 03:32:20.882'),
('11111507-cccc-4ccc-8ccc-bbbb1507de04','bbbb1507-2222-4222-8222-bbbbbbbb1507','de','Wartung','Keine Lackierung / regelmäßige Wartung erforderlich','custom',40,'2026-01-02 03:32:20.882','2026-01-02 03:32:20.882'),
('11111507-cccc-4ccc-8ccc-bbbb1507de05','bbbb1507-2222-4222-8222-bbbbbbbb1507','de','Beständigkeit','Geringe Beeinträchtigung durch Chemikalien','material',50,'2026-01-02 03:32:20.882','2026-01-02 03:32:20.882'),
('11111508-aaaa-4aaa-8aaa-bbbb1508tr01','bbbb1508-2222-4222-8222-bbbbbbbb1508','tr','Konum','Fan platformu ile su dağıtım sistemi arasında','custom',10,'2026-01-02 03:32:20.901','2026-01-02 03:32:20.901'),
('11111508-aaaa-4aaa-8aaa-bbbb1508tr02','bbbb1508-2222-4222-8222-bbbbbbbb1508','tr','Görev','Damlacık sürüklenmesini azaltır; su kaybını önler','physical',20,'2026-01-02 03:32:20.901','2026-01-02 03:32:20.901'),
('11111508-aaaa-4aaa-8aaa-bbbb1508tr03','bbbb1508-2222-4222-8222-bbbbbbbb1508','tr','Montaj','Modüler kaset; boşluksuz montaj ile tüm kesiti kaplar','custom',30,'2026-01-02 03:32:20.901','2026-01-02 03:32:20.901'),
('11111508-aaaa-4aaa-8aaa-bbbb1508tr04','bbbb1508-2222-4222-8222-bbbbbbbb1508','tr','Tasarım Hedefi','Yüksek drift giderimi ve düşük basınç kaybı','custom',40,'2026-01-02 03:32:20.901','2026-01-02 03:32:20.901'),
('11111508-aaaa-4aaa-8aaa-bbbb1508tr05','bbbb1508-2222-4222-8222-bbbbbbbb1508','tr','Kullanım','Su dağıtım bölgesinde damlacık kontrolü','custom',50,'2026-01-02 03:32:20.901','2026-01-02 03:32:20.901'),
('11111508-bbbb-4bbb-8bbb-bbbb1508en01','bbbb1508-2222-4222-8222-bbbbbbbb1508','en','Location','Between fan deck platform and water distribution system','custom',10,'2026-01-02 03:32:20.909','2026-01-02 03:32:20.909'),
('11111508-bbbb-4bbb-8bbb-bbbb1508en02','bbbb1508-2222-4222-8222-bbbbbbbb1508','en','Function','Reduces droplet carryover (drift) and prevents water loss','physical',20,'2026-01-02 03:32:20.909','2026-01-02 03:32:20.909'),
('11111508-bbbb-4bbb-8bbb-bbbb1508en03','bbbb1508-2222-4222-8222-bbbbbbbb1508','en','Installation','Modular cassette blocks; gap-free mounting','custom',30,'2026-01-02 03:32:20.909','2026-01-02 03:32:20.909'),
('11111508-bbbb-4bbb-8bbb-bbbb1508en04','bbbb1508-2222-4222-8222-bbbbbbbb1508','en','Design Target','High drift removal with low pressure drop','custom',40,'2026-01-02 03:32:20.909','2026-01-02 03:32:20.909'),
('11111508-bbbb-4bbb-8bbb-bbbb1508en05','bbbb1508-2222-4222-8222-bbbbbbbb1508','en','Use Case','Droplet control in the distribution zone','custom',50,'2026-01-02 03:32:20.909','2026-01-02 03:32:20.909'),
('11111508-cccc-4ccc-8ccc-bbbb1508de01','bbbb1508-2222-4222-8222-bbbbbbbb1508','de','Einbauort','Zwischen Lüfterplattform und Wasserverteilungssystem','custom',10,'2026-01-02 03:32:20.913','2026-01-02 03:32:20.913'),
('11111508-cccc-4ccc-8ccc-bbbb1508de02','bbbb1508-2222-4222-8222-bbbbbbbb1508','de','Funktion','Reduziert Tröpfchenmitnahme (Drift) und Wasserverlust','physical',20,'2026-01-02 03:32:20.913','2026-01-02 03:32:20.913'),
('11111508-cccc-4ccc-8ccc-bbbb1508de03','bbbb1508-2222-4222-8222-bbbbbbbb1508','de','Montage','Modulare Kassetten; spaltfreie Montage','custom',30,'2026-01-02 03:32:20.913','2026-01-02 03:32:20.913'),
('11111508-cccc-4ccc-8ccc-bbbb1508de04','bbbb1508-2222-4222-8222-bbbbbbbb1508','de','Designziel','Hohe Abscheidung bei geringem Druckverlust','custom',40,'2026-01-02 03:32:20.913','2026-01-02 03:32:20.913'),
('11111508-cccc-4ccc-8ccc-bbbb1508de05','bbbb1508-2222-4222-8222-bbbbbbbb1508','de','Einsatz','Tröpfchenkontrolle im Verteilbereich','custom',50,'2026-01-02 03:32:20.913','2026-01-02 03:32:20.913'),
('11111509-aaaa-4aaa-8aaa-bbbb1509tr01','bbbb1509-2222-4222-8222-bbbbbbbb1509','tr','Dolgu Tipi','Film tipi (petek dolgu)','custom',10,'2026-01-02 03:32:20.929','2026-01-02 03:32:20.929'),
('11111509-aaaa-4aaa-8aaa-bbbb1509tr02','bbbb1509-2222-4222-8222-bbbbbbbb1509','tr','Malzeme','PVC','material',20,'2026-01-02 03:32:20.929','2026-01-02 03:32:20.929'),
('11111509-aaaa-4aaa-8aaa-bbbb1509tr03','bbbb1509-2222-4222-8222-bbbbbbbb1509','tr','Önerilen Proses','Temiz su (toz/kir/kireç düşük)','custom',30,'2026-01-02 03:32:20.929','2026-01-02 03:32:20.929'),
('11111509-aaaa-4aaa-8aaa-bbbb1509tr04','bbbb1509-2222-4222-8222-bbbbbbbb1509','tr','Maks. Su Sıcaklığı','55 °C','physical',40,'2026-01-02 03:32:20.929','2026-01-02 03:32:20.929'),
('11111509-aaaa-4aaa-8aaa-bbbb1509tr05','bbbb1509-2222-4222-8222-bbbbbbbb1509','tr','Tip Seçenekleri','CF-12 / CF-19 / CF-30 / CF-M / CF-O','custom',50,'2026-01-02 03:32:20.929','2026-01-02 03:32:20.929'),
('11111509-bbbb-4bbb-8bbb-bbbb1509en01','bbbb1509-2222-4222-8222-bbbbbbbb1509','en','Fill Type','Film fill','custom',10,'2026-01-02 03:32:20.935','2026-01-02 03:32:20.935'),
('11111509-bbbb-4bbb-8bbb-bbbb1509en02','bbbb1509-2222-4222-8222-bbbbbbbb1509','en','Material','PVC','material',20,'2026-01-02 03:32:20.935','2026-01-02 03:32:20.935'),
('11111509-bbbb-4bbb-8bbb-bbbb1509en03','bbbb1509-2222-4222-8222-bbbbbbbb1509','en','Recommended Process','Clean water (low fouling/scaling)','custom',30,'2026-01-02 03:32:20.935','2026-01-02 03:32:20.935'),
('11111509-bbbb-4bbb-8bbb-bbbb1509en04','bbbb1509-2222-4222-8222-bbbbbbbb1509','en','Max. Water Temperature','55 °C','physical',40,'2026-01-02 03:32:20.935','2026-01-02 03:32:20.935'),
('11111509-bbbb-4bbb-8bbb-bbbb1509en05','bbbb1509-2222-4222-8222-bbbbbbbb1509','en','Type Options','CF-12 / CF-19 / CF-30 / CF-M / CF-O','custom',50,'2026-01-02 03:32:20.935','2026-01-02 03:32:20.935'),
('11111509-cccc-4ccc-8ccc-bbbb1509de01','bbbb1509-2222-4222-8222-bbbbbbbb1509','de','Fülltyp','Filmfüllung (Folienfüllung)','custom',10,'2026-01-02 03:32:20.951','2026-01-02 03:32:20.951'),
('11111509-cccc-4ccc-8ccc-bbbb1509de02','bbbb1509-2222-4222-8222-bbbbbbbb1509','de','Material','PVC','material',20,'2026-01-02 03:32:20.951','2026-01-02 03:32:20.951'),
('11111509-cccc-4ccc-8ccc-bbbb1509de03','bbbb1509-2222-4222-8222-bbbbbbbb1509','de','Empfohlener Einsatz','Sauberes Wasser (geringe Verschmutzung/Verkalkung)','custom',30,'2026-01-02 03:32:20.951','2026-01-02 03:32:20.951'),
('11111509-cccc-4ccc-8ccc-bbbb1509de04','bbbb1509-2222-4222-8222-bbbbbbbb1509','de','Max. Wassertemperatur','55 °C','physical',40,'2026-01-02 03:32:20.951','2026-01-02 03:32:20.951'),
('11111509-cccc-4ccc-8ccc-bbbb1509de05','bbbb1509-2222-4222-8222-bbbbbbbb1509','de','Typen','CF-12 / CF-19 / CF-30 / CF-M / CF-O','custom',50,'2026-01-02 03:32:20.951','2026-01-02 03:32:20.951'),
('11111510-aaaa-4aaa-8aaa-bbbb1510tr01','bbbb1510-2222-4222-8222-bbbbbbbb1510','tr','Dolgu Tipi','Bigudi / Spritzring dolgu','custom',10,'2026-01-02 03:32:20.970','2026-01-02 03:32:20.970'),
('11111510-aaaa-4aaa-8aaa-bbbb1510tr02','bbbb1510-2222-4222-8222-bbbbbbbb1510','tr','Malzeme','PP (Polipropilen)','material',20,'2026-01-02 03:32:20.970','2026-01-02 03:32:20.970'),
('11111510-aaaa-4aaa-8aaa-bbbb1510tr03','bbbb1510-2222-4222-8222-bbbbbbbb1510','tr','Üretim','Enjeksiyon','custom',30,'2026-01-02 03:32:20.970','2026-01-02 03:32:20.970'),
('11111510-aaaa-4aaa-8aaa-bbbb1510tr04','bbbb1510-2222-4222-8222-bbbbbbbb1510','tr','Sıcaklık Dayanımı','~100 °C’ye kadar proses suyu','physical',40,'2026-01-02 03:32:20.970','2026-01-02 03:32:20.970'),
('11111510-aaaa-4aaa-8aaa-bbbb1510tr05','bbbb1510-2222-4222-8222-bbbbbbbb1510','tr','Önerilen Kullanım','Kirli/yağlı/kumlu ve kireçlenmeye yatkın sular; tozlu ortamlar','custom',50,'2026-01-02 03:32:20.970','2026-01-02 03:32:20.970'),
('11111510-bbbb-4bbb-8bbb-bbbb1510en01','bbbb1510-2222-4222-8222-bbbbbbbb1510','en','Fill Type','Ring / spritzring fill','custom',10,'2026-01-02 03:32:20.980','2026-01-02 03:32:20.980'),
('11111510-bbbb-4bbb-8bbb-bbbb1510en02','bbbb1510-2222-4222-8222-bbbbbbbb1510','en','Material','PP (Polypropylene)','material',20,'2026-01-02 03:32:20.980','2026-01-02 03:32:20.980'),
('11111510-bbbb-4bbb-8bbb-bbbb1510en03','bbbb1510-2222-4222-8222-bbbbbbbb1510','en','Manufacturing','Injection molded','custom',30,'2026-01-02 03:32:20.980','2026-01-02 03:32:20.980'),
('11111510-bbbb-4bbb-8bbb-bbbb1510en04','bbbb1510-2222-4222-8222-bbbbbbbb1510','en','Temperature Capability','Up to about 100 °C process water','physical',40,'2026-01-02 03:32:20.980','2026-01-02 03:32:20.980'),
('11111510-bbbb-4bbb-8bbb-bbbb1510en05','bbbb1510-2222-4222-8222-bbbbbbbb1510','en','Recommended Use','Dirty/oily/sandy water; scaling-prone duty; dusty environments','custom',50,'2026-01-02 03:32:20.980','2026-01-02 03:32:20.980'),
('11111510-cccc-4ccc-8ccc-bbbb1510de01','bbbb1510-2222-4222-8222-bbbbbbbb1510','de','Fülltyp','Spritzring-/Bigudi-Füllung','custom',10,'2026-01-02 03:32:20.985','2026-01-02 03:32:20.985'),
('11111510-cccc-4ccc-8ccc-bbbb1510de02','bbbb1510-2222-4222-8222-bbbbbbbb1510','de','Material','PP (Polypropylen)','material',20,'2026-01-02 03:32:20.985','2026-01-02 03:32:20.985'),
('11111510-cccc-4ccc-8ccc-bbbb1510de03','bbbb1510-2222-4222-8222-bbbbbbbb1510','de','Herstellung','Spritzguss','custom',30,'2026-01-02 03:32:20.985','2026-01-02 03:32:20.985'),
('11111510-cccc-4ccc-8ccc-bbbb1510de04','bbbb1510-2222-4222-8222-bbbbbbbb1510','de','Temperaturbereich','Bis ca. 100 °C Prozesswasser','physical',40,'2026-01-02 03:32:20.985','2026-01-02 03:32:20.985'),
('11111510-cccc-4ccc-8ccc-bbbb1510de05','bbbb1510-2222-4222-8222-bbbbbbbb1510','de','Empfohlener Einsatz','Schmutzig/ölig/sandig, verkalkungsanfällig, staubige Umgebung','custom',50,'2026-01-02 03:32:20.985','2026-01-02 03:32:20.985'),
('11111511-aaaa-4aaa-8aaa-bbbb1511tr01','bbbb1511-2222-4222-8222-bbbbbbbb1511','tr','Dolgu Tipi','Splash Grid / Sıçratmalı ızgara dolgu','custom',10,'2026-01-02 03:32:20.996','2026-01-02 03:32:20.996'),
('11111511-aaaa-4aaa-8aaa-bbbb1511tr02','bbbb1511-2222-4222-8222-bbbbbbbb1511','tr','Uygun Proses','Kirli su ile çalışan sistemler','custom',20,'2026-01-02 03:32:20.996','2026-01-02 03:32:20.996'),
('11111511-aaaa-4aaa-8aaa-bbbb1511tr03','bbbb1511-2222-4222-8222-bbbbbbbb1511','tr','Avantaj','Tıkanmaya karşı toleranslı yapı','physical',30,'2026-01-02 03:32:20.996','2026-01-02 03:32:20.996'),
('11111511-aaaa-4aaa-8aaa-bbbb1511tr04','bbbb1511-2222-4222-8222-bbbbbbbb1511','tr','Tipik Kullanım','Salça üretimi, vakum hatları, haddehaneler','custom',40,'2026-01-02 03:32:20.996','2026-01-02 03:32:20.996'),
('11111511-bbbb-4bbb-8bbb-bbbb1511en01','bbbb1511-2222-4222-8222-bbbbbbbb1511','en','Fill Type','Splash grid fill','custom',10,'2026-01-02 03:32:21.000','2026-01-02 03:32:21.000'),
('11111511-bbbb-4bbb-8bbb-bbbb1511en02','bbbb1511-2222-4222-8222-bbbbbbbb1511','en','Service','Dirty-water applications','custom',20,'2026-01-02 03:32:21.000','2026-01-02 03:32:21.000'),
('11111511-bbbb-4bbb-8bbb-bbbb1511en03','bbbb1511-2222-4222-8222-bbbbbbbb1511','en','Benefit','More tolerant to clogging','physical',30,'2026-01-02 03:32:21.000','2026-01-02 03:32:21.000'),
('11111511-bbbb-4bbb-8bbb-bbbb1511en04','bbbb1511-2222-4222-8222-bbbbbbbb1511','en','Typical Use','Tomato paste, vacuum lines, rolling mills','custom',40,'2026-01-02 03:32:21.000','2026-01-02 03:32:21.000'),
('11111511-cccc-4ccc-8ccc-bbbb1511de01','bbbb1511-2222-4222-8222-bbbbbbbb1511','de','Fülltyp','Spritzgitter-/Splash-Grid-Füllung','custom',10,'2026-01-02 03:32:21.005','2026-01-02 03:32:21.005'),
('11111511-cccc-4ccc-8ccc-bbbb1511de02','bbbb1511-2222-4222-8222-bbbbbbbb1511','de','Einsatz','Schmutzwasser-Prozesse','custom',20,'2026-01-02 03:32:21.005','2026-01-02 03:32:21.005'),
('11111511-cccc-4ccc-8ccc-bbbb1511de03','bbbb1511-2222-4222-8222-bbbbbbbb1511','de','Vorteil','Toleranter gegenüber Verstopfung','physical',30,'2026-01-02 03:32:21.005','2026-01-02 03:32:21.005'),
('11111511-cccc-4ccc-8ccc-bbbb1511de04','bbbb1511-2222-4222-8222-bbbbbbbb1511','de','Typische Anwendung','Tomatenmark, Vakuumleitungen, Walzwerke','custom',40,'2026-01-02 03:32:21.005','2026-01-02 03:32:21.005'),
('11111512-aaaa-4aaa-8aaa-bbbb1512tr01','bbbb1512-2222-4222-8222-bbbbbbbb1512','tr','Ürün Adı','PP Rashing Halkası','custom',10,'2026-01-02 03:32:21.016','2026-01-02 03:32:21.016'),
('11111512-aaaa-4aaa-8aaa-bbbb1512tr02','bbbb1512-2222-4222-8222-bbbbbbbb1512','tr','Malzeme','PP (Polipropilen)','material',20,'2026-01-02 03:32:21.016','2026-01-02 03:32:21.016'),
('11111512-aaaa-4aaa-8aaa-bbbb1512tr03','bbbb1512-2222-4222-8222-bbbbbbbb1512','tr','Yoğunluk','0,95 – 1,00 gr/cm³','physical',30,'2026-01-02 03:32:21.016','2026-01-02 03:32:21.016'),
('11111512-aaaa-4aaa-8aaa-bbbb1512tr04','bbbb1512-2222-4222-8222-bbbbbbbb1512','tr','Ölçü','Ø 37 mm x 37 mm','physical',40,'2026-01-02 03:32:21.016','2026-01-02 03:32:21.016'),
('11111512-aaaa-4aaa-8aaa-bbbb1512tr05','bbbb1512-2222-4222-8222-bbbbbbbb1512','tr','Paket','5.000 adet / torba','custom',50,'2026-01-02 03:32:21.016','2026-01-02 03:32:21.016'),
('11111512-aaaa-4aaa-8aaa-bbbb1512tr06','bbbb1512-2222-4222-8222-bbbbbbbb1512','tr','Miktar','18.500 adet/m³','physical',60,'2026-01-02 03:32:21.016','2026-01-02 03:32:21.016'),
('11111512-aaaa-4aaa-8aaa-bbbb1512tr07','bbbb1512-2222-4222-8222-bbbbbbbb1512','tr','Kullanım','Soğutma kulesi dolgu; scrubber sistemler','custom',70,'2026-01-02 03:32:21.016','2026-01-02 03:32:21.016'),
('11111512-bbbb-4bbb-8bbb-bbbb1512en01','bbbb1512-2222-4222-8222-bbbbbbbb1512','en','Product Name','PP Raschig Ring','custom',10,'2026-01-02 03:32:21.022','2026-01-02 03:32:21.022'),
('11111512-bbbb-4bbb-8bbb-bbbb1512en02','bbbb1512-2222-4222-8222-bbbbbbbb1512','en','Material','PP (Polypropylene)','material',20,'2026-01-02 03:32:21.022','2026-01-02 03:32:21.022'),
('11111512-bbbb-4bbb-8bbb-bbbb1512en03','bbbb1512-2222-4222-8222-bbbbbbbb1512','en','Density','0.95 – 1.00 g/cm³','physical',30,'2026-01-02 03:32:21.022','2026-01-02 03:32:21.022'),
('11111512-bbbb-4bbb-8bbb-bbbb1512en04','bbbb1512-2222-4222-8222-bbbbbbbb1512','en','Dimensions','Ø 37 mm x 37 mm','physical',40,'2026-01-02 03:32:21.022','2026-01-02 03:32:21.022'),
('11111512-bbbb-4bbb-8bbb-bbbb1512en05','bbbb1512-2222-4222-8222-bbbbbbbb1512','en','Packaging','5,000 pcs / bag','custom',50,'2026-01-02 03:32:21.022','2026-01-02 03:32:21.022'),
('11111512-bbbb-4bbb-8bbb-bbbb1512en06','bbbb1512-2222-4222-8222-bbbbbbbb1512','en','Quantity','18,500 pcs/m³','physical',60,'2026-01-02 03:32:21.022','2026-01-02 03:32:21.022'),
('11111512-cccc-4ccc-8ccc-bbbb1512de01','bbbb1512-2222-4222-8222-bbbbbbbb1512','de','Produktname','PP Raschig-Ring','custom',10,'2026-01-02 03:32:21.039','2026-01-02 03:32:21.039'),
('11111512-cccc-4ccc-8ccc-bbbb1512de02','bbbb1512-2222-4222-8222-bbbbbbbb1512','de','Material','PP (Polypropylen)','material',20,'2026-01-02 03:32:21.039','2026-01-02 03:32:21.039'),
('11111512-cccc-4ccc-8ccc-bbbb1512de03','bbbb1512-2222-4222-8222-bbbbbbbb1512','de','Dichte','0,95 – 1,00 g/cm³','physical',30,'2026-01-02 03:32:21.039','2026-01-02 03:32:21.039'),
('11111512-cccc-4ccc-8ccc-bbbb1512de04','bbbb1512-2222-4222-8222-bbbbbbbb1512','de','Abmessungen','Ø 37 mm x 37 mm','physical',40,'2026-01-02 03:32:21.039','2026-01-02 03:32:21.039'),
('11111512-cccc-4ccc-8ccc-bbbb1512de05','bbbb1512-2222-4222-8222-bbbbbbbb1512','de','Verpackung','5.000 Stück / Beutel','custom',50,'2026-01-02 03:32:21.039','2026-01-02 03:32:21.039'),
('11111512-cccc-4ccc-8ccc-bbbb1512de06','bbbb1512-2222-4222-8222-bbbbbbbb1512','de','Menge','18.500 Stück/m³','physical',60,'2026-01-02 03:32:21.039','2026-01-02 03:32:21.039'),
('11111513-aaaa-4aaa-8aaa-bbbb1513tr01','bbbb1513-2222-4222-8222-bbbbbbbb1513','tr','Konum','Kule gövdesi; soğuk su havuzu ile dolgu seviyesi arası (dış)','custom',10,'2026-01-02 03:32:21.052','2026-01-02 03:32:21.052'),
('11111513-aaaa-4aaa-8aaa-bbbb1513tr02','bbbb1513-2222-4222-8222-bbbbbbbb1513','tr','Fonksiyon','Hava yönlendirme, su sıçrama kaybını azaltma, yosun oluşumunu azaltma','custom',20,'2026-01-02 03:32:21.052','2026-01-02 03:32:21.052'),
('11111513-aaaa-4aaa-8aaa-bbbb1513tr03','bbbb1513-2222-4222-8222-bbbbbbbb1513','tr','Standart Malzeme','PVC (1. sınıf)','material',30,'2026-01-02 03:32:21.052','2026-01-02 03:32:21.052'),
('11111513-aaaa-4aaa-8aaa-bbbb1513tr04','bbbb1513-2222-4222-8222-bbbbbbbb1513','tr','Opsiyonel Malzeme','FRP/CTP','material',40,'2026-01-02 03:32:21.052','2026-01-02 03:32:21.052'),
('11111513-aaaa-4aaa-8aaa-bbbb1513tr05','bbbb1513-2222-4222-8222-bbbbbbbb1513','tr','Tasarım','Minimum hava direnci sağlayan özel lamel formu','physical',50,'2026-01-02 03:32:21.052','2026-01-02 03:32:21.052'),
('11111513-bbbb-4bbb-8bbb-bbbb1513en01','bbbb1513-2222-4222-8222-bbbbbbbb1513','en','Location','Tower casing; between basin and fill level (outside)','custom',10,'2026-01-02 03:32:21.058','2026-01-02 03:32:21.058'),
('11111513-bbbb-4bbb-8bbb-bbbb1513en02','bbbb1513-2222-4222-8222-bbbbbbbb1513','en','Function','Guides airflow, reduces splash loss, helps reduce algae formation','custom',20,'2026-01-02 03:32:21.058','2026-01-02 03:32:21.058'),
('11111513-bbbb-4bbb-8bbb-bbbb1513en03','bbbb1513-2222-4222-8222-bbbbbbbb1513','en','Standard Material','First-grade PVC','material',30,'2026-01-02 03:32:21.058','2026-01-02 03:32:21.058'),
('11111513-bbbb-4bbb-8bbb-bbbb1513en04','bbbb1513-2222-4222-8222-bbbbbbbb1513','en','Optional Material','FRP','material',40,'2026-01-02 03:32:21.058','2026-01-02 03:32:21.058'),
('11111513-bbbb-4bbb-8bbb-bbbb1513en05','bbbb1513-2222-4222-8222-bbbbbbbb1513','en','Design','Low air-resistance louver profile','physical',50,'2026-01-02 03:32:21.058','2026-01-02 03:32:21.058'),
('11111513-cccc-4ccc-8ccc-bbbb1513de01','bbbb1513-2222-4222-8222-bbbbbbbb1513','de','Einbauort','Turmkörper; zwischen Kaltwasserbecken und Füllhöhe (außen)','custom',10,'2026-01-02 03:32:21.064','2026-01-02 03:32:21.064'),
('11111513-cccc-4ccc-8ccc-bbbb1513de02','bbbb1513-2222-4222-8222-bbbbbbbb1513','de','Funktion','Luftführung, Spritzwasserverluste reduzieren, Algenbildung verringern','custom',20,'2026-01-02 03:32:21.064','2026-01-02 03:32:21.064'),
('11111513-cccc-4ccc-8ccc-bbbb1513de03','bbbb1513-2222-4222-8222-bbbbbbbb1513','de','Standardmaterial','PVC 1. Klasse','material',30,'2026-01-02 03:32:21.064','2026-01-02 03:32:21.064'),
('11111513-cccc-4ccc-8ccc-bbbb1513de04','bbbb1513-2222-4222-8222-bbbbbbbb1513','de','Optionales Material','FRP','material',40,'2026-01-02 03:32:21.064','2026-01-02 03:32:21.064'),
('11111513-cccc-4ccc-8ccc-bbbb1513de05','bbbb1513-2222-4222-8222-bbbbbbbb1513','de','Design','Lamellenprofil mit geringem Luftwiderstand','physical',50,'2026-01-02 03:32:21.064','2026-01-02 03:32:21.064'),
('55550002-aaaa-4aaa-8aaa-bbbb0002tr01','bbbb0002-2222-4222-8222-bbbbbbbb0002','tr','Seri / Hücre Tipi','CTP – Tek hücreli açık tip kuleler','custom',10,'2026-01-02 03:32:20.604','2026-01-02 03:32:20.604'),
('55550002-aaaa-4aaa-8aaa-bbbb0002tr02','bbbb0002-2222-4222-8222-bbbbbbbb0002','tr','Model Aralığı','CTP-1 … CTP-35','custom',20,'2026-01-02 03:32:20.604','2026-01-02 03:32:20.604'),
('55550002-aaaa-4aaa-8aaa-bbbb0002tr03','bbbb0002-2222-4222-8222-bbbbbbbb0002','tr','Kapasite Koşulları','35/30/25°C ve 40/30/24°C (katalog tablosu)','service',30,'2026-01-02 03:32:20.604','2026-01-02 03:32:20.604'),
('55550002-aaaa-4aaa-8aaa-bbbb0002tr04','bbbb0002-2222-4222-8222-bbbbbbbb0002','tr','Kapasite Aralığı (35/30/25°C)','90.000 – 3.500.000 kcal/h (modele göre)','service',40,'2026-01-02 03:32:20.604','2026-01-02 03:32:20.604'),
('55550002-aaaa-4aaa-8aaa-bbbb0002tr05','bbbb0002-2222-4222-8222-bbbbbbbb0002','tr','Debi Aralığı (35/30/25°C)','18 – 700 m³/h (modele göre)','service',50,'2026-01-02 03:32:20.604','2026-01-02 03:32:20.604'),
('55550002-aaaa-4aaa-8aaa-bbbb0002tr06','bbbb0002-2222-4222-8222-bbbbbbbb0002','tr','Fan Çapı (Ø) Aralığı','630 – 3700 mm (modele göre)','physical',60,'2026-01-02 03:32:20.604','2026-01-02 03:32:20.604'),
('55550002-bbbb-4bbb-8bbb-bbbb0002en01','bbbb0002-2222-4222-8222-bbbbbbbb0002','en','Series / Cell Type','CTP – single cell open circuit towers','custom',10,'2026-01-02 03:32:20.612','2026-01-02 03:32:20.612'),
('55550002-bbbb-4bbb-8bbb-bbbb0002en02','bbbb0002-2222-4222-8222-bbbbbbbb0002','en','Model Range','CTP-1 … CTP-35','custom',20,'2026-01-02 03:32:20.612','2026-01-02 03:32:20.612'),
('55550002-bbbb-4bbb-8bbb-bbbb0002en03','bbbb0002-2222-4222-8222-bbbbbbbb0002','en','Capacity Conditions','35/30/25°C and 40/30/24°C (catalog table)','service',30,'2026-01-02 03:32:20.612','2026-01-02 03:32:20.612'),
('55550002-bbbb-4bbb-8bbb-bbbb0002en04','bbbb0002-2222-4222-8222-bbbbbbbb0002','en','Capacity Range (35/30/25°C)','90,000 – 3,500,000 kcal/h (model dependent)','service',40,'2026-01-02 03:32:20.612','2026-01-02 03:32:20.612'),
('55550002-bbbb-4bbb-8bbb-bbbb0002en05','bbbb0002-2222-4222-8222-bbbbbbbb0002','en','Flow Rate Range (35/30/25°C)','18 – 700 m³/h (model dependent)','service',50,'2026-01-02 03:32:20.612','2026-01-02 03:32:20.612'),
('55550002-bbbb-4bbb-8bbb-bbbb0002en06','bbbb0002-2222-4222-8222-bbbbbbbb0002','en','Fan Diameter (Ø) Range','630 – 3700 mm (model dependent)','physical',60,'2026-01-02 03:32:20.612','2026-01-02 03:32:20.612'),
('55550002-cccc-4ccc-8ccc-bbbb0002de01','bbbb0002-2222-4222-8222-bbbbbbbb0002','de','Serie / Zelltyp','CTP – offene Kühltürme, Einzelzelle','custom',10,'2026-01-02 03:32:20.619','2026-01-02 03:32:20.619'),
('55550002-cccc-4ccc-8ccc-bbbb0002de02','bbbb0002-2222-4222-8222-bbbbbbbb0002','de','Modellbereich','CTP-1 … CTP-35','custom',20,'2026-01-02 03:32:20.619','2026-01-02 03:32:20.619'),
('55550002-cccc-4ccc-8ccc-bbbb0002de03','bbbb0002-2222-4222-8222-bbbbbbbb0002','de','Betriebsbedingungen','35/30/25°C und 40/30/24°C (Katalogtabelle)','service',30,'2026-01-02 03:32:20.619','2026-01-02 03:32:20.619'),
('55550002-cccc-4ccc-8ccc-bbbb0002de04','bbbb0002-2222-4222-8222-bbbbbbbb0002','de','Kapazitätsbereich (35/30/25°C)','90.000 – 3.500.000 kcal/h (modellabhängig)','service',40,'2026-01-02 03:32:20.619','2026-01-02 03:32:20.619'),
('55550002-cccc-4ccc-8ccc-bbbb0002de05','bbbb0002-2222-4222-8222-bbbbbbbb0002','de','Volumenstrombereich (35/30/25°C)','18 – 700 m³/h (modellabhängig)','service',50,'2026-01-02 03:32:20.619','2026-01-02 03:32:20.619'),
('55550002-cccc-4ccc-8ccc-bbbb0002de06','bbbb0002-2222-4222-8222-bbbbbbbb0002','de','Ventilator-Ø Bereich','630 – 3700 mm (modellabhängig)','physical',60,'2026-01-02 03:32:20.619','2026-01-02 03:32:20.619'),
('55550003-aaaa-4aaa-8aaa-bbbb0003tr01','bbbb0003-2222-4222-8222-bbbbbbbb0003','tr','Seri / Hücre Tipi','DCTP – iki hücreli açık tip kuleler','custom',10,'2026-01-02 03:32:20.633','2026-01-02 03:32:20.633'),
('55550003-aaaa-4aaa-8aaa-bbbb0003tr02','bbbb0003-2222-4222-8222-bbbbbbbb0003','tr','Model Aralığı','DCTP-3 … DCTP-35','custom',20,'2026-01-02 03:32:20.633','2026-01-02 03:32:20.633'),
('55550003-aaaa-4aaa-8aaa-bbbb0003tr03','bbbb0003-2222-4222-8222-bbbbbbbb0003','tr','Fan Grubu','2×930 … 2×3150 (mm)','physical',30,'2026-01-02 03:32:20.633','2026-01-02 03:32:20.633'),
('55550003-aaaa-4aaa-8aaa-bbbb0003tr04','bbbb0003-2222-4222-8222-bbbbbbbb0003','tr','Kapasite Aralığı (35/30/25°C)','500.000 – 7.000.000 kcal/h (modele göre)','service',40,'2026-01-02 03:32:20.633','2026-01-02 03:32:20.633'),
('55550003-aaaa-4aaa-8aaa-bbbb0003tr05','bbbb0003-2222-4222-8222-bbbbbbbb0003','tr','Debi Aralığı (35/30/25°C)','100 – 1400 m³/h (modele göre)','service',50,'2026-01-02 03:32:20.633','2026-01-02 03:32:20.633'),
('55550003-aaaa-4aaa-8aaa-bbbb0003tr06','bbbb0003-2222-4222-8222-bbbbbbbb0003','tr','Kapasite Aralığı (40/30/24°C)','720.000 – 10.500.000 kcal/h (modele göre)','service',60,'2026-01-02 03:32:20.633','2026-01-02 03:32:20.633'),
('55550003-aaaa-4aaa-8aaa-bbbb0003tr07','bbbb0003-2222-4222-8222-bbbbbbbb0003','tr','Debi Aralığı (40/30/24°C)','72 – 1050 m³/h (modele göre)','service',70,'2026-01-02 03:32:20.633','2026-01-02 03:32:20.633'),
('55550003-aaaa-4aaa-8aaa-bbbb0003tr08','bbbb0003-2222-4222-8222-bbbbbbbb0003','tr','Ağırlık (Boş/Çalışır)','780–8900 kg / 2500–45000 kg (modele göre)','physical',80,'2026-01-02 03:32:20.633','2026-01-02 03:32:20.633'),
('55550003-bbbb-4bbb-8bbb-bbbb0003en01','bbbb0003-2222-4222-8222-bbbbbbbb0003','en','Series / Cell Type','DCTP – double cell open circuit towers','custom',10,'2026-01-02 03:32:20.640','2026-01-02 03:32:20.640'),
('55550003-bbbb-4bbb-8bbb-bbbb0003en02','bbbb0003-2222-4222-8222-bbbbbbbb0003','en','Model Range','DCTP-3 … DCTP-35','custom',20,'2026-01-02 03:32:20.640','2026-01-02 03:32:20.640'),
('55550003-bbbb-4bbb-8bbb-bbbb0003en03','bbbb0003-2222-4222-8222-bbbbbbbb0003','en','Fan Group','2×930 … 2×3150 (mm)','physical',30,'2026-01-02 03:32:20.640','2026-01-02 03:32:20.640'),
('55550003-bbbb-4bbb-8bbb-bbbb0003en04','bbbb0003-2222-4222-8222-bbbbbbbb0003','en','Capacity Range (35/30/25°C)','500,000 – 7,000,000 kcal/h (model dependent)','service',40,'2026-01-02 03:32:20.640','2026-01-02 03:32:20.640'),
('55550003-bbbb-4bbb-8bbb-bbbb0003en05','bbbb0003-2222-4222-8222-bbbbbbbb0003','en','Flow Rate Range (35/30/25°C)','100 – 1400 m³/h (model dependent)','service',50,'2026-01-02 03:32:20.640','2026-01-02 03:32:20.640'),
('55550003-bbbb-4bbb-8bbb-bbbb0003en06','bbbb0003-2222-4222-8222-bbbbbbbb0003','en','Capacity Range (40/30/24°C)','720,000 – 10,500,000 kcal/h (model dependent)','service',60,'2026-01-02 03:32:20.640','2026-01-02 03:32:20.640'),
('55550003-bbbb-4bbb-8bbb-bbbb0003en07','bbbb0003-2222-4222-8222-bbbbbbbb0003','en','Flow Rate Range (40/30/24°C)','72 – 1050 m³/h (model dependent)','service',70,'2026-01-02 03:32:20.640','2026-01-02 03:32:20.640'),
('55550003-bbbb-4bbb-8bbb-bbbb0003en08','bbbb0003-2222-4222-8222-bbbbbbbb0003','en','Weight (Empty/Operating)','780–8900 kg / 2500–45000 kg (model dependent)','physical',80,'2026-01-02 03:32:20.640','2026-01-02 03:32:20.640'),
('55550003-cccc-4ccc-8ccc-bbbb0003de01','bbbb0003-2222-4222-8222-bbbbbbbb0003','de','Serie / Zelltyp','DCTP – offene Kühltürme, Doppelzelle','custom',10,'2026-01-02 03:32:20.645','2026-01-02 03:32:20.645'),
('55550003-cccc-4ccc-8ccc-bbbb0003de02','bbbb0003-2222-4222-8222-bbbbbbbb0003','de','Modellbereich','DCTP-3 … DCTP-35','custom',20,'2026-01-02 03:32:20.645','2026-01-02 03:32:20.645'),
('55550003-cccc-4ccc-8ccc-bbbb0003de03','bbbb0003-2222-4222-8222-bbbbbbbb0003','de','Ventilatorgruppe','2×930 … 2×3150 (mm)','physical',30,'2026-01-02 03:32:20.645','2026-01-02 03:32:20.645'),
('55550003-cccc-4ccc-8ccc-bbbb0003de04','bbbb0003-2222-4222-8222-bbbbbbbb0003','de','Kapazitätsbereich (35/30/25°C)','500.000 – 7.000.000 kcal/h (modellabhängig)','service',40,'2026-01-02 03:32:20.645','2026-01-02 03:32:20.645'),
('55550003-cccc-4ccc-8ccc-bbbb0003de05','bbbb0003-2222-4222-8222-bbbbbbbb0003','de','Volumenstrombereich (35/30/25°C)','100 – 1400 m³/h (modellabhängig)','service',50,'2026-01-02 03:32:20.645','2026-01-02 03:32:20.645'),
('55550003-cccc-4ccc-8ccc-bbbb0003de06','bbbb0003-2222-4222-8222-bbbbbbbb0003','de','Kapazitätsbereich (40/30/24°C)','720.000 – 10.500.000 kcal/h (modellabhängig)','service',60,'2026-01-02 03:32:20.645','2026-01-02 03:32:20.645'),
('55550003-cccc-4ccc-8ccc-bbbb0003de07','bbbb0003-2222-4222-8222-bbbbbbbb0003','de','Volumenstrombereich (40/30/24°C)','72 – 1050 m³/h (modellabhängig)','service',70,'2026-01-02 03:32:20.645','2026-01-02 03:32:20.645'),
('55550003-cccc-4ccc-8ccc-bbbb0003de08','bbbb0003-2222-4222-8222-bbbbbbbb0003','de','Gewichte (leer/Betrieb)','780–8900 kg / 2500–45000 kg (modellabhängig)','physical',80,'2026-01-02 03:32:20.645','2026-01-02 03:32:20.645'),
('55550004-aaaa-4aaa-8aaa-bbbb0004tr01','bbbb0004-2222-4222-8222-bbbbbbbb0004','tr','Seri / Hücre Tipi','TCTP – üç hücreli açık tip kuleler','custom',10,'2026-01-02 03:32:20.656','2026-01-02 03:32:20.656'),
('55550004-aaaa-4aaa-8aaa-bbbb0004tr02','bbbb0004-2222-4222-8222-bbbbbbbb0004','tr','Model Aralığı','TCTP-3 … TCTP-35','custom',20,'2026-01-02 03:32:20.656','2026-01-02 03:32:20.656'),
('55550004-aaaa-4aaa-8aaa-bbbb0004tr03','bbbb0004-2222-4222-8222-bbbbbbbb0004','tr','Fan Grubu','3×930 … 3×3700 (mm)','physical',30,'2026-01-02 03:32:20.656','2026-01-02 03:32:20.656'),
('55550004-aaaa-4aaa-8aaa-bbbb0004tr04','bbbb0004-2222-4222-8222-bbbbbbbb0004','tr','Kapasite Aralığı (35/30/25°C)','700.000 – 10.400.000 kcal/h (modele göre)','service',40,'2026-01-02 03:32:20.656','2026-01-02 03:32:20.656'),
('55550004-aaaa-4aaa-8aaa-bbbb0004tr05','bbbb0004-2222-4222-8222-bbbbbbbb0004','tr','Debi Aralığı (35/30/25°C)','140 – 2080 m³/h (modele göre)','service',50,'2026-01-02 03:32:20.656','2026-01-02 03:32:20.656'),
('55550004-aaaa-4aaa-8aaa-bbbb0004tr06','bbbb0004-2222-4222-8222-bbbbbbbb0004','tr','Kapasite Aralığı (40/30/24°C)','1.100.000 – 15.300.000 kcal/h (modele göre)','service',60,'2026-01-02 03:32:20.656','2026-01-02 03:32:20.656'),
('55550004-aaaa-4aaa-8aaa-bbbb0004tr07','bbbb0004-2222-4222-8222-bbbbbbbb0004','tr','Debi Aralığı (40/30/24°C)','110 – 1530 m³/h (modele göre)','service',70,'2026-01-02 03:32:20.656','2026-01-02 03:32:20.656'),
('55550004-aaaa-4aaa-8aaa-bbbb0004tr08','bbbb0004-2222-4222-8222-bbbbbbbb0004','tr','Ağırlık (Boş/Çalışır)','950–11500 kg / 3400–60000 kg (modele göre)','physical',80,'2026-01-02 03:32:20.656','2026-01-02 03:32:20.656'),
('55550004-bbbb-4bbb-8bbb-bbbb0004en01','bbbb0004-2222-4222-8222-bbbbbbbb0004','en','Series / Cell Type','TCTP – triple cell open circuit towers','custom',10,'2026-01-02 03:32:20.664','2026-01-02 03:32:20.664'),
('55550004-bbbb-4bbb-8bbb-bbbb0004en02','bbbb0004-2222-4222-8222-bbbbbbbb0004','en','Model Range','TCTP-3 … TCTP-35','custom',20,'2026-01-02 03:32:20.664','2026-01-02 03:32:20.664'),
('55550004-bbbb-4bbb-8bbb-bbbb0004en03','bbbb0004-2222-4222-8222-bbbbbbbb0004','en','Fan Group','3×930 … 3×3700 (mm)','physical',30,'2026-01-02 03:32:20.664','2026-01-02 03:32:20.664'),
('55550004-bbbb-4bbb-8bbb-bbbb0004en04','bbbb0004-2222-4222-8222-bbbbbbbb0004','en','Capacity Range (35/30/25°C)','700,000 – 10,400,000 kcal/h (model dependent)','service',40,'2026-01-02 03:32:20.664','2026-01-02 03:32:20.664'),
('55550004-bbbb-4bbb-8bbb-bbbb0004en05','bbbb0004-2222-4222-8222-bbbbbbbb0004','en','Flow Rate Range (35/30/25°C)','140 – 2080 m³/h (model dependent)','service',50,'2026-01-02 03:32:20.664','2026-01-02 03:32:20.664'),
('55550004-bbbb-4bbb-8bbb-bbbb0004en06','bbbb0004-2222-4222-8222-bbbbbbbb0004','en','Capacity Range (40/30/24°C)','1,100,000 – 15,300,000 kcal/h (model dependent)','service',60,'2026-01-02 03:32:20.664','2026-01-02 03:32:20.664'),
('55550004-bbbb-4bbb-8bbb-bbbb0004en07','bbbb0004-2222-4222-8222-bbbbbbbb0004','en','Flow Rate Range (40/30/24°C)','110 – 1530 m³/h (model dependent)','service',70,'2026-01-02 03:32:20.664','2026-01-02 03:32:20.664'),
('55550004-bbbb-4bbb-8bbb-bbbb0004en08','bbbb0004-2222-4222-8222-bbbbbbbb0004','en','Weight (Empty/Operating)','950–11,500 kg / 3,400–60,000 kg (model dependent)','physical',80,'2026-01-02 03:32:20.664','2026-01-02 03:32:20.664'),
('55550004-cccc-4ccc-8ccc-bbbb0004de01','bbbb0004-2222-4222-8222-bbbbbbbb0004','de','Serie / Zelltyp','TCTP – offene Kühltürme, Dreifachzelle','custom',10,'2026-01-02 03:32:20.670','2026-01-02 03:32:20.670'),
('55550004-cccc-4ccc-8ccc-bbbb0004de02','bbbb0004-2222-4222-8222-bbbbbbbb0004','de','Modellbereich','TCTP-3 … TCTP-35','custom',20,'2026-01-02 03:32:20.670','2026-01-02 03:32:20.670'),
('55550004-cccc-4ccc-8ccc-bbbb0004de03','bbbb0004-2222-4222-8222-bbbbbbbb0004','de','Ventilatorgruppe','3×930 … 3×3700 (mm)','physical',30,'2026-01-02 03:32:20.670','2026-01-02 03:32:20.670'),
('55550004-cccc-4ccc-8ccc-bbbb0004de04','bbbb0004-2222-4222-8222-bbbbbbbb0004','de','Kapazitätsbereich (35/30/25°C)','700.000 – 10.400.000 kcal/h (modellabhängig)','service',40,'2026-01-02 03:32:20.670','2026-01-02 03:32:20.670'),
('55550004-cccc-4ccc-8ccc-bbbb0004de05','bbbb0004-2222-4222-8222-bbbbbbbb0004','de','Volumenstrombereich (35/30/25°C)','140 – 2080 m³/h (modellabhängig)','service',50,'2026-01-02 03:32:20.670','2026-01-02 03:32:20.670'),
('55550004-cccc-4ccc-8ccc-bbbb0004de06','bbbb0004-2222-4222-8222-bbbbbbbb0004','de','Kapazitätsbereich (40/30/24°C)','1.100.000 – 15.300.000 kcal/h (modellabhängig)','service',60,'2026-01-02 03:32:20.670','2026-01-02 03:32:20.670'),
('55550004-cccc-4ccc-8ccc-bbbb0004de07','bbbb0004-2222-4222-8222-bbbbbbbb0004','de','Volumenstrombereich (40/30/24°C)','110 – 1530 m³/h (modellabhängig)','service',70,'2026-01-02 03:32:20.670','2026-01-02 03:32:20.670'),
('55550004-cccc-4ccc-8ccc-bbbb0004de08','bbbb0004-2222-4222-8222-bbbbbbbb0004','de','Gewichte (leer/Betrieb)','950–11.500 kg / 3.400–60.000 kg (modellabhängig)','physical',80,'2026-01-02 03:32:20.670','2026-01-02 03:32:20.670');
/*!40000 ALTER TABLE `product_specs` ENABLE KEYS */;
UNLOCK TABLES;

--
-- Table structure for table `product_stock`
--

DROP TABLE IF EXISTS `product_stock`;
/*!40101 SET @saved_cs_client     = @@character_set_client */;
/*!40101 SET character_set_client = utf8mb4 */;
CREATE TABLE `product_stock` (
  `id` char(36) NOT NULL,
  `product_id` char(36) NOT NULL,
  `stock_content` varchar(255) NOT NULL,
  `is_used` tinyint(1) NOT NULL DEFAULT 0,
  `used_at` datetime(3) DEFAULT NULL,
  `order_item_id` char(36) DEFAULT NULL,
  `created_at` datetime(3) NOT NULL DEFAULT current_timestamp(3),
  PRIMARY KEY (`id`),
  KEY `product_stock_product_id_idx` (`product_id`),
  KEY `product_stock_is_used_idx` (`product_id`,`is_used`),
  KEY `product_stock_order_item_id_idx` (`order_item_id`),
  CONSTRAINT `fk_product_stock_product` FOREIGN KEY (`product_id`) REFERENCES `products` (`id`) ON DELETE CASCADE ON UPDATE CASCADE
) ENGINE=InnoDB DEFAULT CHARSET=utf8mb4 COLLATE=utf8mb4_unicode_ci;
/*!40101 SET character_set_client = @saved_cs_client */;

--
-- Dumping data for table `product_stock`
--

LOCK TABLES `product_stock` WRITE;
/*!40000 ALTER TABLE `product_stock` DISABLE KEYS */;
/*!40000 ALTER TABLE `product_stock` ENABLE KEYS */;
UNLOCK TABLES;

--
-- Table structure for table `products`
--

DROP TABLE IF EXISTS `products`;
/*!40101 SET @saved_cs_client     = @@character_set_client */;
/*!40101 SET character_set_client = utf8mb4 */;
CREATE TABLE `products` (
  `id` char(36) NOT NULL,
  `item_type` enum('product','sparepart') NOT NULL DEFAULT 'product',
  `category_id` char(36) NOT NULL,
  `sub_category_id` char(36) DEFAULT NULL,
  `price` decimal(10,2) NOT NULL,
  `image_url` longtext DEFAULT NULL,
  `storage_asset_id` varchar(64) DEFAULT NULL,
  `images` longtext CHARACTER SET utf8mb4 COLLATE utf8mb4_bin DEFAULT json_array() CHECK (json_valid(`images`)),
  `storage_image_ids` longtext CHARACTER SET utf8mb4 COLLATE utf8mb4_bin DEFAULT json_array() CHECK (json_valid(`storage_image_ids`)),
  `is_active` tinyint(1) NOT NULL DEFAULT 1,
  `is_featured` tinyint(1) NOT NULL DEFAULT 0,
  `order_num` int(11) NOT NULL DEFAULT 0,
  `product_code` varchar(64) DEFAULT NULL,
  `stock_quantity` int(11) NOT NULL DEFAULT 0,
  `rating` decimal(3,2) NOT NULL DEFAULT 5.00,
  `review_count` int(11) NOT NULL DEFAULT 0,
  `created_at` datetime(3) NOT NULL DEFAULT current_timestamp(3),
  `updated_at` datetime(3) NOT NULL DEFAULT current_timestamp(3) ON UPDATE current_timestamp(3),
  PRIMARY KEY (`id`),
  UNIQUE KEY `products_code_uq` (`product_code`),
  KEY `products_item_type_idx` (`item_type`),
  KEY `products_category_id_idx` (`category_id`),
  KEY `products_sub_category_id_idx` (`sub_category_id`),
  KEY `products_active_idx` (`is_active`),
  KEY `products_asset_idx` (`storage_asset_id`),
  KEY `products_order_idx` (`order_num`),
  CONSTRAINT `fk_products_category` FOREIGN KEY (`category_id`) REFERENCES `categories` (`id`) ON UPDATE CASCADE,
  CONSTRAINT `fk_products_subcategory` FOREIGN KEY (`sub_category_id`) REFERENCES `sub_categories` (`id`) ON DELETE SET NULL ON UPDATE CASCADE
) ENGINE=InnoDB DEFAULT CHARSET=utf8mb4 COLLATE=utf8mb4_unicode_ci;
/*!40101 SET character_set_client = @saved_cs_client */;

--
-- Dumping data for table `products`
--

LOCK TABLES `products` WRITE;
/*!40000 ALTER TABLE `products` DISABLE KEYS */;
INSERT INTO `products` VALUES
('bbbb0001-2222-4222-8222-bbbbbbbb0001','product','aaaa0003-1111-4111-8111-aaaaaaaa0003','bbbb0201-1111-4111-8111-bbbbbbbb0201',0.00,'https://res.cloudinary.com/dbozv7wqd/image/upload/v1767321365/products/cover/closed-circuit-cooling-tower-1-250x250-1.png',NULL,'[\"https://www.ensotek.de/uploads/material/closed-circuit-cooling-tower-1-250x250-1.jpg\", \"https://www.ensotek.de/uploads/material/closed-circuit-cooling-tower-2-250x250-1.jpg\", \"https://www.ensotek.de/uploads/material/closed-circuit-cooling-tower-3-250x250-1.jpg\"]','[]',1,1,100,'CC-CTP',0,5.00,0,'2026-01-02 03:32:20.519','2026-01-02 03:32:20.519'),
('bbbb0002-2222-4222-8222-bbbbbbbb0002','product','aaaa0002-1111-4111-8111-aaaaaaaa0002','bbbb0102-1111-4111-8111-bbbbbbbb0102',0.00,'https://res.cloudinary.com/dbozv7wqd/image/upload/v1767321557/products/cover/open-circuit-ctp-single-1-250x250-1.png',NULL,'[\"https://www.ensotek.de/uploads/material/open-circuit-ctp-single-1-250x250-1.jpg\", \"https://www.ensotek.de/uploads/material/open-circuit-ctp-single-2-250x250-1.jpg\", \"https://www.ensotek.de/uploads/material/open-circuit-ctp-single-3-250x250-1.jpg\"]','[]',1,1,110,'CTP-SINGLE',0,5.00,0,'2026-01-02 03:32:20.602','2026-01-02 03:32:20.602'),
('bbbb0003-2222-4222-8222-bbbbbbbb0003','product','aaaa0002-1111-4111-8111-aaaaaaaa0002','bbbb0102-1111-4111-8111-bbbbbbbb0102',0.00,'https://res.cloudinary.com/dbozv7wqd/image/upload/v1767321522/products/cover/open-circuit-dctp-double-1-250x250-1.png',NULL,'[\"https://www.ensotek.de/uploads/material/open-circuit-dctp-double-1-250x250-1.jpg\", \"https://www.ensotek.de/uploads/material/open-circuit-dctp-double-2-250x250-1.jpg\", \"https://www.ensotek.de/uploads/material/open-circuit-dctp-double-3-250x250-1.jpg\"]','[]',1,1,120,'DCTP-DOUBLE',0,5.00,0,'2026-01-02 03:32:20.630','2026-01-02 03:32:20.630'),
('bbbb0004-2222-4222-8222-bbbbbbbb0004','product','aaaa0002-1111-4111-8111-aaaaaaaa0002','bbbb0102-1111-4111-8111-bbbbbbbb0102',0.00,'https://res.cloudinary.com/dbozv7wqd/image/upload/v1767321488/products/cover/open-circuit-tctp-triple-1-250x250-1.png',NULL,'[]','[]',1,1,130,'TCTP-TRIPLE',0,5.00,0,'2026-01-02 03:32:20.655','2026-01-02 03:42:19.488'),
('bbbb1501-2222-4222-8222-bbbbbbbb1501','sparepart','aaaa1001-1111-4111-8111-aaaaaaaa1001','bbbb1004-1111-4111-8111-bbbbbbbb1004',0.00,'https://www.ensotek.de/uploads/material/ensotek-sogutma-kulesi-motor-fan-grubu-mekanik-250x250-1.jpg',NULL,'[\"https://www.ensotek.de/uploads/material/ensotek-sogutma-kulesi-motor-fan-grubu-mekanik-250x250-1.jpg\", \"https://www.ensotek.de/uploads/material/ensotek-sogutma-kulesi-reduktorlu-motor-fan-grubu-250x250-1.jpg\", \"https://www.ensotek.de/uploads/material/44-250x250-1.jpg\"]','[]',1,1,1501,'SP-MOTOR-REDUKTOR',0,5.00,0,'2026-01-02 03:32:20.678','2026-01-02 03:32:20.678'),
('bbbb1502-2222-4222-8222-bbbbbbbb1502','sparepart','aaaa1001-1111-4111-8111-aaaaaaaa1001','bbbb1004-1111-4111-8111-bbbbbbbb1004',0.00,'https://www.ensotek.de/uploads/material/titresim-salteri1-250x250-1.jpg',NULL,'[\"https://www.ensotek.de/uploads/material/titresim-salteri1-250x250-1.jpg\", \"https://www.ensotek.de/uploads/material/ensotek-switch-kontakli-titresim-salteri-250x250-1.jpg\", \"https://www.ensotek.de/uploads/material/ensotek-cooling-tower-magnetic-vibration-switch-250x250-1.jpg\"]','[]',1,1,1502,'SP-VIBRATION-SWITCH',0,5.00,0,'2026-01-02 03:32:20.721','2026-01-02 03:32:20.721'),
('bbbb1503-2222-4222-8222-bbbbbbbb1503','sparepart','aaaa1001-1111-4111-8111-aaaaaaaa1001','bbbb1004-1111-4111-8111-bbbbbbbb1004',0.00,'https://www.ensotek.de/uploads/material/fan-1220-250x250-1.jpg',NULL,'[\"https://www.ensotek.de/uploads/material/fan-1220-250x250-1.jpg\", \"https://www.ensotek.de/uploads/material/fan-250x250-1.jpg\", \"https://www.ensotek.de/uploads/material/aluminyum-fan-2-250x250-1.jpg\", \"https://www.ensotek.de/uploads/material/4-kanatli-sac-kule-fani-250x250-1.jpg\"]','[]',1,1,1503,'SP-FAN',0,5.00,0,'2026-01-02 03:32:20.739','2026-01-02 03:32:20.739'),
('bbbb1504-2222-4222-8222-bbbbbbbb1504','sparepart','aaaa1001-1111-4111-8111-aaaaaaaa1001','bbbb1002-1111-4111-8111-bbbbbbbb1002',0.00,'https://www.ensotek.de/uploads/material/metal-servis-penceresi-250x250-1.jpg',NULL,'[\"https://www.ensotek.de/uploads/material/metal-servis-penceresi-250x250-1.jpg\", \"https://www.ensotek.de/uploads/material/ctp-servis-penceresi-250x250-1.jpg\"]','[]',1,1,1504,'SP-SERVICE-WINDOW',0,5.00,0,'2026-01-02 03:32:20.768','2026-01-02 03:32:20.768'),
('bbbb1505-2222-4222-8222-bbbbbbbb1505','sparepart','aaaa1001-1111-4111-8111-aaaaaaaa1001','bbbb1001-1111-4111-8111-bbbbbbbb1001',0.00,'https://www.ensotek.de/uploads/material/su-dagitim-sistemi-250x250-1.jpg',NULL,'[\"https://www.ensotek.de/uploads/material/su-dagitim-sistemi-250x250-1.jpg\", \"https://www.ensotek.de/uploads/material/pvc-kole-ve-pvc-flans-250x250-1.jpg\", \"https://www.ensotek.de/uploads/material/su-dagitim-uygulamasi-250x250-1.jpg\"]','[]',1,1,1505,'SP-WATER-DISTRIBUTION',0,5.00,0,'2026-01-02 03:32:20.804','2026-01-02 03:32:20.804'),
('bbbb1506-2222-4222-8222-bbbbbbbb1506','sparepart','aaaa1001-1111-4111-8111-aaaaaaaa1001','bbbb1001-1111-4111-8111-bbbbbbbb1001',0.00,'https://www.ensotek.de/uploads/material/ensotek-kademeli-nozul-2-250x250-1.jpg',NULL,'[\"https://www.ensotek.de/uploads/material/ensotek-kademeli-nozul-2-250x250-1.jpg\", \"https://www.ensotek.de/uploads/material/papatya-nozul-250x250-1.jpg\", \"https://www.ensotek.de/uploads/material/rk-fiskiyeleri-250x250-1.jpg\", \"https://www.ensotek.de/uploads/material/ithal-kule-nozulu-1-250x250-1.jpg\", \"https://www.ensotek.de/uploads/material/ithal-kule-nozul-2-250x250-1.jpg\", \"https://www.ensotek.de/uploads/material/ithal-kule-nozulu-4-250x250-1.jpg\", \"https://www.ensotek.de/uploads/material/ithal-kule-nozulu-3-250x250-1.jpg\"]','[]',1,1,1506,'SP-NOZZLE',0,5.00,0,'2026-01-02 03:32:20.827','2026-01-02 03:32:20.827'),
('bbbb1507-2222-4222-8222-bbbbbbbb1507','sparepart','aaaa1001-1111-4111-8111-aaaaaaaa1001','bbbb1001-1111-4111-8111-bbbbbbbb1001',0.00,'https://www.ensotek.de/uploads/material/ctp-pultruzyon-1-250x250-1.jpg',NULL,'[\"https://www.ensotek.de/uploads/material/ctp-pultruzyon-1-250x250-1.jpg\", \"https://www.ensotek.de/uploads/material/ctp-pultruzyon-profil-2-250x250-1.jpg\", \"https://www.ensotek.de/uploads/material/sogutma-kulesi-profili-4-250x250-1.jpg\"]','[]',1,1,1507,'SP-FRP-PULTRUSION-PROFILES',0,5.00,0,'2026-01-02 03:32:20.866','2026-01-02 03:32:20.866'),
('bbbb1508-2222-4222-8222-bbbbbbbb1508','sparepart','aaaa1001-1111-4111-8111-aaaaaaaa1001','bbbb1002-1111-4111-8111-bbbbbbbb1002',0.00,'https://www.ensotek.de/uploads/material/damlatutucu3-250x250-1.jpg',NULL,'[\"https://www.ensotek.de/uploads/material/damlatutucu2-250x250-1.jpg\", \"https://www.ensotek.de/uploads/material/damla-tutucu-pvc-c-145x45-250x250-1.jpg\", \"https://www.ensotek.de/uploads/material/damlatutucu3-250x250-1.jpg\", \"https://www.ensotek.de/uploads/material/cooling-tower-drift-eliminator-250x250-1.jpg\"]','[]',1,1,1508,'SP-DRIFT-ELIMINATOR',0,5.00,0,'2026-01-02 03:32:20.898','2026-01-02 03:32:20.898'),
('bbbb1509-2222-4222-8222-bbbbbbbb1509','sparepart','aaaa1001-1111-4111-8111-aaaaaaaa1001','bbbb1003-1111-4111-8111-bbbbbbbb1003',0.00,'https://www.ensotek.de/uploads/material/pvc-cf-12-petek-dolgu_1-250x250-1.jpg',NULL,'[\"https://www.ensotek.de/uploads/material/pvc-cf-12-petek-dolgu_1-250x250-1.jpg\", \"https://www.ensotek.de/uploads/material/pvc-cf-19-petek-dolgu-250x250-1.jpg\", \"https://www.ensotek.de/uploads/material/pvc-cf-30-petek-dolgu-250x250-1.jpg\", \"https://www.ensotek.de/uploads/material/pvc-cf-m-sogutma-kulesi-dolgusu-250x250-1.jpg\", \"https://www.ensotek.de/uploads/material/pvc-cf-o-sogutma-kulesi-dolgusu_1-250x250-1.jpg\"]','[]',1,1,1509,'SP-PVC-FILM-FILL',0,5.00,0,'2026-01-02 03:32:20.926','2026-01-02 03:32:20.926'),
('bbbb1510-2222-4222-8222-bbbbbbbb1510','sparepart','aaaa1001-1111-4111-8111-aaaaaaaa1001','bbbb1003-1111-4111-8111-bbbbbbbb1003',0.00,'https://www.ensotek.de/uploads/material/bigudi-250x250-1.jpg',NULL,'[\"https://www.ensotek.de/uploads/material/bigudi-250x250-1.jpg\", \"https://www.ensotek.de/uploads/material/su-dagitim-250x250-1.jpg\"]','[]',1,1,1510,'SP-PP-RING-FILL',0,5.00,0,'2026-01-02 03:32:20.968','2026-01-02 03:32:20.968'),
('bbbb1511-2222-4222-8222-bbbbbbbb1511','sparepart','aaaa1001-1111-4111-8111-aaaaaaaa1001','bbbb1003-1111-4111-8111-bbbbbbbb1003',0.00,'https://www.ensotek.de/uploads/material/grid-250x250-1.jpg',NULL,'[\"https://www.ensotek.de/uploads/material/grid-250x250-1.jpg\", \"https://www.ensotek.de/uploads/material/splash-grid-dolgu_1-250x250-1.jpg\"]','[]',1,1,1511,'SP-SPLASH-GRID-FILL',0,5.00,0,'2026-01-02 03:32:20.993','2026-01-02 03:32:20.993'),
('bbbb1512-2222-4222-8222-bbbbbbbb1512','sparepart','aaaa1001-1111-4111-8111-aaaaaaaa1001','bbbb1003-1111-4111-8111-bbbbbbbb1003',0.00,'https://www.ensotek.de/uploads/material/rashing-halkasi-250x250-1.jpg',NULL,'[\"https://www.ensotek.de/uploads/material/rashing-halkasi-250x250-1.jpg\", \"https://www.ensotek.de/uploads/material/scrubber-rashing-halkasi2-250x250-1.jpg\", \"https://www.ensotek.de/uploads/material/scrubber-rashing-halkasi-250x250-1.jpg\"]','[]',1,1,1512,'SP-RASCHIG-RING',0,5.00,0,'2026-01-02 03:32:21.014','2026-01-02 03:32:21.014'),
('bbbb1513-2222-4222-8222-bbbbbbbb1513','sparepart','aaaa1001-1111-4111-8111-aaaaaaaa1001','bbbb1001-1111-4111-8111-bbbbbbbb1001',0.00,'https://www.ensotek.de/uploads/material/hava-giris-panjuru2-250x250-1.jpg',NULL,'[\"https://www.ensotek.de/uploads/material/hava-giris-panjuru2-250x250-1.jpg\"]','[]',1,1,1513,'SP-AIR-INLET-LOUVERS',0,5.00,0,'2026-01-02 03:32:21.051','2026-01-02 03:32:21.051');
/*!40000 ALTER TABLE `products` ENABLE KEYS */;
UNLOCK TABLES;

--
-- Table structure for table `profiles`
--

DROP TABLE IF EXISTS `profiles`;
/*!40101 SET @saved_cs_client     = @@character_set_client */;
/*!40101 SET character_set_client = utf8mb4 */;
CREATE TABLE `profiles` (
  `id` char(36) NOT NULL,
  `full_name` text DEFAULT NULL,
  `phone` varchar(64) DEFAULT NULL,
  `avatar_url` text DEFAULT NULL,
  `address_line1` varchar(255) DEFAULT NULL,
  `address_line2` varchar(255) DEFAULT NULL,
  `city` varchar(128) DEFAULT NULL,
  `country` varchar(128) DEFAULT NULL,
  `postal_code` varchar(32) DEFAULT NULL,
  `created_at` datetime(3) NOT NULL DEFAULT current_timestamp(3),
  `updated_at` datetime(3) NOT NULL DEFAULT current_timestamp(3) ON UPDATE current_timestamp(3),
  PRIMARY KEY (`id`),
  CONSTRAINT `fk_profiles_id_users_id` FOREIGN KEY (`id`) REFERENCES `users` (`id`) ON DELETE CASCADE ON UPDATE CASCADE
) ENGINE=InnoDB DEFAULT CHARSET=utf8mb4 COLLATE=utf8mb4_unicode_ci;
/*!40101 SET character_set_client = @saved_cs_client */;

--
-- Dumping data for table `profiles`
--

LOCK TABLES `profiles` WRITE;
/*!40000 ALTER TABLE `profiles` DISABLE KEYS */;
INSERT INTO `profiles` VALUES
('0ac37a5c-a8be-4d25-b853-1e5c9574c1b3','Mehmet Kuber','05454905148',NULL,NULL,NULL,NULL,NULL,NULL,'2026-01-02 03:32:19.794','2026-01-02 03:32:19.794'),
('19a2bc26-63d1-43ad-ab56-d7f3c3719a34','Nuri Muh','05414417854',NULL,NULL,NULL,NULL,NULL,NULL,'2026-01-02 03:32:19.794','2026-01-02 03:32:19.794'),
('4a8fb7f7-0668-4429-9309-fe88ac90eed2','Sultan Abdü','05427354197',NULL,NULL,NULL,NULL,NULL,NULL,'2026-01-02 03:32:19.794','2026-01-02 03:32:19.794'),
('4f618a8d-6fdb-498c-898a-395d368b2193','Orhan Güzel','+905551112233',NULL,NULL,NULL,NULL,NULL,NULL,'2026-01-02 03:32:19.802','2026-01-02 03:32:19.802'),
('7129bc31-88dc-42da-ab80-415a21f2ea9a','Melih Keçeci',NULL,NULL,NULL,NULL,NULL,NULL,NULL,'2026-01-02 03:32:19.794','2026-01-02 03:32:19.794'),
('d279bb9d-797d-4972-a8bd-a77a40caba91','Keçeci Melih','05425547474',NULL,NULL,NULL,NULL,NULL,NULL,'2026-01-02 03:32:19.794','2026-01-02 03:32:19.794');
/*!40000 ALTER TABLE `profiles` ENABLE KEYS */;
UNLOCK TABLES;

--
-- Table structure for table `reference_images`
--

DROP TABLE IF EXISTS `reference_images`;
/*!40101 SET @saved_cs_client     = @@character_set_client */;
/*!40101 SET character_set_client = utf8mb4 */;
CREATE TABLE `reference_images` (
  `id` char(36) NOT NULL,
  `reference_id` char(36) NOT NULL,
  `image_url` varchar(500) DEFAULT NULL,
  `storage_asset_id` char(36) DEFAULT NULL,
  `is_featured` tinyint(1) NOT NULL DEFAULT 0,
  `display_order` int(11) NOT NULL DEFAULT 0,
  `is_published` tinyint(1) NOT NULL DEFAULT 0,
  `created_at` datetime(3) NOT NULL,
  `updated_at` datetime(3) NOT NULL,
  PRIMARY KEY (`id`),
  UNIQUE KEY `ux_reference_images_parent_order` (`reference_id`,`display_order`),
  KEY `ix_reference_images_reference_id` (`reference_id`),
  CONSTRAINT `fk_reference_images_reference` FOREIGN KEY (`reference_id`) REFERENCES `references` (`id`) ON DELETE CASCADE ON UPDATE CASCADE
) ENGINE=InnoDB DEFAULT CHARSET=utf8mb4 COLLATE=utf8mb4_unicode_ci;
/*!40101 SET character_set_client = @saved_cs_client */;

--
-- Dumping data for table `reference_images`
--

LOCK TABLES `reference_images` WRITE;
/*!40000 ALTER TABLE `reference_images` DISABLE KEYS */;
INSERT INTO `reference_images` VALUES
('9d9d5201-0001-4222-8222-520100000001','7b1b5201-0001-4222-8222-520100000001','https://images.unsplash.com/photo-1487875961445-47a00398c267?auto=format&fit=crop&w=1600&h=900&q=80',NULL,1,1,1,'2026-01-02 03:32:21.350','2026-01-02 03:32:21.361'),
('9d9d5201-0001-4222-8222-520100000002','7b1b5201-0002-4222-8222-520100000002','https://images.unsplash.com/photo-1509391366360-2e959784a276?auto=format&fit=crop&w=1600&h=900&q=80',NULL,1,1,1,'2026-01-02 03:32:21.350','2026-01-02 03:32:21.350'),
('9d9d5201-0001-4222-8222-520100000003','7b1b5201-0003-4222-8222-520100000003','https://images.unsplash.com/photo-1473341304170-971dccb5ac1e?auto=format&fit=crop&w=1600&h=900&q=80',NULL,1,1,1,'2026-01-02 03:32:21.350','2026-01-02 03:32:21.350'),
('9d9d5201-0001-4222-8222-520100000004','7b1b5201-0004-4222-8222-520100000004','https://images.unsplash.com/photo-1466611653911-95081537e5b7?auto=format&fit=crop&w=1600&h=900&q=80',NULL,1,1,1,'2026-01-02 03:32:21.350','2026-01-02 03:32:21.350'),
('9d9d5201-0001-4222-8222-520100000005','7b1b5201-0005-4222-8222-520100000005','https://images.unsplash.com/photo-1497435334941-8c899ee9e8e9?auto=format&fit=crop&w=1600&h=900&q=80',NULL,1,1,1,'2026-01-02 03:32:21.350','2026-01-02 03:32:21.350'),
('9d9d5201-0002-4222-8222-520100000001','7b1b5201-0001-4222-8222-520100000001','https://images.unsplash.com/photo-1600585154340-be6161a56a0c?auto=format&fit=crop&w=1600&h=900&q=80',NULL,0,2,1,'2026-01-02 03:32:21.350','2026-01-02 03:32:21.361'),
('9d9d5201-0002-4222-8222-520100000002','7b1b5201-0002-4222-8222-520100000002','https://images.unsplash.com/photo-1600585154340-be6161a56a0c?auto=format&fit=crop&w=1600&h=900&q=80',NULL,0,2,1,'2026-01-02 03:32:21.350','2026-01-02 03:32:21.350'),
('9d9d5201-0002-4222-8222-520100000003','7b1b5201-0003-4222-8222-520100000003','https://images.unsplash.com/photo-1600585154340-be6161a56a0c?auto=format&fit=crop&w=1600&h=900&q=80',NULL,0,2,1,'2026-01-02 03:32:21.350','2026-01-02 03:32:21.350'),
('9d9d5201-0002-4222-8222-520100000004','7b1b5201-0004-4222-8222-520100000004','https://images.unsplash.com/photo-1600585154340-be6161a56a0c?auto=format&fit=crop&w=1600&h=900&q=80',NULL,0,2,1,'2026-01-02 03:32:21.350','2026-01-02 03:32:21.350'),
('9d9d5201-0002-4222-8222-520100000005','7b1b5201-0005-4222-8222-520100000005','https://images.unsplash.com/photo-1600585154340-be6161a56a0c?auto=format&fit=crop&w=1600&h=900&q=80',NULL,0,2,1,'2026-01-02 03:32:21.350','2026-01-02 03:32:21.350'),
('9d9d5201-0003-4222-8222-520100000001','7b1b5201-0001-4222-8222-520100000001','https://images.unsplash.com/photo-1550751827-4bd374c3f58b?auto=format&fit=crop&w=1600&h=900&q=80',NULL,0,3,1,'2026-01-02 03:32:21.350','2026-01-02 03:32:21.361'),
('9d9d5201-0003-4222-8222-520100000002','7b1b5201-0002-4222-8222-520100000002','https://images.unsplash.com/photo-1550751827-4bd374c3f58b?auto=format&fit=crop&w=1600&h=900&q=80',NULL,0,3,1,'2026-01-02 03:32:21.350','2026-01-02 03:32:21.350'),
('9d9d5201-0003-4222-8222-520100000003','7b1b5201-0003-4222-8222-520100000003','https://images.unsplash.com/photo-1550751827-4bd374c3f58b?auto=format&fit=crop&w=1600&h=900&q=80',NULL,0,3,1,'2026-01-02 03:32:21.350','2026-01-02 03:32:21.350'),
('9d9d5201-0003-4222-8222-520100000004','7b1b5201-0004-4222-8222-520100000004','https://images.unsplash.com/photo-1550751827-4bd374c3f58b?auto=format&fit=crop&w=1600&h=900&q=80',NULL,0,3,1,'2026-01-02 03:32:21.350','2026-01-02 03:32:21.350'),
('9d9d5201-0003-4222-8222-520100000005','7b1b5201-0005-4222-8222-520100000005','https://images.unsplash.com/photo-1550751827-4bd374c3f58b?auto=format&fit=crop&w=1600&h=900&q=80',NULL,0,3,1,'2026-01-02 03:32:21.350','2026-01-02 03:32:21.350');
/*!40000 ALTER TABLE `reference_images` ENABLE KEYS */;
UNLOCK TABLES;

--
-- Table structure for table `reference_images_i18n`
--

DROP TABLE IF EXISTS `reference_images_i18n`;
/*!40101 SET @saved_cs_client     = @@character_set_client */;
/*!40101 SET character_set_client = utf8mb4 */;
CREATE TABLE `reference_images_i18n` (
  `id` char(36) NOT NULL,
  `image_id` char(36) NOT NULL,
  `locale` varchar(10) NOT NULL,
  `title` varchar(200) DEFAULT NULL,
  `alt` varchar(255) DEFAULT NULL,
  `created_at` datetime(3) NOT NULL,
  `updated_at` datetime(3) NOT NULL,
  PRIMARY KEY (`id`),
  UNIQUE KEY `ux_ref_image_i18n_parent_locale` (`image_id`,`locale`),
  KEY `ix_ref_image_i18n_image_id` (`image_id`),
  KEY `ix_ref_image_i18n_locale` (`locale`),
  CONSTRAINT `fk_ref_image_i18n_image` FOREIGN KEY (`image_id`) REFERENCES `reference_images` (`id`) ON DELETE CASCADE ON UPDATE CASCADE
) ENGINE=InnoDB DEFAULT CHARSET=utf8mb4 COLLATE=utf8mb4_unicode_ci;
/*!40101 SET character_set_client = @saved_cs_client */;

--
-- Dumping data for table `reference_images_i18n`
--

LOCK TABLES `reference_images_i18n` WRITE;
/*!40000 ALTER TABLE `reference_images_i18n` DISABLE KEYS */;
INSERT INTO `reference_images_i18n` VALUES
('7a7a5201-0001-4222-8222-520100000001','9d9d5201-0001-4222-8222-520100000001','tr','Enerjisa – Görsel 1','Enerjisa – referans görseli','2026-01-02 03:32:21.377','2026-01-02 03:32:21.377'),
('7a7a5201-0002-4222-8222-520100000001','9d9d5201-0002-4222-8222-520100000001','tr','Enerjisa – Görsel 2','Enerjisa – referans görseli','2026-01-02 03:32:21.377','2026-01-02 03:32:21.377'),
('7a7a5201-0003-4222-8222-520100000001','9d9d5201-0003-4222-8222-520100000001','tr','Enerjisa – Görsel 3','Enerjisa – referans görseli','2026-01-02 03:32:21.377','2026-01-02 03:32:21.377'),
('7b7b5201-0001-4222-8222-520100000001','9d9d5201-0001-4222-8222-520100000001','en','Enerjisa – Image 1','Enerjisa – reference image','2026-01-02 03:32:21.369','2026-01-02 03:32:21.369'),
('7b7b5201-0002-4222-8222-520100000001','9d9d5201-0002-4222-8222-520100000001','en','Enerjisa – Image 2','Enerjisa – reference image','2026-01-02 03:32:21.369','2026-01-02 03:32:21.369'),
('7b7b5201-0003-4222-8222-520100000001','9d9d5201-0003-4222-8222-520100000001','en','Enerjisa – Image 3','Enerjisa – reference image','2026-01-02 03:32:21.369','2026-01-02 03:32:21.369'),
('7c7c5201-0001-4222-8222-520100000001','9d9d5201-0001-4222-8222-520100000001','de','Enerjisa – Bild 1','Enerjisa – Referenzbild','2026-01-02 03:32:21.363','2026-01-02 03:32:21.363'),
('7c7c5201-0002-4222-8222-520100000001','9d9d5201-0002-4222-8222-520100000001','de','Enerjisa – Bild 2','Enerjisa – Referenzbild','2026-01-02 03:32:21.363','2026-01-02 03:32:21.363'),
('7c7c5201-0003-4222-8222-520100000001','9d9d5201-0003-4222-8222-520100000001','de','Enerjisa – Bild 3','Enerjisa – Referenzbild','2026-01-02 03:32:21.363','2026-01-02 03:32:21.363');
/*!40000 ALTER TABLE `reference_images_i18n` ENABLE KEYS */;
UNLOCK TABLES;

--
-- Table structure for table `references`
--

DROP TABLE IF EXISTS `references`;
/*!40101 SET @saved_cs_client     = @@character_set_client */;
/*!40101 SET character_set_client = utf8mb4 */;
CREATE TABLE `references` (
  `id` char(36) NOT NULL,
  `is_published` tinyint(1) NOT NULL DEFAULT 0,
  `is_featured` tinyint(1) NOT NULL DEFAULT 0,
  `display_order` int(11) NOT NULL DEFAULT 0,
  `featured_image` varchar(500) DEFAULT NULL,
  `featured_image_asset_id` char(36) DEFAULT NULL,
  `website_url` varchar(500) DEFAULT NULL,
  `category_id` char(36) DEFAULT NULL,
  `sub_category_id` char(36) DEFAULT NULL,
  `created_at` datetime(3) NOT NULL DEFAULT current_timestamp(3),
  `updated_at` datetime(3) NOT NULL DEFAULT current_timestamp(3) ON UPDATE current_timestamp(3),
  PRIMARY KEY (`id`),
  KEY `references_created_idx` (`created_at`),
  KEY `references_updated_idx` (`updated_at`),
  KEY `references_published_idx` (`is_published`),
  KEY `references_featured_idx` (`is_featured`),
  KEY `references_display_order_idx` (`display_order`),
  KEY `references_featured_asset_idx` (`featured_image_asset_id`),
  KEY `references_category_id_idx` (`category_id`),
  KEY `references_sub_category_id_idx` (`sub_category_id`),
  CONSTRAINT `fk_references_category` FOREIGN KEY (`category_id`) REFERENCES `categories` (`id`) ON DELETE SET NULL ON UPDATE CASCADE,
  CONSTRAINT `fk_references_sub_category` FOREIGN KEY (`sub_category_id`) REFERENCES `sub_categories` (`id`) ON DELETE SET NULL ON UPDATE CASCADE
) ENGINE=InnoDB DEFAULT CHARSET=utf8mb4 COLLATE=utf8mb4_unicode_ci;
/*!40101 SET character_set_client = @saved_cs_client */;

--
-- Dumping data for table `references`
--

LOCK TABLES `references` WRITE;
/*!40000 ALTER TABLE `references` DISABLE KEYS */;
INSERT INTO `references` VALUES
('7b1b5201-0001-4222-8222-520100000001',1,1,101,'https://images.unsplash.com/photo-1487875961445-47a00398c267?auto=format&fit=crop&w=1600&h=900&q=80',NULL,'https://www.enerjisa.com.tr','aaaa5002-1111-4111-8111-aaaaaaaa5002','bbbb5201-1111-4111-8111-bbbbbbbb5201','2026-01-02 03:32:21.220','2026-01-02 03:32:21.220'),
('7b1b5201-0002-4222-8222-520100000002',1,0,102,'https://images.unsplash.com/photo-1509391366360-2e959784a276?auto=format&fit=crop&w=1600&h=900&q=80',NULL,'https://www.aksaenerji.com.tr','aaaa5002-1111-4111-8111-aaaaaaaa5002','bbbb5201-1111-4111-8111-bbbbbbbb5201','2026-01-02 03:32:21.220','2026-01-02 03:32:21.220'),
('7b1b5201-0003-4222-8222-520100000003',1,0,103,'https://images.unsplash.com/photo-1473341304170-971dccb5ac1e?auto=format&fit=crop&w=1600&h=900&q=80',NULL,'https://www.zorluenerji.com.tr','aaaa5002-1111-4111-8111-aaaaaaaa5002','bbbb5201-1111-4111-8111-bbbbbbbb5201','2026-01-02 03:32:21.220','2026-01-02 03:32:21.220'),
('7b1b5201-0004-4222-8222-520100000004',1,0,104,'https://images.unsplash.com/photo-1466611653911-95081537e5b7?auto=format&fit=crop&w=1600&h=900&q=80',NULL,'https://www.enerjisauretim.com.tr','aaaa5002-1111-4111-8111-aaaaaaaa5002','bbbb5201-1111-4111-8111-bbbbbbbb5201','2026-01-02 03:32:21.220','2026-01-02 03:32:21.220'),
('7b1b5201-0005-4222-8222-520100000005',1,0,105,'https://images.unsplash.com/photo-1497435334941-8c899ee9e8e9?auto=format&fit=crop&w=1600&h=900&q=80',NULL,'https://www.limak.com.tr','aaaa5002-1111-4111-8111-aaaaaaaa5002','bbbb5201-1111-4111-8111-bbbbbbbb5201','2026-01-02 03:32:21.220','2026-01-02 03:32:21.220'),
('7b1b5202-0001-4222-8222-520200000001',1,1,201,'https://images.unsplash.com/photo-1581092919535-7146c1f6df2e?auto=format&fit=crop&w=1600&h=900&q=80',NULL,'https://www.tupras.com.tr','aaaa5002-1111-4111-8111-aaaaaaaa5002','bbbb5202-1111-4111-8111-bbbbbbbb5202','2026-01-02 03:32:21.220','2026-01-02 03:32:21.220'),
('7b1b5202-0002-4222-8222-520200000002',1,0,202,'https://images.unsplash.com/photo-1581090700227-1e37b190418e?auto=format&fit=crop&w=1600&h=900&q=80',NULL,'https://www.petkim.com.tr','aaaa5002-1111-4111-8111-aaaaaaaa5002','bbbb5202-1111-4111-8111-bbbbbbbb5202','2026-01-02 03:32:21.220','2026-01-02 03:32:21.220'),
('7b1b5202-0003-4222-8222-520200000003',1,0,203,'https://images.unsplash.com/photo-1582719478250-c89cae4dc85b?auto=format&fit=crop&w=1600&h=900&q=80',NULL,'https://www.sasa.com.tr','aaaa5002-1111-4111-8111-aaaaaaaa5002','bbbb5202-1111-4111-8111-bbbbbbbb5202','2026-01-02 03:32:21.220','2026-01-02 03:32:21.220'),
('7b1b5202-0004-4222-8222-520200000004',1,0,204,'https://images.unsplash.com/photo-1600166898405-da9535204843?auto=format&fit=crop&w=1600&h=900&q=80',NULL,'https://www.aygaz.com.tr','aaaa5002-1111-4111-8111-aaaaaaaa5002','bbbb5202-1111-4111-8111-bbbbbbbb5202','2026-01-02 03:32:21.220','2026-01-02 03:32:21.220'),
('7b1b5202-0005-4222-8222-520200000005',1,0,205,'https://images.unsplash.com/photo-1604908554162-45f7f4d6c0a8?auto=format&fit=crop&w=1600&h=900&q=80',NULL,'https://www.socar.com.tr','aaaa5002-1111-4111-8111-aaaaaaaa5002','bbbb5202-1111-4111-8111-bbbbbbbb5202','2026-01-02 03:32:21.220','2026-01-02 03:32:21.220'),
('7b1b5203-0001-4222-8222-520300000001',1,1,301,'https://images.unsplash.com/photo-1509395176047-4a66953fd231?auto=format&fit=crop&w=1600&h=900&q=80',NULL,'https://www.oyakcimento.com','aaaa5002-1111-4111-8111-aaaaaaaa5002','bbbb5203-1111-4111-8111-bbbbbbbb5203','2026-01-02 03:32:21.220','2026-01-02 03:32:21.220'),
('7b1b5203-0002-4222-8222-520300000002',1,0,302,'https://images.unsplash.com/photo-1600880292203-757bb62b4baf?auto=format&fit=crop&w=1600&h=900&q=80',NULL,'https://www.akcansa.com.tr','aaaa5002-1111-4111-8111-aaaaaaaa5002','bbbb5203-1111-4111-8111-bbbbbbbb5203','2026-01-02 03:32:21.220','2026-01-02 03:32:21.220'),
('7b1b5203-0003-4222-8222-520300000003',1,0,303,'https://images.unsplash.com/photo-1581092580497-e0d23cbdf1dc?auto=format&fit=crop&w=1600&h=900&q=80',NULL,'https://www.limak.com.tr','aaaa5002-1111-4111-8111-aaaaaaaa5002','bbbb5203-1111-4111-8111-bbbbbbbb5203','2026-01-02 03:32:21.220','2026-01-02 03:32:21.220'),
('7b1b5203-0004-4222-8222-520300000004',1,0,304,'https://images.unsplash.com/photo-1586864387967-d02ef85d93e8?auto=format&fit=crop&w=1600&h=900&q=80',NULL,'https://www.cimsa.com.tr','aaaa5002-1111-4111-8111-aaaaaaaa5002','bbbb5203-1111-4111-8111-bbbbbbbb5203','2026-01-02 03:32:21.220','2026-01-02 03:32:21.220'),
('7b1b5203-0005-4222-8222-520300000005',1,0,305,'https://images.unsplash.com/photo-1611270639973-3d7d6b5f76d2?auto=format&fit=crop&w=1600&h=900&q=80',NULL,'https://www.nuhcimento.com.tr','aaaa5002-1111-4111-8111-aaaaaaaa5002','bbbb5203-1111-4111-8111-bbbbbbbb5203','2026-01-02 03:32:21.220','2026-01-02 03:32:21.220'),
('7b1b5204-0001-4222-8222-520400000001',1,1,401,'https://images.unsplash.com/photo-1542838132-92c53300491e?auto=format&fit=crop&w=1600&h=900&q=80',NULL,'https://www.ulker.com.tr','aaaa5002-1111-4111-8111-aaaaaaaa5002','bbbb5204-1111-4111-8111-bbbbbbbb5204','2026-01-02 03:32:21.220','2026-01-02 03:32:21.220'),
('7b1b5204-0002-4222-8222-520400000002',1,0,402,'https://images.unsplash.com/photo-1546549032-9571cd6b27df?auto=format&fit=crop&w=1600&h=900&q=80',NULL,'https://www.etietieti.com','aaaa5002-1111-4111-8111-aaaaaaaa5002','bbbb5204-1111-4111-8111-bbbbbbbb5204','2026-01-02 03:32:21.220','2026-01-02 03:32:21.220'),
('7b1b5204-0003-4222-8222-520400000003',1,0,403,'https://images.unsplash.com/photo-1524594157365-5a4d7d2b3a7b?auto=format&fit=crop&w=1600&h=900&q=80',NULL,'https://www.sutas.com.tr','aaaa5002-1111-4111-8111-aaaaaaaa5002','bbbb5204-1111-4111-8111-bbbbbbbb5204','2026-01-02 03:32:21.220','2026-01-02 03:32:21.220'),
('7b1b5204-0004-4222-8222-520400000004',1,0,404,'https://images.unsplash.com/photo-1541976844346-f18aeac57b06?auto=format&fit=crop&w=1600&h=900&q=80',NULL,'https://www.pinar.com.tr','aaaa5002-1111-4111-8111-aaaaaaaa5002','bbbb5204-1111-4111-8111-bbbbbbbb5204','2026-01-02 03:32:21.220','2026-01-02 03:32:21.220'),
('7b1b5204-0005-4222-8222-520400000005',1,0,405,'https://images.unsplash.com/photo-1514361892635-eae31c7a226f?auto=format&fit=crop&w=1600&h=900&q=80',NULL,'https://www.anadoluefes.com','aaaa5002-1111-4111-8111-aaaaaaaa5002','bbbb5204-1111-4111-8111-bbbbbbbb5204','2026-01-02 03:32:21.220','2026-01-02 03:32:21.220'),
('7b1b5205-0001-4222-8222-520500000001',1,1,501,'https://images.unsplash.com/photo-1518709268805-4e9042af9f23?auto=format&fit=crop&w=1600&h=900&q=80',NULL,'https://www.erdemir.com.tr','aaaa5002-1111-4111-8111-aaaaaaaa5002','bbbb5205-1111-4111-8111-bbbbbbbb5205','2026-01-02 03:32:21.220','2026-01-02 03:32:21.220'),
('7b1b5205-0002-4222-8222-520500000002',1,0,502,'https://images.unsplash.com/photo-1589792923962-537704632910?auto=format&fit=crop&w=1600&h=900&q=80',NULL,'https://www.tosyali.com.tr','aaaa5002-1111-4111-8111-aaaaaaaa5002','bbbb5205-1111-4111-8111-bbbbbbbb5205','2026-01-02 03:32:21.220','2026-01-02 03:32:21.220'),
('7b1b5205-0003-4222-8222-520500000003',1,0,503,'https://images.unsplash.com/photo-1581091215367-59ab6d79d6f5?auto=format&fit=crop&w=1600&h=900&q=80',NULL,'https://www.isdemir.com.tr','aaaa5002-1111-4111-8111-aaaaaaaa5002','bbbb5205-1111-4111-8111-bbbbbbbb5205','2026-01-02 03:32:21.220','2026-01-02 03:32:21.220'),
('7b1b5205-0004-4222-8222-520500000004',1,0,504,'https://images.unsplash.com/photo-1520607162513-77705c0f0d4a?auto=format&fit=crop&w=1600&h=900&q=80',NULL,'https://www.kardemir.com.tr','aaaa5002-1111-4111-8111-aaaaaaaa5002','bbbb5205-1111-4111-8111-bbbbbbbb5205','2026-01-02 03:32:21.220','2026-01-02 03:32:21.220'),
('7b1b5205-0005-4222-8222-520500000005',1,0,505,'https://images.unsplash.com/photo-1541971875076-8f970d573be6?auto=format&fit=crop&w=1600&h=900&q=80',NULL,'https://www.colakoglu.com.tr','aaaa5002-1111-4111-8111-aaaaaaaa5002','bbbb5205-1111-4111-8111-bbbbbbbb5205','2026-01-02 03:32:21.220','2026-01-02 03:32:21.220'),
('7b1b5206-0001-4222-8222-520600000001',1,1,601,'https://images.unsplash.com/photo-1483729558449-99ef09a8c325?auto=format&fit=crop&w=1600&h=900&q=80',NULL,'https://www.fordotosan.com.tr','aaaa5002-1111-4111-8111-aaaaaaaa5002','bbbb5206-1111-4111-8111-bbbbbbbb5206','2026-01-02 03:32:21.220','2026-01-02 03:32:21.220'),
('7b1b5206-0002-4222-8222-520600000002',1,0,602,'https://images.unsplash.com/photo-1517524206127-48bbd363f3d7?auto=format&fit=crop&w=1600&h=900&q=80',NULL,'https://www.tofas.com.tr','aaaa5002-1111-4111-8111-aaaaaaaa5002','bbbb5206-1111-4111-8111-bbbbbbbb5206','2026-01-02 03:32:21.220','2026-01-02 03:32:21.220'),
('7b1b5206-0003-4222-8222-520600000003',1,0,603,'https://images.unsplash.com/photo-1533106418989-88406c7cc8ca?auto=format&fit=crop&w=1600&h=900&q=80',NULL,'https://www.togg.com.tr','aaaa5002-1111-4111-8111-aaaaaaaa5002','bbbb5206-1111-4111-8111-bbbbbbbb5206','2026-01-02 03:32:21.220','2026-01-02 03:32:21.220'),
('7b1b5206-0004-4222-8222-520600000004',1,0,604,'https://images.unsplash.com/photo-1503376780353-7e6692767b70?auto=format&fit=crop&w=1600&h=900&q=80',NULL,'https://www.oyak.com.tr','aaaa5002-1111-4111-8111-aaaaaaaa5002','bbbb5206-1111-4111-8111-bbbbbbbb5206','2026-01-02 03:32:21.220','2026-01-02 03:32:21.220'),
('7b1b5206-0005-4222-8222-520600000005',1,0,605,'https://images.unsplash.com/photo-1511919884226-fd3cad34687c?auto=format&fit=crop&w=1600&h=900&q=80',NULL,'https://www.mercedes-benz.com.tr','aaaa5002-1111-4111-8111-aaaaaaaa5002','bbbb5206-1111-4111-8111-bbbbbbbb5206','2026-01-02 03:32:21.220','2026-01-02 03:32:21.220'),
('7b1b5207-0001-4222-8222-520700000001',1,1,701,'https://images.unsplash.com/photo-1519567241046-7f570eee3ce6?auto=format&fit=crop&w=1600&h=900&q=80',NULL,'https://www.ece.com','aaaa5002-1111-4111-8111-aaaaaaaa5002','bbbb5207-1111-4111-8111-bbbbbbbb5207','2026-01-02 03:32:21.220','2026-01-02 03:32:21.220'),
('7b1b5207-0002-4222-8222-520700000002',1,0,702,'https://images.unsplash.com/photo-1486406146926-c627a92ad1ab?auto=format&fit=crop&w=1600&h=900&q=80',NULL,'https://www.renesans.com','aaaa5002-1111-4111-8111-aaaaaaaa5002','bbbb5207-1111-4111-8111-bbbbbbbb5207','2026-01-02 03:32:21.220','2026-01-02 03:32:21.220'),
('7b1b5207-0003-4222-8222-520700000003',1,0,703,'https://images.unsplash.com/photo-1441986300917-64674bd600d8?auto=format&fit=crop&w=1600&h=900&q=80',NULL,'https://www.zorlu.com.tr','aaaa5002-1111-4111-8111-aaaaaaaa5002','bbbb5207-1111-4111-8111-bbbbbbbb5207','2026-01-02 03:32:21.220','2026-01-02 03:32:21.220'),
('7b1b5207-0004-4222-8222-520700000004',1,0,704,'https://images.unsplash.com/photo-1523419409543-a5e549c1faa0?auto=format&fit=crop&w=1600&h=900&q=80',NULL,'https://www.enka.com','aaaa5002-1111-4111-8111-aaaaaaaa5002','bbbb5207-1111-4111-8111-bbbbbbbb5207','2026-01-02 03:32:21.220','2026-01-02 03:32:21.220'),
('7b1b5207-0005-4222-8222-520700000005',1,0,705,'https://images.unsplash.com/photo-1486326658981-ed68abe5868e?auto=format&fit=crop&w=1600&h=900&q=80',NULL,'https://www.tepeinsaat.com.tr','aaaa5002-1111-4111-8111-aaaaaaaa5002','bbbb5207-1111-4111-8111-bbbbbbbb5207','2026-01-02 03:32:21.220','2026-01-02 03:32:21.220'),
('7b1b5208-0001-4222-8222-520800000001',1,1,801,'https://images.unsplash.com/photo-1550751827-4bd374c3f58b?auto=format&fit=crop&w=1600&h=900&q=80',NULL,'https://www.turkcell.com.tr','aaaa5002-1111-4111-8111-aaaaaaaa5002','bbbb5208-1111-4111-8111-bbbbbbbb5208','2026-01-02 03:32:21.220','2026-01-02 03:32:21.220'),
('7b1b5208-0002-4222-8222-520800000002',1,0,802,'https://images.unsplash.com/photo-1580894908361-967195033215?auto=format&fit=crop&w=1600&h=900&q=80',NULL,'https://www.turktelekom.com.tr','aaaa5002-1111-4111-8111-aaaaaaaa5002','bbbb5208-1111-4111-8111-bbbbbbbb5208','2026-01-02 03:32:21.220','2026-01-02 03:32:21.220'),
('7b1b5208-0003-4222-8222-520800000003',1,0,803,'https://images.unsplash.com/photo-1576091160550-2173dba999ef?auto=format&fit=crop&w=1600&h=900&q=80',NULL,'https://www.acibadem.com.tr','aaaa5002-1111-4111-8111-aaaaaaaa5002','bbbb5208-1111-4111-8111-bbbbbbbb5208','2026-01-02 03:32:21.220','2026-01-02 03:32:21.220'),
('7b1b5208-0004-4222-8222-520800000004',1,0,804,'https://images.unsplash.com/photo-1521737604893-d14cc237f11d?auto=format&fit=crop&w=1600&h=900&q=80',NULL,'https://www.kocsistem.com.tr','aaaa5002-1111-4111-8111-aaaaaaaa5002','bbbb5208-1111-4111-8111-bbbbbbbb5208','2026-01-02 03:32:21.220','2026-01-02 03:32:21.220'),
('7b1b5208-0005-4222-8222-520800000005',1,0,805,'https://images.unsplash.com/photo-1526374965328-7f61d4dc18c5?auto=format&fit=crop&w=1600&h=900&q=80',NULL,'https://www.turktelekom.com.tr','aaaa5002-1111-4111-8111-aaaaaaaa5002','bbbb5208-1111-4111-8111-bbbbbbbb5208','2026-01-02 03:32:21.220','2026-01-02 03:32:21.220'),
('7b1b5209-0001-4222-8222-520900000001',1,1,901,'https://images.unsplash.com/photo-1521790797524-b2497295b8a0?auto=format&fit=crop&w=1600&h=900&q=80',NULL,'https://www.sisecam.com.tr','aaaa5002-1111-4111-8111-aaaaaaaa5002','bbbb5209-1111-4111-8111-bbbbbbbb5209','2026-01-02 03:32:21.220','2026-01-02 03:32:21.220'),
('7b1b5209-0002-4222-8222-520900000002',1,0,902,'https://images.unsplash.com/photo-1518770660439-4636190af475?auto=format&fit=crop&w=1600&h=900&q=80',NULL,'https://www.aselsan.com.tr','aaaa5002-1111-4111-8111-aaaaaaaa5002','bbbb5209-1111-4111-8111-bbbbbbbb5209','2026-01-02 03:32:21.220','2026-01-02 03:32:21.220'),
('7b1b5209-0003-4222-8222-520900000003',1,0,903,'https://images.unsplash.com/photo-1436491865332-7a61a109cc05?auto=format&fit=crop&w=1600&h=900&q=80',NULL,'https://www.turkishairlines.com','aaaa5002-1111-4111-8111-aaaaaaaa5002','bbbb5209-1111-4111-8111-bbbbbbbb5209','2026-01-02 03:32:21.220','2026-01-02 03:32:21.220'),
('7b1b5209-0004-4222-8222-520900000004',1,0,904,'https://images.unsplash.com/photo-1519389950473-47ba0277781c?auto=format&fit=crop&w=1600&h=900&q=80',NULL,'https://www.arcelik.com.tr','aaaa5002-1111-4111-8111-aaaaaaaa5002','bbbb5209-1111-4111-8111-bbbbbbbb5209','2026-01-02 03:32:21.220','2026-01-02 03:32:21.220'),
('7b1b5209-0005-4222-8222-520900000005',1,0,905,'https://images.unsplash.com/photo-1518779578993-ec3579fee39f?auto=format&fit=crop&w=1600&h=900&q=80',NULL,'https://www.vestel.com.tr','aaaa5002-1111-4111-8111-aaaaaaaa5002','bbbb5209-1111-4111-8111-bbbbbbbb5209','2026-01-02 03:32:21.220','2026-01-02 03:32:21.220');
/*!40000 ALTER TABLE `references` ENABLE KEYS */;
UNLOCK TABLES;

--
-- Table structure for table `references_i18n`
--

DROP TABLE IF EXISTS `references_i18n`;
/*!40101 SET @saved_cs_client     = @@character_set_client */;
/*!40101 SET character_set_client = utf8mb4 */;
CREATE TABLE `references_i18n` (
  `id` char(36) NOT NULL,
  `reference_id` char(36) NOT NULL,
  `locale` varchar(10) NOT NULL,
  `title` varchar(255) NOT NULL,
  `slug` varchar(255) NOT NULL,
  `summary` longtext DEFAULT NULL,
  `content` longtext NOT NULL,
  `featured_image_alt` varchar(255) DEFAULT NULL,
  `meta_title` varchar(255) DEFAULT NULL,
  `meta_description` varchar(500) DEFAULT NULL,
  `created_at` datetime(3) NOT NULL DEFAULT current_timestamp(3),
  `updated_at` datetime(3) NOT NULL DEFAULT current_timestamp(3) ON UPDATE current_timestamp(3),
  PRIMARY KEY (`id`),
  UNIQUE KEY `ux_references_i18n_parent_locale` (`reference_id`,`locale`),
  UNIQUE KEY `ux_references_i18n_locale_slug` (`locale`,`slug`),
  KEY `references_i18n_locale_idx` (`locale`),
  KEY `references_i18n_slug_idx` (`slug`),
  CONSTRAINT `fk_references_i18n_parent` FOREIGN KEY (`reference_id`) REFERENCES `references` (`id`) ON DELETE CASCADE ON UPDATE CASCADE
) ENGINE=InnoDB DEFAULT CHARSET=utf8mb4 COLLATE=utf8mb4_unicode_ci;
/*!40101 SET character_set_client = @saved_cs_client */;

--
-- Dumping data for table `references_i18n`
--

LOCK TABLES `references_i18n` WRITE;
/*!40000 ALTER TABLE `references_i18n` DISABLE KEYS */;
INSERT INTO `references_i18n` VALUES
('8a8a5201-0001-4222-8222-520100000001','7b1b5201-0001-4222-8222-520100000001','tr','Enerjisa','enerjisa','Enerji santrali ve üretim altyapıları için kurumsal referans.','<p>Enerji üretim tesislerinde iklimlendirme, proses soğutma ve endüstriyel altyapı ihtiyaçları kapsamında uygulanan çözümler için referans kaydı.</p>','Enerji tesisi görseli','Enerjisa | Referans','Enerji santralleri için endüstriyel uygulamalar kapsamında referans kaydı.','2026-01-02 03:32:21.283','2026-01-02 03:32:21.283'),
('8a8a5201-0002-4222-8222-520100000002','7b1b5201-0002-4222-8222-520100000002','tr','Aksa Enerji','aksa-enerji','Enerji santrali ve üretim altyapıları için kurumsal referans.','<p>Enerji üretim tesislerinde iklimlendirme, proses soğutma ve endüstriyel altyapı ihtiyaçları kapsamında uygulanan çözümler için referans kaydı.</p>','Enerji tesisi görseli','Aksa Enerji | Referans','Enerji santralleri için endüstriyel uygulamalar kapsamında referans kaydı.','2026-01-02 03:32:21.283','2026-01-02 03:32:21.283'),
('8a8a5201-0003-4222-8222-520100000003','7b1b5201-0003-4222-8222-520100000003','tr','Zorlu Enerji','zorlu-enerji','Enerji santrali ve üretim altyapıları için kurumsal referans.','<p>Enerji üretim tesislerinde iklimlendirme, proses soğutma ve endüstriyel altyapı ihtiyaçları kapsamında uygulanan çözümler için referans kaydı.</p>','Enerji tesisi görseli','Zorlu Enerji | Referans','Enerji santralleri için endüstriyel uygulamalar kapsamında referans kaydı.','2026-01-02 03:32:21.283','2026-01-02 03:32:21.283'),
('8a8a5201-0004-4222-8222-520100000004','7b1b5201-0004-4222-8222-520100000004','tr','Enerjisa Üretim','enerjisa-uretim','Enerji santrali ve üretim altyapıları için kurumsal referans.','<p>Enerji üretim tesislerinde iklimlendirme, proses soğutma ve endüstriyel altyapı ihtiyaçları kapsamında uygulanan çözümler için referans kaydı.</p>','Enerji tesisi görseli','Enerjisa Üretim | Referans','Enerji santralleri için endüstriyel uygulamalar kapsamında referans kaydı.','2026-01-02 03:32:21.283','2026-01-02 03:32:21.283'),
('8a8a5201-0005-4222-8222-520100000005','7b1b5201-0005-4222-8222-520100000005','tr','Limak','limak','Çimento ve madencilik operasyonları için kurumsal referans.','<p>Çimento ve madencilik tesislerinde zorlu saha koşullarına uygun, yüksek dayanımlı endüstriyel uygulamalar kapsamında referans kaydı.</p>','Çimento/madencilik tesisi görseli','Limak | Referans','Çimento ve madencilik tesisleri için endüstriyel uygulamalar kapsamında referans kaydı.','2026-01-02 03:32:21.283','2026-01-02 03:32:21.283'),
('8a8a5202-0001-4222-8222-520200000001','7b1b5202-0001-4222-8222-520200000001','tr','Tüpraş','tupras','Petrokimya ve kimya tesisleri için kurumsal referans.','<p>Petrokimya ve kimya tesislerinde proses güvenliği, verimlilik ve sürdürülebilirlik odaklı endüstriyel çözümler kapsamında referans kaydı.</p>','Petrokimya/kimya tesisi görseli','Tüpraş | Referans','Petrokimya ve kimya tesisleri için endüstriyel uygulamalar kapsamında referans kaydı.','2026-01-02 03:32:21.283','2026-01-02 03:32:21.283'),
('8a8a5202-0002-4222-8222-520200000002','7b1b5202-0002-4222-8222-520200000002','tr','Petkim','petkim','Petrokimya ve kimya tesisleri için kurumsal referans.','<p>Petrokimya ve kimya tesislerinde proses güvenliği, verimlilik ve sürdürülebilirlik odaklı endüstriyel çözümler kapsamında referans kaydı.</p>','Petrokimya/kimya tesisi görseli','Petkim | Referans','Petrokimya ve kimya tesisleri için endüstriyel uygulamalar kapsamında referans kaydı.','2026-01-02 03:32:21.283','2026-01-02 03:32:21.283'),
('8a8a5202-0003-4222-8222-520200000003','7b1b5202-0003-4222-8222-520200000003','tr','SASA','sasa','Petrokimya ve kimya tesisleri için kurumsal referans.','<p>Petrokimya ve kimya tesislerinde proses güvenliği, verimlilik ve sürdürülebilirlik odaklı endüstriyel çözümler kapsamında referans kaydı.</p>','Petrokimya/kimya tesisi görseli','SASA | Referans','Petrokimya ve kimya tesisleri için endüstriyel uygulamalar kapsamında referans kaydı.','2026-01-02 03:32:21.283','2026-01-02 03:32:21.283'),
('8a8a5202-0004-4222-8222-520200000004','7b1b5202-0004-4222-8222-520200000004','tr','Aygaz','aygaz','Petrokimya ve kimya tesisleri için kurumsal referans.','<p>Petrokimya ve kimya tesislerinde proses güvenliği, verimlilik ve sürdürülebilirlik odaklı endüstriyel çözümler kapsamında referans kaydı.</p>','Petrokimya/kimya tesisi görseli','Aygaz | Referans','Petrokimya ve kimya tesisleri için endüstriyel uygulamalar kapsamında referans kaydı.','2026-01-02 03:32:21.283','2026-01-02 03:32:21.283'),
('8a8a5202-0005-4222-8222-520200000005','7b1b5202-0005-4222-8222-520200000005','tr','SOCAR Turkey','socar-turkey','Petrokimya ve kimya tesisleri için kurumsal referans.','<p>Petrokimya ve kimya tesislerinde proses güvenliği, verimlilik ve sürdürülebilirlik odaklı endüstriyel çözümler kapsamında referans kaydı.</p>','Petrokimya/kimya tesisi görseli','SOCAR Turkey | Referans','Petrokimya ve kimya tesisleri için endüstriyel uygulamalar kapsamında referans kaydı.','2026-01-02 03:32:21.283','2026-01-02 03:32:21.283'),
('8a8a5203-0001-4222-8222-520300000001','7b1b5203-0001-4222-8222-520300000001','tr','OYAK Çimento','oyak-cimento','Çimento ve madencilik operasyonları için kurumsal referans.','<p>Çimento ve madencilik tesislerinde zorlu saha koşullarına uygun, yüksek dayanımlı endüstriyel uygulamalar kapsamında referans kaydı.</p>','Çimento/madencilik tesisi görseli','OYAK Çimento | Referans','Çimento ve madencilik tesisleri için endüstriyel uygulamalar kapsamında referans kaydı.','2026-01-02 03:32:21.283','2026-01-02 03:32:21.283'),
('8a8a5203-0002-4222-8222-520300000002','7b1b5203-0002-4222-8222-520300000002','tr','Akçansa','akcansa','Çimento ve madencilik operasyonları için kurumsal referans.','<p>Çimento ve madencilik tesislerinde zorlu saha koşullarına uygun, yüksek dayanımlı endüstriyel uygulamalar kapsamında referans kaydı.</p>','Çimento/madencilik tesisi görseli','Akçansa | Referans','Çimento ve madencilik tesisleri için endüstriyel uygulamalar kapsamında referans kaydı.','2026-01-02 03:32:21.283','2026-01-02 03:32:21.283'),
('8a8a5203-0004-4222-8222-520300000004','7b1b5203-0004-4222-8222-520300000004','tr','Çimsa','cimsa','Çimento ve madencilik operasyonları için kurumsal referans.','<p>Çimento ve madencilik tesislerinde zorlu saha koşullarına uygun, yüksek dayanımlı endüstriyel uygulamalar kapsamında referans kaydı.</p>','Çimento/madencilik tesisi görseli','Çimsa | Referans','Çimento ve madencilik tesisleri için endüstriyel uygulamalar kapsamında referans kaydı.','2026-01-02 03:32:21.283','2026-01-02 03:32:21.283'),
('8a8a5203-0005-4222-8222-520300000005','7b1b5203-0005-4222-8222-520300000005','tr','Nuh Çimento','nuh-cimento','Çimento ve madencilik operasyonları için kurumsal referans.','<p>Çimento ve madencilik tesislerinde zorlu saha koşullarına uygun, yüksek dayanımlı endüstriyel uygulamalar kapsamında referans kaydı.</p>','Çimento/madencilik tesisi görseli','Nuh Çimento | Referans','Çimento ve madencilik tesisleri için endüstriyel uygulamalar kapsamında referans kaydı.','2026-01-02 03:32:21.283','2026-01-02 03:32:21.283'),
('8a8a5204-0001-4222-8222-520400000001','7b1b5204-0001-4222-8222-520400000001','tr','Ülker','ulker','Gıda ve içecek üretim tesisleri için kurumsal referans.','<p>Gıda ve içecek üretim tesislerinde hijyen, enerji verimliliği ve operasyon sürekliliği odaklı uygulamalar kapsamında referans kaydı.</p>','Gıda üretim tesisi görseli','Ülker | Referans','Gıda ve içecek tesisleri için endüstriyel uygulamalar kapsamında referans kaydı.','2026-01-02 03:32:21.283','2026-01-02 03:32:21.283'),
('8a8a5204-0002-4222-8222-520400000002','7b1b5204-0002-4222-8222-520400000002','tr','Eti','eti','Gıda ve içecek üretim tesisleri için kurumsal referans.','<p>Gıda ve içecek üretim tesislerinde hijyen, enerji verimliliği ve operasyon sürekliliği odaklı uygulamalar kapsamında referans kaydı.</p>','Gıda üretim tesisi görseli','Eti | Referans','Gıda ve içecek tesisleri için endüstriyel uygulamalar kapsamında referans kaydı.','2026-01-02 03:32:21.283','2026-01-02 03:32:21.283'),
('8a8a5204-0003-4222-8222-520400000003','7b1b5204-0003-4222-8222-520400000003','tr','Sütaş','sutas','Gıda ve içecek üretim tesisleri için kurumsal referans.','<p>Gıda ve içecek üretim tesislerinde hijyen, enerji verimliliği ve operasyon sürekliliği odaklı uygulamalar kapsamında referans kaydı.</p>','Gıda üretim tesisi görseli','Sütaş | Referans','Gıda ve içecek tesisleri için endüstriyel uygulamalar kapsamında referans kaydı.','2026-01-02 03:32:21.283','2026-01-02 03:32:21.283'),
('8a8a5204-0004-4222-8222-520400000004','7b1b5204-0004-4222-8222-520400000004','tr','Pınar','pinar','Gıda ve içecek üretim tesisleri için kurumsal referans.','<p>Gıda ve içecek üretim tesislerinde hijyen, enerji verimliliği ve operasyon sürekliliği odaklı uygulamalar kapsamında referans kaydı.</p>','Gıda üretim tesisi görseli','Pınar | Referans','Gıda ve içecek tesisleri için endüstriyel uygulamalar kapsamında referans kaydı.','2026-01-02 03:32:21.283','2026-01-02 03:32:21.283'),
('8a8a5204-0005-4222-8222-520400000005','7b1b5204-0005-4222-8222-520400000005','tr','Anadolu Efes','anadolu-efes','Gıda ve içecek üretim tesisleri için kurumsal referans.','<p>Gıda ve içecek üretim tesislerinde hijyen, enerji verimliliği ve operasyon sürekliliği odaklı uygulamalar kapsamında referans kaydı.</p>','Gıda üretim tesisi görseli','Anadolu Efes | Referans','Gıda ve içecek tesisleri için endüstriyel uygulamalar kapsamında referans kaydı.','2026-01-02 03:32:21.283','2026-01-02 03:32:21.283'),
('8a8a5205-0001-4222-8222-520500000001','7b1b5205-0001-4222-8222-520500000001','tr','Erdemir','erdemir','Çelik ve metal sanayi uygulamaları için kurumsal referans.','<p>Çelik ve metal sanayi tesislerinde yüksek ısı yükleri ve proses gereksinimlerine uygun endüstriyel çözümler için referans kaydı.</p>','Çelik/metal tesis görseli','Erdemir | Referans','Çelik ve metal sanayi için endüstriyel uygulamalar kapsamında referans kaydı.','2026-01-02 03:32:21.283','2026-01-02 03:32:21.283'),
('8a8a5205-0002-4222-8222-520500000002','7b1b5205-0002-4222-8222-520500000002','tr','Tosyalı','tosyali','Çelik ve metal sanayi uygulamaları için kurumsal referans.','<p>Çelik ve metal sanayi tesislerinde yüksek ısı yükleri ve proses gereksinimlerine uygun endüstriyel çözümler için referans kaydı.</p>','Çelik/metal tesis görseli','Tosyalı | Referans','Çelik ve metal sanayi için endüstriyel uygulamalar kapsamında referans kaydı.','2026-01-02 03:32:21.283','2026-01-02 03:32:21.283'),
('8a8a5205-0003-4222-8222-520500000003','7b1b5205-0003-4222-8222-520500000003','tr','İsdemir','isdemir','Çelik ve metal sanayi uygulamaları için kurumsal referans.','<p>Çelik ve metal sanayi tesislerinde yüksek ısı yükleri ve proses gereksinimlerine uygun endüstriyel çözümler için referans kaydı.</p>','Çelik/metal tesis görseli','İsdemir | Referans','Çelik ve metal sanayi için endüstriyel uygulamalar kapsamında referans kaydı.','2026-01-02 03:32:21.283','2026-01-02 03:32:21.283'),
('8a8a5205-0004-4222-8222-520500000004','7b1b5205-0004-4222-8222-520500000004','tr','Kardemir','kardemir','Çelik ve metal sanayi uygulamaları için kurumsal referans.','<p>Çelik ve metal sanayi tesislerinde yüksek ısı yükleri ve proses gereksinimlerine uygun endüstriyel çözümler için referans kaydı.</p>','Çelik/metal tesis görseli','Kardemir | Referans','Çelik ve metal sanayi için endüstriyel uygulamalar kapsamında referans kaydı.','2026-01-02 03:32:21.283','2026-01-02 03:32:21.283'),
('8a8a5205-0005-4222-8222-520500000005','7b1b5205-0005-4222-8222-520500000005','tr','Çolakoğlu Metalurji','colakoglu-metalurji','Çelik ve metal sanayi uygulamaları için kurumsal referans.','<p>Çelik ve metal sanayi tesislerinde yüksek ısı yükleri ve proses gereksinimlerine uygun endüstriyel çözümler için referans kaydı.</p>','Çelik/metal tesis görseli','Çolakoğlu Metalurji | Referans','Çelik ve metal sanayi için endüstriyel uygulamalar kapsamında referans kaydı.','2026-01-02 03:32:21.283','2026-01-02 03:32:21.283'),
('8a8a5206-0001-4222-8222-520600000001','7b1b5206-0001-4222-8222-520600000001','tr','Ford Otosan','ford-otosan','Otomotiv ve yan sanayi üretim hatları için kurumsal referans.','<p>Otomotiv üretim hatlarında proses stabilitesi, kalite ve enerji optimizasyonu hedefleri doğrultusunda uygulanan çözümler için referans kaydı.</p>','Otomotiv üretim tesisi görseli','Ford Otosan | Referans','Otomotiv ve yan sanayi için endüstriyel uygulamalar kapsamında referans kaydı.','2026-01-02 03:32:21.283','2026-01-02 03:32:21.283'),
('8a8a5206-0002-4222-8222-520600000002','7b1b5206-0002-4222-8222-520600000002','tr','Tofaş','tofas','Otomotiv ve yan sanayi üretim hatları için kurumsal referans.','<p>Otomotiv üretim hatlarında proses stabilitesi, kalite ve enerji optimizasyonu hedefleri doğrultusunda uygulanan çözümler için referans kaydı.</p>','Otomotiv üretim tesisi görseli','Tofaş | Referans','Otomotiv ve yan sanayi için endüstriyel uygulamalar kapsamında referans kaydı.','2026-01-02 03:32:21.283','2026-01-02 03:32:21.283'),
('8a8a5206-0003-4222-8222-520600000003','7b1b5206-0003-4222-8222-520600000003','tr','TOGG','togg','Otomotiv ve yan sanayi üretim hatları için kurumsal referans.','<p>Otomotiv üretim hatlarında proses stabilitesi, kalite ve enerji optimizasyonu hedefleri doğrultusunda uygulanan çözümler için referans kaydı.</p>','Otomotiv üretim tesisi görseli','TOGG | Referans','Otomotiv ve yan sanayi için endüstriyel uygulamalar kapsamında referans kaydı.','2026-01-02 03:32:21.283','2026-01-02 03:32:21.283'),
('8a8a5206-0004-4222-8222-520600000004','7b1b5206-0004-4222-8222-520600000004','tr','Oyak Renault','oyak-renault','Otomotiv ve yan sanayi üretim hatları için kurumsal referans.','<p>Otomotiv üretim hatlarında proses stabilitesi, kalite ve enerji optimizasyonu hedefleri doğrultusunda uygulanan çözümler için referans kaydı.</p>','Otomotiv üretim tesisi görseli','Oyak Renault | Referans','Otomotiv ve yan sanayi için endüstriyel uygulamalar kapsamında referans kaydı.','2026-01-02 03:32:21.283','2026-01-02 03:32:21.283'),
('8a8a5206-0005-4222-8222-520600000005','7b1b5206-0005-4222-8222-520600000005','tr','Mercedes-Benz Türk','mercedes-benz-turk','Otomotiv ve yan sanayi üretim hatları için kurumsal referans.','<p>Otomotiv üretim hatlarında proses stabilitesi, kalite ve enerji optimizasyonu hedefleri doğrultusunda uygulanan çözümler için referans kaydı.</p>','Otomotiv üretim tesisi görseli','Mercedes-Benz Türk | Referans','Otomotiv ve yan sanayi için endüstriyel uygulamalar kapsamında referans kaydı.','2026-01-02 03:32:21.283','2026-01-02 03:32:21.283'),
('8a8a5207-0001-4222-8222-520700000001','7b1b5207-0001-4222-8222-520700000001','tr','ECE','ece','AVM ve ticari binalar için kurumsal referans.','<p>AVM ve ticari binalarda konfor, enerji verimliliği ve işletme sürekliliği hedefleriyle uygulanan çözümler için referans kaydı.</p>','Ticari bina/AVM görseli','ECE | Referans','AVM ve ticari binalar için endüstriyel uygulamalar kapsamında referans kaydı.','2026-01-02 03:32:21.283','2026-01-02 03:32:21.283'),
('8a8a5207-0002-4222-8222-520700000002','7b1b5207-0002-4222-8222-520700000002','tr','Rönesans','renesans','AVM ve ticari binalar için kurumsal referans.','<p>AVM ve ticari binalarda konfor, enerji verimliliği ve işletme sürekliliği hedefleriyle uygulanan çözümler için referans kaydı.</p>','Ticari bina/AVM görseli','Rönesans | Referans','AVM ve ticari binalar için endüstriyel uygulamalar kapsamında referans kaydı.','2026-01-02 03:32:21.283','2026-01-02 03:32:21.283'),
('8a8a5207-0003-4222-8222-520700000003','7b1b5207-0003-4222-8222-520700000003','tr','Zorlu','zorlu','AVM ve ticari binalar için kurumsal referans.','<p>AVM ve ticari binalarda konfor, enerji verimliliği ve işletme sürekliliği hedefleriyle uygulanan çözümler için referans kaydı.</p>','Ticari bina/AVM görseli','Zorlu | Referans','AVM ve ticari binalar için endüstriyel uygulamalar kapsamında referans kaydı.','2026-01-02 03:32:21.283','2026-01-02 03:32:21.283'),
('8a8a5207-0004-4222-8222-520700000004','7b1b5207-0004-4222-8222-520700000004','tr','ENKA','enka','AVM ve ticari binalar için kurumsal referans.','<p>AVM ve ticari binalarda konfor, enerji verimliliği ve işletme sürekliliği hedefleriyle uygulanan çözümler için referans kaydı.</p>','Ticari bina/AVM görseli','ENKA | Referans','AVM ve ticari binalar için endüstriyel uygulamalar kapsamında referans kaydı.','2026-01-02 03:32:21.283','2026-01-02 03:32:21.283'),
('8a8a5207-0005-4222-8222-520700000005','7b1b5207-0005-4222-8222-520700000005','tr','Tepe İnşaat','tepe-insaat','AVM ve ticari binalar için kurumsal referans.','<p>AVM ve ticari binalarda konfor, enerji verimliliği ve işletme sürekliliği hedefleriyle uygulanan çözümler için referans kaydı.</p>','Ticari bina/AVM görseli','Tepe İnşaat | Referans','AVM ve ticari binalar için endüstriyel uygulamalar kapsamında referans kaydı.','2026-01-02 03:32:21.283','2026-01-02 03:32:21.283'),
('8a8a5208-0001-4222-8222-520800000001','7b1b5208-0001-4222-8222-520800000001','tr','Turkcell','turkcell','Veri merkezi ve hastane altyapıları için kurumsal referans.','<p>Veri merkezleri ve hastanelerde yüksek süreklilik, yedeklilik ve kritik altyapı yönetimi hedefleriyle uygulanan çözümler için referans kaydı.</p>','Veri merkezi/hastane görseli','Turkcell | Referans','Veri merkezi ve hastane altyapıları için endüstriyel uygulamalar kapsamında referans kaydı.','2026-01-02 03:32:21.283','2026-01-02 03:32:21.283'),
('8a8a5208-0002-4222-8222-520800000002','7b1b5208-0002-4222-8222-520800000002','tr','Türk Telekom','turk-telekom','Veri merkezi ve hastane altyapıları için kurumsal referans.','<p>Veri merkezleri ve hastanelerde yüksek süreklilik, yedeklilik ve kritik altyapı yönetimi hedefleriyle uygulanan çözümler için referans kaydı.</p>','Veri merkezi/hastane görseli','Türk Telekom | Referans','Veri merkezi ve hastane altyapıları için endüstriyel uygulamalar kapsamında referans kaydı.','2026-01-02 03:32:21.283','2026-01-02 03:32:21.283'),
('8a8a5208-0003-4222-8222-520800000003','7b1b5208-0003-4222-8222-520800000003','tr','Acıbadem','acibadem','Veri merkezi ve hastane altyapıları için kurumsal referans.','<p>Veri merkezleri ve hastanelerde yüksek süreklilik, yedeklilik ve kritik altyapı yönetimi hedefleriyle uygulanan çözümler için referans kaydı.</p>','Veri merkezi/hastane görseli','Acıbadem | Referans','Veri merkezi ve hastane altyapıları için endüstriyel uygulamalar kapsamında referans kaydı.','2026-01-02 03:32:21.283','2026-01-02 03:32:21.283'),
('8a8a5208-0004-4222-8222-520800000004','7b1b5208-0004-4222-8222-520800000004','tr','KoçSistem','koc-sistem','Veri merkezi ve hastane altyapıları için kurumsal referans.','<p>Veri merkezleri ve hastanelerde yüksek süreklilik, yedeklilik ve kritik altyapı yönetimi hedefleriyle uygulanan çözümler için referans kaydı.</p>','Veri merkezi/hastane görseli','KoçSistem | Referans','Veri merkezi ve hastane altyapıları için endüstriyel uygulamalar kapsamında referans kaydı.','2026-01-02 03:32:21.283','2026-01-02 03:32:21.283'),
('8a8a5209-0001-4222-8222-520900000001','7b1b5209-0001-4222-8222-520900000001','tr','Şişecam','sisecam','Kurumsal projeler kapsamında referans kaydı.','<p>Kurumsal projelerde kullanılan endüstriyel çözümler kapsamında referans kaydı.</p>','Kurumsal proje görseli','Şişecam | Referans','Kurumsal projeler için endüstriyel uygulamalar kapsamında referans kaydı.','2026-01-02 03:32:21.283','2026-01-02 03:32:21.283'),
('8a8a5209-0002-4222-8222-520900000002','7b1b5209-0002-4222-8222-520900000002','tr','ASELSAN','aselsan','Kurumsal projeler kapsamında referans kaydı.','<p>Kurumsal projelerde kullanılan endüstriyel çözümler kapsamında referans kaydı.</p>','Kurumsal proje görseli','ASELSAN | Referans','Kurumsal projeler için endüstriyel uygulamalar kapsamında referans kaydı.','2026-01-02 03:32:21.283','2026-01-02 03:32:21.283'),
('8a8a5209-0003-4222-8222-520900000003','7b1b5209-0003-4222-8222-520900000003','tr','Türk Hava Yolları','thy','Kurumsal projeler kapsamında referans kaydı.','<p>Kurumsal projelerde kullanılan endüstriyel çözümler kapsamında referans kaydı.</p>','Kurumsal proje görseli','Türk Hava Yolları | Referans','Kurumsal projeler için endüstriyel uygulamalar kapsamında referans kaydı.','2026-01-02 03:32:21.283','2026-01-02 03:32:21.283'),
('8a8a5209-0004-4222-8222-520900000004','7b1b5209-0004-4222-8222-520900000004','tr','Arçelik','arcelik','Kurumsal projeler kapsamında referans kaydı.','<p>Kurumsal projelerde kullanılan endüstriyel çözümler kapsamında referans kaydı.</p>','Kurumsal proje görseli','Arçelik | Referans','Kurumsal projeler için endüstriyel uygulamalar kapsamında referans kaydı.','2026-01-02 03:32:21.283','2026-01-02 03:32:21.283'),
('8a8a5209-0005-4222-8222-520900000005','7b1b5209-0005-4222-8222-520900000005','tr','Vestel','vestel','Kurumsal projeler kapsamında referans kaydı.','<p>Kurumsal projelerde kullanılan endüstriyel çözümler kapsamında referans kaydı.</p>','Kurumsal proje görseli','Vestel | Referans','Kurumsal projeler için endüstriyel uygulamalar kapsamında referans kaydı.','2026-01-02 03:32:21.283','2026-01-02 03:32:21.283'),
('8b8b5201-0001-4222-8222-520100000001','7b1b5201-0001-4222-8222-520100000001','en','Enerjisa','en-enerjisa','Corporate reference for power generation and energy infrastructure.','<p>Reference entry for solutions implemented in power generation facilities for HVAC, process cooling, and industrial infrastructure requirements.</p>','Power plant image','Enerjisa | Reference','Reference entry for industrial applications in power plants and energy infrastructure.','2026-01-02 03:32:21.256','2026-01-02 03:32:21.256'),
('8b8b5201-0002-4222-8222-520100000002','7b1b5201-0002-4222-8222-520100000002','en','Aksa Enerji','en-aksa-enerji','Corporate reference for power generation and energy infrastructure.','<p>Reference entry for solutions implemented in power generation facilities for HVAC, process cooling, and industrial infrastructure requirements.</p>','Power plant image','Aksa Enerji | Reference','Reference entry for industrial applications in power plants and energy infrastructure.','2026-01-02 03:32:21.256','2026-01-02 03:32:21.256'),
('8b8b5201-0003-4222-8222-520100000003','7b1b5201-0003-4222-8222-520100000003','en','Zorlu Enerji','en-zorlu-enerji','Corporate reference for power generation and energy infrastructure.','<p>Reference entry for solutions implemented in power generation facilities for HVAC, process cooling, and industrial infrastructure requirements.</p>','Power plant image','Zorlu Enerji | Reference','Reference entry for industrial applications in power plants and energy infrastructure.','2026-01-02 03:32:21.256','2026-01-02 03:32:21.256'),
('8b8b5201-0004-4222-8222-520100000004','7b1b5201-0004-4222-8222-520100000004','en','Enerjisa Üretim','en-enerjisa-uretim','Corporate reference for power generation and energy infrastructure.','<p>Reference entry for solutions implemented in power generation facilities for HVAC, process cooling, and industrial infrastructure requirements.</p>','Power plant image','Enerjisa Üretim | Reference','Reference entry for industrial applications in power plants and energy infrastructure.','2026-01-02 03:32:21.256','2026-01-02 03:32:21.256'),
('8b8b5201-0005-4222-8222-520100000005','7b1b5201-0005-4222-8222-520100000005','en','Limak','en-limak','Corporate reference for cement and mining operations.','<p>Reference entry for high-durability industrial applications in cement and mining facilities suitable for demanding site conditions.</p>','Cement/mining facility image','Limak | Reference','Reference entry for industrial applications in cement and mining facilities.','2026-01-02 03:32:21.256','2026-01-02 03:32:21.256'),
('8b8b5202-0001-4222-8222-520200000001','7b1b5202-0001-4222-8222-520200000001','en','Tüpraş','en-tupras','Corporate reference for petrochemical and chemical plants.','<p>Reference entry for industrial solutions in petrochemical and chemical plants focused on process safety, efficiency, and sustainability.</p>','Petrochemical/chemical plant image','Tüpraş | Reference','Reference entry for industrial applications in petrochemical and chemical plants.','2026-01-02 03:32:21.256','2026-01-02 03:32:21.256'),
('8b8b5202-0002-4222-8222-520200000002','7b1b5202-0002-4222-8222-520200000002','en','Petkim','en-petkim','Corporate reference for petrochemical and chemical plants.','<p>Reference entry for industrial solutions in petrochemical and chemical plants focused on process safety, efficiency, and sustainability.</p>','Petrochemical/chemical plant image','Petkim | Reference','Reference entry for industrial applications in petrochemical and chemical plants.','2026-01-02 03:32:21.256','2026-01-02 03:32:21.256'),
('8b8b5202-0003-4222-8222-520200000003','7b1b5202-0003-4222-8222-520200000003','en','SASA','en-sasa','Corporate reference for petrochemical and chemical plants.','<p>Reference entry for industrial solutions in petrochemical and chemical plants focused on process safety, efficiency, and sustainability.</p>','Petrochemical/chemical plant image','SASA | Reference','Reference entry for industrial applications in petrochemical and chemical plants.','2026-01-02 03:32:21.256','2026-01-02 03:32:21.256'),
('8b8b5202-0004-4222-8222-520200000004','7b1b5202-0004-4222-8222-520200000004','en','Aygaz','en-aygaz','Corporate reference for petrochemical and chemical plants.','<p>Reference entry for industrial solutions in petrochemical and chemical plants focused on process safety, efficiency, and sustainability.</p>','Petrochemical/chemical plant image','Aygaz | Reference','Reference entry for industrial applications in petrochemical and chemical plants.','2026-01-02 03:32:21.256','2026-01-02 03:32:21.256'),
('8b8b5202-0005-4222-8222-520200000005','7b1b5202-0005-4222-8222-520200000005','en','SOCAR Turkey','en-socar-turkey','Corporate reference for petrochemical and chemical plants.','<p>Reference entry for industrial solutions in petrochemical and chemical plants focused on process safety, efficiency, and sustainability.</p>','Petrochemical/chemical plant image','SOCAR Turkey | Reference','Reference entry for industrial applications in petrochemical and chemical plants.','2026-01-02 03:32:21.256','2026-01-02 03:32:21.256'),
('8b8b5203-0001-4222-8222-520300000001','7b1b5203-0001-4222-8222-520300000001','en','OYAK Çimento','en-oyak-cimento','Corporate reference for cement and mining operations.','<p>Reference entry for high-durability industrial applications in cement and mining facilities suitable for demanding site conditions.</p>','Cement/mining facility image','OYAK Çimento | Reference','Reference entry for industrial applications in cement and mining facilities.','2026-01-02 03:32:21.256','2026-01-02 03:32:21.256'),
('8b8b5203-0002-4222-8222-520300000002','7b1b5203-0002-4222-8222-520300000002','en','Akçansa','en-akcansa','Corporate reference for cement and mining operations.','<p>Reference entry for high-durability industrial applications in cement and mining facilities suitable for demanding site conditions.</p>','Cement/mining facility image','Akçansa | Reference','Reference entry for industrial applications in cement and mining facilities.','2026-01-02 03:32:21.256','2026-01-02 03:32:21.256'),
('8b8b5203-0004-4222-8222-520300000004','7b1b5203-0004-4222-8222-520300000004','en','Çimsa','en-cimsa','Corporate reference for cement and mining operations.','<p>Reference entry for high-durability industrial applications in cement and mining facilities suitable for demanding site conditions.</p>','Cement/mining facility image','Çimsa | Reference','Reference entry for industrial applications in cement and mining facilities.','2026-01-02 03:32:21.256','2026-01-02 03:32:21.256'),
('8b8b5203-0005-4222-8222-520300000005','7b1b5203-0005-4222-8222-520300000005','en','Nuh Çimento','en-nuh-cimento','Corporate reference for cement and mining operations.','<p>Reference entry for high-durability industrial applications in cement and mining facilities suitable for demanding site conditions.</p>','Cement/mining facility image','Nuh Çimento | Reference','Reference entry for industrial applications in cement and mining facilities.','2026-01-02 03:32:21.256','2026-01-02 03:32:21.256'),
('8b8b5204-0001-4222-8222-520400000001','7b1b5204-0001-4222-8222-520400000001','en','Ülker','en-ulker','Corporate reference for food and beverage production facilities.','<p>Reference entry for implementations in food and beverage facilities focused on hygiene, energy efficiency, and operational continuity.</p>','Food production facility image','Ülker | Reference','Reference entry for industrial applications in food and beverage facilities.','2026-01-02 03:32:21.256','2026-01-02 03:32:21.256'),
('8b8b5204-0002-4222-8222-520400000002','7b1b5204-0002-4222-8222-520400000002','en','Eti','en-eti','Corporate reference for food and beverage production facilities.','<p>Reference entry for implementations in food and beverage facilities focused on hygiene, energy efficiency, and operational continuity.</p>','Food production facility image','Eti | Reference','Reference entry for industrial applications in food and beverage facilities.','2026-01-02 03:32:21.256','2026-01-02 03:32:21.256'),
('8b8b5204-0003-4222-8222-520400000003','7b1b5204-0003-4222-8222-520400000003','en','Sütaş','en-sutas','Corporate reference for food and beverage production facilities.','<p>Reference entry for implementations in food and beverage facilities focused on hygiene, energy efficiency, and operational continuity.</p>','Food production facility image','Sütaş | Reference','Reference entry for industrial applications in food and beverage facilities.','2026-01-02 03:32:21.256','2026-01-02 03:32:21.256'),
('8b8b5204-0004-4222-8222-520400000004','7b1b5204-0004-4222-8222-520400000004','en','Pınar','en-pinar','Corporate reference for food and beverage production facilities.','<p>Reference entry for implementations in food and beverage facilities focused on hygiene, energy efficiency, and operational continuity.</p>','Food production facility image','Pınar | Reference','Reference entry for industrial applications in food and beverage facilities.','2026-01-02 03:32:21.256','2026-01-02 03:32:21.256'),
('8b8b5204-0005-4222-8222-520400000005','7b1b5204-0005-4222-8222-520400000005','en','Anadolu Efes','en-anadolu-efes','Corporate reference for food and beverage production facilities.','<p>Reference entry for implementations in food and beverage facilities focused on hygiene, energy efficiency, and operational continuity.</p>','Food production facility image','Anadolu Efes | Reference','Reference entry for industrial applications in food and beverage facilities.','2026-01-02 03:32:21.256','2026-01-02 03:32:21.256'),
('8b8b5205-0001-4222-8222-520500000001','7b1b5205-0001-4222-8222-520500000001','en','Erdemir','en-erdemir','Corporate reference for steel and metal industry applications.','<p>Reference entry for industrial solutions suitable for high heat loads and process requirements in steel and metal facilities.</p>','Steel/metal facility image','Erdemir | Reference','Reference entry for industrial applications in the steel and metal industry.','2026-01-02 03:32:21.256','2026-01-02 03:32:21.256'),
('8b8b5205-0002-4222-8222-520500000002','7b1b5205-0002-4222-8222-520500000002','en','Tosyalı','en-tosyali','Corporate reference for steel and metal industry applications.','<p>Reference entry for industrial solutions suitable for high heat loads and process requirements in steel and metal facilities.</p>','Steel/metal facility image','Tosyalı | Reference','Reference entry for industrial applications in the steel and metal industry.','2026-01-02 03:32:21.256','2026-01-02 03:32:21.256'),
('8b8b5205-0003-4222-8222-520500000003','7b1b5205-0003-4222-8222-520500000003','en','İsdemir','en-isdemir','Corporate reference for steel and metal industry applications.','<p>Reference entry for industrial solutions suitable for high heat loads and process requirements in steel and metal facilities.</p>','Steel/metal facility image','İsdemir | Reference','Reference entry for industrial applications in the steel and metal industry.','2026-01-02 03:32:21.256','2026-01-02 03:32:21.256'),
('8b8b5205-0004-4222-8222-520500000004','7b1b5205-0004-4222-8222-520500000004','en','Kardemir','en-kardemir','Corporate reference for steel and metal industry applications.','<p>Reference entry for industrial solutions suitable for high heat loads and process requirements in steel and metal facilities.</p>','Steel/metal facility image','Kardemir | Reference','Reference entry for industrial applications in the steel and metal industry.','2026-01-02 03:32:21.256','2026-01-02 03:32:21.256'),
('8b8b5205-0005-4222-8222-520500000005','7b1b5205-0005-4222-8222-520500000005','en','Çolakoğlu Metalurji','en-colakoglu-metalurji','Corporate reference for steel and metal industry applications.','<p>Reference entry for industrial solutions suitable for high heat loads and process requirements in steel and metal facilities.</p>','Steel/metal facility image','Çolakoğlu Metalurji | Reference','Reference entry for industrial applications in the steel and metal industry.','2026-01-02 03:32:21.256','2026-01-02 03:32:21.256'),
('8b8b5206-0001-4222-8222-520600000001','7b1b5206-0001-4222-8222-520600000001','en','Ford Otosan','en-ford-otosan','Corporate reference for automotive and supplier manufacturing lines.','<p>Reference entry for solutions implemented in automotive production lines targeting process stability, quality, and energy optimization.</p>','Automotive production facility image','Ford Otosan | Reference','Reference entry for industrial applications in automotive and supplier manufacturing.','2026-01-02 03:32:21.256','2026-01-02 03:32:21.256'),
('8b8b5206-0002-4222-8222-520600000002','7b1b5206-0002-4222-8222-520600000002','en','Tofaş','en-tofas','Corporate reference for automotive and supplier manufacturing lines.','<p>Reference entry for solutions implemented in automotive production lines targeting process stability, quality, and energy optimization.</p>','Automotive production facility image','Tofaş | Reference','Reference entry for industrial applications in automotive and supplier manufacturing.','2026-01-02 03:32:21.256','2026-01-02 03:32:21.256'),
('8b8b5206-0003-4222-8222-520600000003','7b1b5206-0003-4222-8222-520600000003','en','TOGG','en-togg','Corporate reference for automotive and supplier manufacturing lines.','<p>Reference entry for solutions implemented in automotive production lines targeting process stability, quality, and energy optimization.</p>','Automotive production facility image','TOGG | Reference','Reference entry for industrial applications in automotive and supplier manufacturing.','2026-01-02 03:32:21.256','2026-01-02 03:32:21.256'),
('8b8b5206-0004-4222-8222-520600000004','7b1b5206-0004-4222-8222-520600000004','en','Oyak Renault','en-oyak-renault','Corporate reference for automotive and supplier manufacturing lines.','<p>Reference entry for solutions implemented in automotive production lines targeting process stability, quality, and energy optimization.</p>','Automotive production facility image','Oyak Renault | Reference','Reference entry for industrial applications in automotive and supplier manufacturing.','2026-01-02 03:32:21.256','2026-01-02 03:32:21.256'),
('8b8b5206-0005-4222-8222-520600000005','7b1b5206-0005-4222-8222-520600000005','en','Mercedes-Benz Türk','en-mercedes-benz-turk','Corporate reference for automotive and supplier manufacturing lines.','<p>Reference entry for solutions implemented in automotive production lines targeting process stability, quality, and energy optimization.</p>','Automotive production facility image','Mercedes-Benz Türk | Reference','Reference entry for industrial applications in automotive and supplier manufacturing.','2026-01-02 03:32:21.256','2026-01-02 03:32:21.256'),
('8b8b5207-0001-4222-8222-520700000001','7b1b5207-0001-4222-8222-520700000001','en','ECE','en-ece','Corporate reference for malls and commercial buildings.','<p>Reference entry for solutions implemented in malls and commercial buildings aiming at comfort, energy efficiency, and operational continuity.</p>','Commercial building/mall image','ECE | Reference','Reference entry for applications in malls and commercial buildings.','2026-01-02 03:32:21.256','2026-01-02 03:32:21.256'),
('8b8b5207-0002-4222-8222-520700000002','7b1b5207-0002-4222-8222-520700000002','en','Rönesans','en-renesans','Corporate reference for malls and commercial buildings.','<p>Reference entry for solutions implemented in malls and commercial buildings aiming at comfort, energy efficiency, and operational continuity.</p>','Commercial building/mall image','Rönesans | Reference','Reference entry for applications in malls and commercial buildings.','2026-01-02 03:32:21.256','2026-01-02 03:32:21.256'),
('8b8b5207-0003-4222-8222-520700000003','7b1b5207-0003-4222-8222-520700000003','en','Zorlu','en-zorlu','Corporate reference for malls and commercial buildings.','<p>Reference entry for solutions implemented in malls and commercial buildings aiming at comfort, energy efficiency, and operational continuity.</p>','Commercial building/mall image','Zorlu | Reference','Reference entry for applications in malls and commercial buildings.','2026-01-02 03:32:21.256','2026-01-02 03:32:21.256'),
('8b8b5207-0004-4222-8222-520700000004','7b1b5207-0004-4222-8222-520700000004','en','ENKA','en-enka','Corporate reference for malls and commercial buildings.','<p>Reference entry for solutions implemented in malls and commercial buildings aiming at comfort, energy efficiency, and operational continuity.</p>','Commercial building/mall image','ENKA | Reference','Reference entry for applications in malls and commercial buildings.','2026-01-02 03:32:21.256','2026-01-02 03:32:21.256'),
('8b8b5207-0005-4222-8222-520700000005','7b1b5207-0005-4222-8222-520700000005','en','Tepe İnşaat','en-tepe-insaat','Corporate reference for malls and commercial buildings.','<p>Reference entry for solutions implemented in malls and commercial buildings aiming at comfort, energy efficiency, and operational continuity.</p>','Commercial building/mall image','Tepe İnşaat | Reference','Reference entry for applications in malls and commercial buildings.','2026-01-02 03:32:21.256','2026-01-02 03:32:21.256'),
('8b8b5208-0001-4222-8222-520800000001','7b1b5208-0001-4222-8222-520800000001','en','Turkcell','en-turkcell','Corporate reference for data center and hospital infrastructures.','<p>Reference entry for solutions in data centers and hospitals focused on high availability, redundancy, and critical infrastructure management.</p>','Data center/hospital image','Turkcell | Reference','Reference entry for applications in data center and hospital infrastructures.','2026-01-02 03:32:21.256','2026-01-02 03:32:21.256'),
('8b8b5208-0002-4222-8222-520800000002','7b1b5208-0002-4222-8222-520800000002','en','Türk Telekom','en-turk-telekom','Corporate reference for data center and hospital infrastructures.','<p>Reference entry for solutions in data centers and hospitals focused on high availability, redundancy, and critical infrastructure management.</p>','Data center/hospital image','Türk Telekom | Reference','Reference entry for applications in data center and hospital infrastructures.','2026-01-02 03:32:21.256','2026-01-02 03:32:21.256'),
('8b8b5208-0003-4222-8222-520800000003','7b1b5208-0003-4222-8222-520800000003','en','Acıbadem','en-acibadem','Corporate reference for data center and hospital infrastructures.','<p>Reference entry for solutions in data centers and hospitals focused on high availability, redundancy, and critical infrastructure management.</p>','Data center/hospital image','Acıbadem | Reference','Reference entry for applications in data center and hospital infrastructures.','2026-01-02 03:32:21.256','2026-01-02 03:32:21.256'),
('8b8b5208-0004-4222-8222-520800000004','7b1b5208-0004-4222-8222-520800000004','en','KoçSistem','en-koc-sistem','Corporate reference for data center and hospital infrastructures.','<p>Reference entry for solutions in data centers and hospitals focused on high availability, redundancy, and critical infrastructure management.</p>','Data center/hospital image','KoçSistem | Reference','Reference entry for applications in data center and hospital infrastructures.','2026-01-02 03:32:21.256','2026-01-02 03:32:21.256'),
('8b8b5209-0001-4222-8222-520900000001','7b1b5209-0001-4222-8222-520900000001','en','Şişecam','en-sisecam','Corporate reference entry for industrial projects.','<p>Reference entry for industrial solutions implemented in corporate projects.</p>','Corporate project image','Şişecam | Reference','Reference entry for industrial applications in corporate projects.','2026-01-02 03:32:21.256','2026-01-02 03:32:21.256'),
('8b8b5209-0002-4222-8222-520900000002','7b1b5209-0002-4222-8222-520900000002','en','ASELSAN','en-aselsan','Corporate reference entry for industrial projects.','<p>Reference entry for industrial solutions implemented in corporate projects.</p>','Corporate project image','ASELSAN | Reference','Reference entry for industrial applications in corporate projects.','2026-01-02 03:32:21.256','2026-01-02 03:32:21.256'),
('8b8b5209-0003-4222-8222-520900000003','7b1b5209-0003-4222-8222-520900000003','en','Türk Hava Yolları','en-thy','Corporate reference entry for industrial projects.','<p>Reference entry for industrial solutions implemented in corporate projects.</p>','Corporate project image','Türk Hava Yolları | Reference','Reference entry for industrial applications in corporate projects.','2026-01-02 03:32:21.256','2026-01-02 03:32:21.256'),
('8b8b5209-0004-4222-8222-520900000004','7b1b5209-0004-4222-8222-520900000004','en','Arçelik','en-arcelik','Corporate reference entry for industrial projects.','<p>Reference entry for industrial solutions implemented in corporate projects.</p>','Corporate project image','Arçelik | Reference','Reference entry for industrial applications in corporate projects.','2026-01-02 03:32:21.256','2026-01-02 03:32:21.256'),
('8b8b5209-0005-4222-8222-520900000005','7b1b5209-0005-4222-8222-520900000005','en','Vestel','en-vestel','Corporate reference entry for industrial projects.','<p>Reference entry for industrial solutions implemented in corporate projects.</p>','Corporate project image','Vestel | Reference','Reference entry for industrial applications in corporate projects.','2026-01-02 03:32:21.256','2026-01-02 03:32:21.256'),
('8c8c5201-0001-4222-8222-520100000001','7b1b5201-0001-4222-8222-520100000001','de','Enerjisa','de-enerjisa','Unternehmensreferenz für Kraftwerks- und Energieinfrastruktur.','<p>Referenzeintrag für Lösungen in Kraftwerksanlagen in den Bereichen HLK, Prozesskühlung und industrielle Infrastruktur.</p>','Kraftwerksbild','Enerjisa | Referenz','Referenzeintrag für industrielle Anwendungen in Kraftwerken und Energieinfrastruktur.','2026-01-02 03:32:21.235','2026-01-02 03:32:21.235'),
('8c8c5201-0002-4222-8222-520100000002','7b1b5201-0002-4222-8222-520100000002','de','Aksa Enerji','de-aksa-enerji','Unternehmensreferenz für Kraftwerks- und Energieinfrastruktur.','<p>Referenzeintrag für Lösungen in Kraftwerksanlagen in den Bereichen HLK, Prozesskühlung und industrielle Infrastruktur.</p>','Kraftwerksbild','Aksa Enerji | Referenz','Referenzeintrag für industrielle Anwendungen in Kraftwerken und Energieinfrastruktur.','2026-01-02 03:32:21.235','2026-01-02 03:32:21.235'),
('8c8c5201-0003-4222-8222-520100000003','7b1b5201-0003-4222-8222-520100000003','de','Zorlu Enerji','de-zorlu-enerji','Unternehmensreferenz für Kraftwerks- und Energieinfrastruktur.','<p>Referenzeintrag für Lösungen in Kraftwerksanlagen in den Bereichen HLK, Prozesskühlung und industrielle Infrastruktur.</p>','Kraftwerksbild','Zorlu Enerji | Referenz','Referenzeintrag für industrielle Anwendungen in Kraftwerken und Energieinfrastruktur.','2026-01-02 03:32:21.235','2026-01-02 03:32:21.235'),
('8c8c5201-0004-4222-8222-520100000004','7b1b5201-0004-4222-8222-520100000004','de','Enerjisa Üretim','de-enerjisa-uretim','Unternehmensreferenz für Kraftwerks- und Energieinfrastruktur.','<p>Referenzeintrag für Lösungen in Kraftwerksanlagen in den Bereichen HLK, Prozesskühlung und industrielle Infrastruktur.</p>','Kraftwerksbild','Enerjisa Üretim | Referenz','Referenzeintrag für industrielle Anwendungen in Kraftwerken und Energieinfrastruktur.','2026-01-02 03:32:21.235','2026-01-02 03:32:21.235'),
('8c8c5201-0005-4222-8222-520100000005','7b1b5201-0005-4222-8222-520100000005','de','Limak','de-limak','Unternehmensreferenz für Zement- und Bergbau-Operationen.','<p>Referenzeintrag für robuste industrielle Anwendungen in Zement- und Bergbauanlagen, geeignet für anspruchsvolle Einsatzbedingungen.</p>','Bild einer Zement-/Bergbauanlage','Limak | Referenz','Referenzeintrag für industrielle Anwendungen in Zement- und Bergbauanlagen.','2026-01-02 03:32:21.235','2026-01-02 03:32:21.235'),
('8c8c5202-0001-4222-8222-520200000001','7b1b5202-0001-4222-8222-520200000001','de','Tüpraş','de-tupras','Unternehmensreferenz für petrochemische und chemische Anlagen.','<p>Referenzeintrag für industrielle Lösungen in petrochemischen und chemischen Anlagen mit Fokus auf Prozesssicherheit, Effizienz und Nachhaltigkeit.</p>','Bild einer petrochemischen/chemischen Anlage','Tüpraş | Referenz','Referenzeintrag für industrielle Anwendungen in petrochemischen und chemischen Anlagen.','2026-01-02 03:32:21.235','2026-01-02 03:32:21.235'),
('8c8c5202-0002-4222-8222-520200000002','7b1b5202-0002-4222-8222-520200000002','de','Petkim','de-petkim','Unternehmensreferenz für petrochemische und chemische Anlagen.','<p>Referenzeintrag für industrielle Lösungen in petrochemischen und chemischen Anlagen mit Fokus auf Prozesssicherheit, Effizienz und Nachhaltigkeit.</p>','Bild einer petrochemischen/chemischen Anlage','Petkim | Referenz','Referenzeintrag für industrielle Anwendungen in petrochemischen und chemischen Anlagen.','2026-01-02 03:32:21.235','2026-01-02 03:32:21.235'),
('8c8c5202-0003-4222-8222-520200000003','7b1b5202-0003-4222-8222-520200000003','de','SASA','de-sasa','Unternehmensreferenz für petrochemische und chemische Anlagen.','<p>Referenzeintrag für industrielle Lösungen in petrochemischen und chemischen Anlagen mit Fokus auf Prozesssicherheit, Effizienz und Nachhaltigkeit.</p>','Bild einer petrochemischen/chemischen Anlage','SASA | Referenz','Referenzeintrag für industrielle Anwendungen in petrochemischen und chemischen Anlagen.','2026-01-02 03:32:21.235','2026-01-02 03:32:21.235'),
('8c8c5202-0004-4222-8222-520200000004','7b1b5202-0004-4222-8222-520200000004','de','Aygaz','de-aygaz','Unternehmensreferenz für petrochemische und chemische Anlagen.','<p>Referenzeintrag für industrielle Lösungen in petrochemischen und chemischen Anlagen mit Fokus auf Prozesssicherheit, Effizienz und Nachhaltigkeit.</p>','Bild einer petrochemischen/chemischen Anlage','Aygaz | Referenz','Referenzeintrag für industrielle Anwendungen in petrochemischen und chemischen Anlagen.','2026-01-02 03:32:21.235','2026-01-02 03:32:21.235'),
('8c8c5202-0005-4222-8222-520200000005','7b1b5202-0005-4222-8222-520200000005','de','SOCAR Turkey','de-socar-turkey','Unternehmensreferenz für petrochemische und chemische Anlagen.','<p>Referenzeintrag für industrielle Lösungen in petrochemischen und chemischen Anlagen mit Fokus auf Prozesssicherheit, Effizienz und Nachhaltigkeit.</p>','Bild einer petrochemischen/chemischen Anlage','SOCAR Turkey | Referenz','Referenzeintrag für industrielle Anwendungen in petrochemischen und chemischen Anlagen.','2026-01-02 03:32:21.235','2026-01-02 03:32:21.235'),
('8c8c5203-0001-4222-8222-520300000001','7b1b5203-0001-4222-8222-520300000001','de','OYAK Çimento','de-oyak-cimento','Unternehmensreferenz für Zement- und Bergbau-Operationen.','<p>Referenzeintrag für robuste industrielle Anwendungen in Zement- und Bergbauanlagen, geeignet für anspruchsvolle Einsatzbedingungen.</p>','Bild einer Zement-/Bergbauanlage','OYAK Çimento | Referenz','Referenzeintrag für industrielle Anwendungen in Zement- und Bergbauanlagen.','2026-01-02 03:32:21.235','2026-01-02 03:32:21.235'),
('8c8c5203-0002-4222-8222-520300000002','7b1b5203-0002-4222-8222-520300000002','de','Akçansa','de-akcansa','Unternehmensreferenz für Zement- und Bergbau-Operationen.','<p>Referenzeintrag für robuste industrielle Anwendungen in Zement- und Bergbauanlagen, geeignet für anspruchsvolle Einsatzbedingungen.</p>','Bild einer Zement-/Bergbauanlage','Akçansa | Referenz','Referenzeintrag für industrielle Anwendungen in Zement- und Bergbauanlagen.','2026-01-02 03:32:21.235','2026-01-02 03:32:21.235'),
('8c8c5203-0004-4222-8222-520300000004','7b1b5203-0004-4222-8222-520300000004','de','Çimsa','de-cimsa','Unternehmensreferenz für Zement- und Bergbau-Operationen.','<p>Referenzeintrag für robuste industrielle Anwendungen in Zement- und Bergbauanlagen, geeignet für anspruchsvolle Einsatzbedingungen.</p>','Bild einer Zement-/Bergbauanlage','Çimsa | Referenz','Referenzeintrag für industrielle Anwendungen in Zement- und Bergbauanlagen.','2026-01-02 03:32:21.235','2026-01-02 03:32:21.235'),
('8c8c5203-0005-4222-8222-520300000005','7b1b5203-0005-4222-8222-520300000005','de','Nuh Çimento','de-nuh-cimento','Unternehmensreferenz für Zement- und Bergbau-Operationen.','<p>Referenzeintrag für robuste industrielle Anwendungen in Zement- und Bergbauanlagen, geeignet für anspruchsvolle Einsatzbedingungen.</p>','Bild einer Zement-/Bergbauanlage','Nuh Çimento | Referenz','Referenzeintrag für industrielle Anwendungen in Zement- und Bergbauanlagen.','2026-01-02 03:32:21.235','2026-01-02 03:32:21.235'),
('8c8c5204-0001-4222-8222-520400000001','7b1b5204-0001-4222-8222-520400000001','de','Ülker','de-ulker','Unternehmensreferenz für Lebensmittel- und Getränkeproduktionsanlagen.','<p>Referenzeintrag für Anwendungen in Lebensmittel- und Getränkeanlagen mit Fokus auf Hygiene, Energieeffizienz und Betriebskontinuität.</p>','Bild einer Lebensmittelproduktionsanlage','Ülker | Referenz','Referenzeintrag für industrielle Anwendungen in Lebensmittel- und Getränkeanlagen.','2026-01-02 03:32:21.235','2026-01-02 03:32:21.235'),
('8c8c5204-0002-4222-8222-520400000002','7b1b5204-0002-4222-8222-520400000002','de','Eti','de-eti','Unternehmensreferenz für Lebensmittel- und Getränkeproduktionsanlagen.','<p>Referenzeintrag für Anwendungen in Lebensmittel- und Getränkeanlagen mit Fokus auf Hygiene, Energieeffizienz und Betriebskontinuität.</p>','Bild einer Lebensmittelproduktionsanlage','Eti | Referenz','Referenzeintrag für industrielle Anwendungen in Lebensmittel- und Getränkeanlagen.','2026-01-02 03:32:21.235','2026-01-02 03:32:21.235'),
('8c8c5204-0003-4222-8222-520400000003','7b1b5204-0003-4222-8222-520400000003','de','Sütaş','de-sutas','Unternehmensreferenz für Lebensmittel- und Getränkeproduktionsanlagen.','<p>Referenzeintrag für Anwendungen in Lebensmittel- und Getränkeanlagen mit Fokus auf Hygiene, Energieeffizienz und Betriebskontinuität.</p>','Bild einer Lebensmittelproduktionsanlage','Sütaş | Referenz','Referenzeintrag für industrielle Anwendungen in Lebensmittel- und Getränkeanlagen.','2026-01-02 03:32:21.235','2026-01-02 03:32:21.235'),
('8c8c5204-0004-4222-8222-520400000004','7b1b5204-0004-4222-8222-520400000004','de','Pınar','de-pinar','Unternehmensreferenz für Lebensmittel- und Getränkeproduktionsanlagen.','<p>Referenzeintrag für Anwendungen in Lebensmittel- und Getränkeanlagen mit Fokus auf Hygiene, Energieeffizienz und Betriebskontinuität.</p>','Bild einer Lebensmittelproduktionsanlage','Pınar | Referenz','Referenzeintrag für industrielle Anwendungen in Lebensmittel- und Getränkeanlagen.','2026-01-02 03:32:21.235','2026-01-02 03:32:21.235'),
('8c8c5204-0005-4222-8222-520400000005','7b1b5204-0005-4222-8222-520400000005','de','Anadolu Efes','de-anadolu-efes','Unternehmensreferenz für Lebensmittel- und Getränkeproduktionsanlagen.','<p>Referenzeintrag für Anwendungen in Lebensmittel- und Getränkeanlagen mit Fokus auf Hygiene, Energieeffizienz und Betriebskontinuität.</p>','Bild einer Lebensmittelproduktionsanlage','Anadolu Efes | Referenz','Referenzeintrag für industrielle Anwendungen in Lebensmittel- und Getränkeanlagen.','2026-01-02 03:32:21.235','2026-01-02 03:32:21.235'),
('8c8c5205-0001-4222-8222-520500000001','7b1b5205-0001-4222-8222-520500000001','de','Erdemir','de-erdemir','Unternehmensreferenz für Anwendungen in der Stahl- und Metallindustrie.','<p>Referenzeintrag für industrielle Lösungen, die für hohe Wärmelasten und Prozessanforderungen in Stahl- und Metallanlagen geeignet sind.</p>','Bild einer Stahl-/Metallanlage','Erdemir | Referenz','Referenzeintrag für industrielle Anwendungen in der Stahl- und Metallindustrie.','2026-01-02 03:32:21.235','2026-01-02 03:32:21.235'),
('8c8c5205-0002-4222-8222-520500000002','7b1b5205-0002-4222-8222-520500000002','de','Tosyalı','de-tosyali','Unternehmensreferenz für Anwendungen in der Stahl- und Metallindustrie.','<p>Referenzeintrag für industrielle Lösungen, die für hohe Wärmelasten und Prozessanforderungen in Stahl- und Metallanlagen geeignet sind.</p>','Bild einer Stahl-/Metallanlage','Tosyalı | Referenz','Referenzeintrag für industrielle Anwendungen in der Stahl- und Metallindustrie.','2026-01-02 03:32:21.235','2026-01-02 03:32:21.235'),
('8c8c5205-0003-4222-8222-520500000003','7b1b5205-0003-4222-8222-520500000003','de','İsdemir','de-isdemir','Unternehmensreferenz für Anwendungen in der Stahl- und Metallindustrie.','<p>Referenzeintrag für industrielle Lösungen, die für hohe Wärmelasten und Prozessanforderungen in Stahl- und Metallanlagen geeignet sind.</p>','Bild einer Stahl-/Metallanlage','İsdemir | Referenz','Referenzeintrag für industrielle Anwendungen in der Stahl- und Metallindustrie.','2026-01-02 03:32:21.235','2026-01-02 03:32:21.235'),
('8c8c5205-0004-4222-8222-520500000004','7b1b5205-0004-4222-8222-520500000004','de','Kardemir','de-kardemir','Unternehmensreferenz für Anwendungen in der Stahl- und Metallindustrie.','<p>Referenzeintrag für industrielle Lösungen, die für hohe Wärmelasten und Prozessanforderungen in Stahl- und Metallanlagen geeignet sind.</p>','Bild einer Stahl-/Metallanlage','Kardemir | Referenz','Referenzeintrag für industrielle Anwendungen in der Stahl- und Metallindustrie.','2026-01-02 03:32:21.235','2026-01-02 03:32:21.235'),
('8c8c5205-0005-4222-8222-520500000005','7b1b5205-0005-4222-8222-520500000005','de','Çolakoğlu Metalurji','de-colakoglu-metalurji','Unternehmensreferenz für Anwendungen in der Stahl- und Metallindustrie.','<p>Referenzeintrag für industrielle Lösungen, die für hohe Wärmelasten und Prozessanforderungen in Stahl- und Metallanlagen geeignet sind.</p>','Bild einer Stahl-/Metallanlage','Çolakoğlu Metalurji | Referenz','Referenzeintrag für industrielle Anwendungen in der Stahl- und Metallindustrie.','2026-01-02 03:32:21.235','2026-01-02 03:32:21.235'),
('8c8c5206-0001-4222-8222-520600000001','7b1b5206-0001-4222-8222-520600000001','de','Ford Otosan','de-ford-otosan','Unternehmensreferenz für Automobil- und Zulieferfertigungslinien.','<p>Referenzeintrag für Lösungen in Automobilproduktionslinien mit Fokus auf Prozessstabilität, Qualität und Energieoptimierung.</p>','Bild einer Automobilproduktionsanlage','Ford Otosan | Referenz','Referenzeintrag für industrielle Anwendungen in der Automobil- und Zulieferindustrie.','2026-01-02 03:32:21.235','2026-01-02 03:32:21.235'),
('8c8c5206-0002-4222-8222-520600000002','7b1b5206-0002-4222-8222-520600000002','de','Tofaş','de-tofas','Unternehmensreferenz für Automobil- und Zulieferfertigungslinien.','<p>Referenzeintrag für Lösungen in Automobilproduktionslinien mit Fokus auf Prozessstabilität, Qualität und Energieoptimierung.</p>','Bild einer Automobilproduktionsanlage','Tofaş | Referenz','Referenzeintrag für industrielle Anwendungen in der Automobil- und Zulieferindustrie.','2026-01-02 03:32:21.235','2026-01-02 03:32:21.235'),
('8c8c5206-0003-4222-8222-520600000003','7b1b5206-0003-4222-8222-520600000003','de','TOGG','de-togg','Unternehmensreferenz für Automobil- und Zulieferfertigungslinien.','<p>Referenzeintrag für Lösungen in Automobilproduktionslinien mit Fokus auf Prozessstabilität, Qualität und Energieoptimierung.</p>','Bild einer Automobilproduktionsanlage','TOGG | Referenz','Referenzeintrag für industrielle Anwendungen in der Automobil- und Zulieferindustrie.','2026-01-02 03:32:21.235','2026-01-02 03:32:21.235'),
('8c8c5206-0004-4222-8222-520600000004','7b1b5206-0004-4222-8222-520600000004','de','Oyak Renault','de-oyak-renault','Unternehmensreferenz für Automobil- und Zulieferfertigungslinien.','<p>Referenzeintrag für Lösungen in Automobilproduktionslinien mit Fokus auf Prozessstabilität, Qualität und Energieoptimierung.</p>','Bild einer Automobilproduktionsanlage','Oyak Renault | Referenz','Referenzeintrag für industrielle Anwendungen in der Automobil- und Zulieferindustrie.','2026-01-02 03:32:21.235','2026-01-02 03:32:21.235'),
('8c8c5206-0005-4222-8222-520600000005','7b1b5206-0005-4222-8222-520600000005','de','Mercedes-Benz Türk','de-mercedes-benz-turk','Unternehmensreferenz für Automobil- und Zulieferfertigungslinien.','<p>Referenzeintrag für Lösungen in Automobilproduktionslinien mit Fokus auf Prozessstabilität, Qualität und Energieoptimierung.</p>','Bild einer Automobilproduktionsanlage','Mercedes-Benz Türk | Referenz','Referenzeintrag für industrielle Anwendungen in der Automobil- und Zulieferindustrie.','2026-01-02 03:32:21.235','2026-01-02 03:32:21.235'),
('8c8c5207-0001-4222-8222-520700000001','7b1b5207-0001-4222-8222-520700000001','de','ECE','de-ece','Unternehmensreferenz für Einkaufszentren und Gewerbegebäude.','<p>Referenzeintrag für Lösungen in Einkaufszentren und Gewerbegebäuden mit Fokus auf Komfort, Energieeffizienz und Betriebskontinuität.</p>','Bild eines Gewerbegebäudes/Einkaufszentrums','ECE | Referenz','Referenzeintrag für Anwendungen in Einkaufszentren und Gewerbegebäuden.','2026-01-02 03:32:21.235','2026-01-02 03:32:21.235'),
('8c8c5207-0002-4222-8222-520700000002','7b1b5207-0002-4222-8222-520700000002','de','Rönesans','de-renesans','Unternehmensreferenz für Einkaufszentren und Gewerbegebäude.','<p>Referenzeintrag für Lösungen in Einkaufszentren und Gewerbegebäuden mit Fokus auf Komfort, Energieeffizienz und Betriebskontinuität.</p>','Bild eines Gewerbegebäudes/Einkaufszentrums','Rönesans | Referenz','Referenzeintrag für Anwendungen in Einkaufszentren und Gewerbegebäuden.','2026-01-02 03:32:21.235','2026-01-02 03:32:21.235'),
('8c8c5207-0003-4222-8222-520700000003','7b1b5207-0003-4222-8222-520700000003','de','Zorlu','de-zorlu','Unternehmensreferenz für Einkaufszentren und Gewerbegebäude.','<p>Referenzeintrag für Lösungen in Einkaufszentren und Gewerbegebäuden mit Fokus auf Komfort, Energieeffizienz und Betriebskontinuität.</p>','Bild eines Gewerbegebäudes/Einkaufszentrums','Zorlu | Referenz','Referenzeintrag für Anwendungen in Einkaufszentren und Gewerbegebäuden.','2026-01-02 03:32:21.235','2026-01-02 03:32:21.235'),
('8c8c5207-0004-4222-8222-520700000004','7b1b5207-0004-4222-8222-520700000004','de','ENKA','de-enka','Unternehmensreferenz für Einkaufszentren und Gewerbegebäude.','<p>Referenzeintrag für Lösungen in Einkaufszentren und Gewerbegebäuden mit Fokus auf Komfort, Energieeffizienz und Betriebskontinuität.</p>','Bild eines Gewerbegebäudes/Einkaufszentrums','ENKA | Referenz','Referenzeintrag für Anwendungen in Einkaufszentren und Gewerbegebäuden.','2026-01-02 03:32:21.235','2026-01-02 03:32:21.235'),
('8c8c5207-0005-4222-8222-520700000005','7b1b5207-0005-4222-8222-520700000005','de','Tepe İnşaat','de-tepe-insaat','Unternehmensreferenz für Einkaufszentren und Gewerbegebäude.','<p>Referenzeintrag für Lösungen in Einkaufszentren und Gewerbegebäuden mit Fokus auf Komfort, Energieeffizienz und Betriebskontinuität.</p>','Bild eines Gewerbegebäudes/Einkaufszentrums','Tepe İnşaat | Referenz','Referenzeintrag für Anwendungen in Einkaufszentren und Gewerbegebäuden.','2026-01-02 03:32:21.235','2026-01-02 03:32:21.235'),
('8c8c5208-0001-4222-8222-520800000001','7b1b5208-0001-4222-8222-520800000001','de','Turkcell','de-turkcell','Unternehmensreferenz für Rechenzentrums- und Krankenhausinfrastrukturen.','<p>Referenzeintrag für Lösungen in Rechenzentren und Krankenhäusern mit Fokus auf hohe Verfügbarkeit, Redundanz und Management kritischer Infrastrukturen.</p>','Bild eines Rechenzentrums/Krankenhauses','Turkcell | Referenz','Referenzeintrag für Anwendungen in Rechenzentrums- und Krankenhausinfrastrukturen.','2026-01-02 03:32:21.235','2026-01-02 03:32:21.235'),
('8c8c5208-0002-4222-8222-520800000002','7b1b5208-0002-4222-8222-520800000002','de','Türk Telekom','de-turk-telekom','Unternehmensreferenz für Rechenzentrums- und Krankenhausinfrastrukturen.','<p>Referenzeintrag für Lösungen in Rechenzentren und Krankenhäusern mit Fokus auf hohe Verfügbarkeit, Redundanz und Management kritischer Infrastrukturen.</p>','Bild eines Rechenzentrums/Krankenhauses','Türk Telekom | Referenz','Referenzeintrag für Anwendungen in Rechenzentrums- und Krankenhausinfrastrukturen.','2026-01-02 03:32:21.235','2026-01-02 03:32:21.235'),
('8c8c5208-0003-4222-8222-520800000003','7b1b5208-0003-4222-8222-520800000003','de','Acıbadem','de-acibadem','Unternehmensreferenz für Rechenzentrums- und Krankenhausinfrastrukturen.','<p>Referenzeintrag für Lösungen in Rechenzentren und Krankenhäusern mit Fokus auf hohe Verfügbarkeit, Redundanz und Management kritischer Infrastrukturen.</p>','Bild eines Rechenzentrums/Krankenhauses','Acıbadem | Referenz','Referenzeintrag für Anwendungen in Rechenzentrums- und Krankenhausinfrastrukturen.','2026-01-02 03:32:21.235','2026-01-02 03:32:21.235'),
('8c8c5208-0004-4222-8222-520800000004','7b1b5208-0004-4222-8222-520800000004','de','KoçSistem','de-koc-sistem','Unternehmensreferenz für Rechenzentrums- und Krankenhausinfrastrukturen.','<p>Referenzeintrag für Lösungen in Rechenzentren und Krankenhäusern mit Fokus auf hohe Verfügbarkeit, Redundanz und Management kritischer Infrastrukturen.</p>','Bild eines Rechenzentrums/Krankenhauses','KoçSistem | Referenz','Referenzeintrag für Anwendungen in Rechenzentrums- und Krankenhausinfrastrukturen.','2026-01-02 03:32:21.235','2026-01-02 03:32:21.235'),
('8c8c5209-0001-4222-8222-520900000001','7b1b5209-0001-4222-8222-520900000001','de','Şişecam','de-sisecam','Unternehmensreferenz für Industrieprojekte.','<p>Referenzeintrag für industrielle Lösungen, die in Unternehmensprojekten umgesetzt wurden.</p>','Bild eines Unternehmensprojekts','Şişecam | Referenz','Referenzeintrag für industrielle Anwendungen in Unternehmensprojekten.','2026-01-02 03:32:21.235','2026-01-02 03:32:21.235'),
('8c8c5209-0002-4222-8222-520900000002','7b1b5209-0002-4222-8222-520900000002','de','ASELSAN','de-aselsan','Unternehmensreferenz für Industrieprojekte.','<p>Referenzeintrag für industrielle Lösungen, die in Unternehmensprojekten umgesetzt wurden.</p>','Bild eines Unternehmensprojekts','ASELSAN | Referenz','Referenzeintrag für industrielle Anwendungen in Unternehmensprojekten.','2026-01-02 03:32:21.235','2026-01-02 03:32:21.235'),
('8c8c5209-0003-4222-8222-520900000003','7b1b5209-0003-4222-8222-520900000003','de','Türk Hava Yolları','de-thy','Unternehmensreferenz für Industrieprojekte.','<p>Referenzeintrag für industrielle Lösungen, die in Unternehmensprojekten umgesetzt wurden.</p>','Bild eines Unternehmensprojekts','Türk Hava Yolları | Referenz','Referenzeintrag für industrielle Anwendungen in Unternehmensprojekten.','2026-01-02 03:32:21.235','2026-01-02 03:32:21.235'),
('8c8c5209-0004-4222-8222-520900000004','7b1b5209-0004-4222-8222-520900000004','de','Arçelik','de-arcelik','Unternehmensreferenz für Industrieprojekte.','<p>Referenzeintrag für industrielle Lösungen, die in Unternehmensprojekten umgesetzt wurden.</p>','Bild eines Unternehmensprojekts','Arçelik | Referenz','Referenzeintrag für industrielle Anwendungen in Unternehmensprojekten.','2026-01-02 03:32:21.235','2026-01-02 03:32:21.235'),
('8c8c5209-0005-4222-8222-520900000005','7b1b5209-0005-4222-8222-520900000005','de','Vestel','de-vestel','Unternehmensreferenz für Industrieprojekte.','<p>Referenzeintrag für industrielle Lösungen, die in Unternehmensprojekten umgesetzt wurden.</p>','Bild eines Unternehmensprojekts','Vestel | Referenz','Referenzeintrag für industrielle Anwendungen in Unternehmensprojekten.','2026-01-02 03:32:21.235','2026-01-02 03:32:21.235');
/*!40000 ALTER TABLE `references_i18n` ENABLE KEYS */;
UNLOCK TABLES;

--
-- Table structure for table `refresh_tokens`
--

DROP TABLE IF EXISTS `refresh_tokens`;
/*!40101 SET @saved_cs_client     = @@character_set_client */;
/*!40101 SET character_set_client = utf8mb4 */;
CREATE TABLE `refresh_tokens` (
  `id` char(36) NOT NULL,
  `user_id` char(36) NOT NULL,
  `token_hash` varchar(255) NOT NULL,
  `created_at` datetime(3) NOT NULL DEFAULT current_timestamp(3),
  `expires_at` datetime(3) NOT NULL,
  `revoked_at` datetime(3) DEFAULT NULL,
  `replaced_by` char(36) DEFAULT NULL,
  PRIMARY KEY (`id`),
  KEY `refresh_tokens_user_id_idx` (`user_id`),
  KEY `refresh_tokens_expires_at_idx` (`expires_at`),
  CONSTRAINT `fk_refresh_tokens_user` FOREIGN KEY (`user_id`) REFERENCES `users` (`id`) ON DELETE CASCADE ON UPDATE CASCADE
) ENGINE=InnoDB DEFAULT CHARSET=utf8mb4 COLLATE=utf8mb4_unicode_ci;
/*!40101 SET character_set_client = @saved_cs_client */;

--
-- Dumping data for table `refresh_tokens`
--

LOCK TABLES `refresh_tokens` WRITE;
/*!40000 ALTER TABLE `refresh_tokens` DISABLE KEYS */;
INSERT INTO `refresh_tokens` VALUES
('13c13a74-d6fb-463c-af30-1eb9aff8fed6','4f618a8d-6fdb-498c-898a-395d368b2193','9bb0667cee53407012ef7a19e5d4879115dcbec9d967152a393fdf0cf3925e96','2026-01-02 04:40:59.901','2026-01-09 03:40:59.899',NULL,NULL),
('143606c0-6c73-41ad-ac08-175688872bc2','4f618a8d-6fdb-498c-898a-395d368b2193','d8a8317802d7f3cab89b38a7a685e07c22d1ea8da08ecba5deb13e249a1c42ea','2026-01-02 07:42:12.910','2026-01-09 06:42:12.907','2026-01-02 06:59:00.903','d8f59694-b9d5-483a-9861-39f58fa64754'),
('226bea89-2d85-4189-acf6-a1ffcb8863fc','4f618a8d-6fdb-498c-898a-395d368b2193','f5a847c6484f264c601f60354ce9bddd6704bfe93ce28d2dc8bff47e280fecd0','2026-01-02 07:40:20.310','2026-01-09 06:40:20.309',NULL,NULL),
('415685d4-d3fb-4b69-819b-10623e0c8af0','4f618a8d-6fdb-498c-898a-395d368b2193','37d933a79e61f56ffb52ed6b3420e4ea634294f0832387b405fc30284402086a','2026-01-02 07:09:37.318','2026-01-09 06:09:37.317','2026-01-02 06:25:17.209','af801bcd-6016-42d3-a668-02b93f6baead'),
('4a076247-27a5-4c23-94e7-b0311101a112','4f618a8d-6fdb-498c-898a-395d368b2193','fd1358203b0e4f478a912270d7e40e049d7264890c0eb4c327299fdc148e322e','2026-01-02 08:40:09.062','2026-01-09 07:40:09.061',NULL,NULL),
('501052af-3c9d-4893-8cb8-062226c15a4b','4f618a8d-6fdb-498c-898a-395d368b2193','f368545137993df693c7ca0228e824526d2629ed0630378bc210447a68547af8','2026-01-02 10:34:12.737','2026-01-09 09:34:12.736',NULL,NULL),
('af801bcd-6016-42d3-a668-02b93f6baead','4f618a8d-6fdb-498c-898a-395d368b2193','82d0cbbab1a24f124e8554d1dcbcb1b69072794db7a9c90b560a658161df5fa1','2026-01-02 07:25:17.224','2026-01-09 06:25:17.222','2026-01-02 06:40:20.294','226bea89-2d85-4189-acf6-a1ffcb8863fc'),
('d8f59694-b9d5-483a-9861-39f58fa64754','4f618a8d-6fdb-498c-898a-395d368b2193','27ac7e36241e2745e58559143cfecf198764a09d3f40fd80e598c22c624daa37','2026-01-02 07:59:00.910','2026-01-09 06:59:00.909','2026-01-02 07:20:57.841','db89303e-4958-4a50-9559-01a853f044f7'),
('db89303e-4958-4a50-9559-01a853f044f7','4f618a8d-6fdb-498c-898a-395d368b2193','dab9dc5e14271d94f43a037b3137ce1f78d21a80d0e1ad47f2ef759d46e78969','2026-01-02 08:20:57.849','2026-01-09 07:20:57.847','2026-01-02 07:40:09.048','4a076247-27a5-4c23-94e7-b0311101a112');
/*!40000 ALTER TABLE `refresh_tokens` ENABLE KEYS */;
UNLOCK TABLES;

--
-- Table structure for table `review_i18n`
--

DROP TABLE IF EXISTS `review_i18n`;
/*!40101 SET @saved_cs_client     = @@character_set_client */;
/*!40101 SET character_set_client = utf8mb4 */;
CREATE TABLE `review_i18n` (
  `id` char(36) NOT NULL,
  `review_id` char(36) NOT NULL,
  `locale` varchar(8) NOT NULL,
  `title` varchar(255) DEFAULT NULL,
  `comment` text NOT NULL,
  `admin_reply` text DEFAULT NULL,
  `created_at` datetime(3) NOT NULL DEFAULT current_timestamp(3),
  `updated_at` datetime(3) NOT NULL DEFAULT current_timestamp(3) ON UPDATE current_timestamp(3),
  PRIMARY KEY (`id`),
  UNIQUE KEY `ux_review_i18n_review_locale` (`review_id`,`locale`),
  KEY `review_i18n_review_idx` (`review_id`),
  KEY `review_i18n_locale_idx` (`locale`),
  CONSTRAINT `fk_review_i18n_review` FOREIGN KEY (`review_id`) REFERENCES `reviews` (`id`) ON DELETE CASCADE
) ENGINE=InnoDB DEFAULT CHARSET=utf8mb4 COLLATE=utf8mb4_unicode_ci;
/*!40101 SET character_set_client = @saved_cs_client */;

--
-- Dumping data for table `review_i18n`
--

LOCK TABLES `review_i18n` WRITE;
/*!40000 ALTER TABLE `review_i18n` DISABLE KEYS */;
INSERT INTO `review_i18n` VALUES
('44440001-4444-4444-8444-444444441001','44440001-4444-4444-8444-444444440001','tr','Misyon metni çok net ve anlaşılır','Ensotek\'in misyon açıklaması, sektöre bakışını ve müşteri odaklı yaklaşımını çok net şekilde ortaya koyuyor.',NULL,'2026-01-02 03:32:22.767','2026-01-02 03:32:22.767'),
('44440001-4444-4444-8444-444444441002','44440001-4444-4444-8444-444444440001','en','Strong customer-oriented mission','I really like how Ensotek puts customer satisfaction and efficiency at the center of its mission.',NULL,'2026-01-02 03:32:22.767','2026-01-02 03:32:22.767'),
('44440001-4444-4444-8444-444444441003','44440001-4444-4444-8444-444444440001','de','Klare und kundenorientierte Mission','Die Mission ist verständlich formuliert und zeigt den Fokus auf Effizienz und Kundenzufriedenheit.',NULL,'2026-01-02 03:32:22.767','2026-01-02 03:32:22.767'),
('44440003-4444-4444-8444-444444443001','44440003-4444-4444-8444-444444440003','tr','40 yıllık deneyimi hissettiriyor','Hakkımızda sayfasındaki bilgiler, firmanın sektörde ne kadar köklü ve tecrübeli olduğunu çok iyi anlatıyor.',NULL,'2026-01-02 03:32:22.767','2026-01-02 03:32:22.767'),
('44440003-4444-4444-8444-444444443002','44440003-4444-4444-8444-444444440003','en','Impressive background','The about page gives a very clear picture of Ensotek\'s long-term experience and strong reference projects.',NULL,'2026-01-02 03:32:22.767','2026-01-02 03:32:22.767'),
('44440003-4444-4444-8444-444444443003','44440003-4444-4444-8444-444444440003','de','Sehr überzeugender Unternehmenshintergrund','Die „Über uns“-Seite vermittelt einen klaren Eindruck von Ensoteks Erfahrung und den starken Referenzprojekten.',NULL,'2026-01-02 03:32:22.767','2026-01-02 03:32:22.767'),
('44440005-4444-4444-8444-444444445001','44440005-4444-4444-8444-444444440005','tr','Bakım rehberi çok faydalı','Periyodik bakım yazısı, sahadaki ekibimiz için kontrol listesi gibi kullanabileceğimiz pratik bilgiler içeriyor.',NULL,'2026-01-02 03:32:22.767','2026-01-02 03:32:22.767'),
('44440005-4444-4444-8444-444444445002','44440005-4444-4444-8444-444444440005','en','Very practical maintenance guide','The periodic maintenance article provides actionable tips that can be used as a checklist by field teams.',NULL,'2026-01-02 03:32:22.767','2026-01-02 03:32:22.767'),
('44440005-4444-4444-8444-444444445003','44440005-4444-4444-8444-444444440005','de','Sehr hilfreicher Wartungsleitfaden','Der Artikel zur regelmäßigen Wartung enthält praxisnahe Hinweise, die sich als Checkliste für Serviceteams nutzen lassen.',NULL,'2026-01-02 03:32:22.767','2026-01-02 03:32:22.767'),
('44440011-4444-4444-8444-444444440111','44440011-4444-4444-8444-444444440011','tr','Soğutma kulesi seçimi için çok iyi bir özet','Soğutma kulesi sayfasında kapasiteler, çalışma prensibi ve seçim kriterleri sade ve teknik olarak doğru anlatılmış. Proje başlangıcında doğru karar vermemize yardımcı oldu.',NULL,'2026-01-02 03:32:22.767','2026-01-02 03:32:22.767'),
('44440011-4444-4444-8444-444444440112','44440011-4444-4444-8444-444444440011','en','Excellent overview for selecting a cooling tower','The page explains capacity, operating principles and selection criteria in a clear and technically accurate way. It helped us make the right call at the start of the project.',NULL,'2026-01-02 03:32:22.767','2026-01-02 03:32:22.767'),
('44440011-4444-4444-8444-444444440113','44440011-4444-4444-8444-444444440011','de','Sehr guter Überblick zur Auswahl von Kühltürmen','Die Seite erläutert Kapazität, Funktionsprinzip und Auswahlkriterien klar und technisch korrekt. Das hat uns bei der Projektentscheidung deutlich geholfen.',NULL,'2026-01-02 03:32:22.767','2026-01-02 03:32:22.767'),
('44440012-4444-4444-8444-444444440121','44440012-4444-4444-8444-444444440012','tr','Açık/kapalı devre farkı netleşti','Açık devre, kapalı devre ve hibrit çözümlerin avantaj/dezavantajları iyi karşılaştırılmış. Özellikle su kalitesi ve bakım ihtiyacı açısından doğru çerçeve sunuyor.',NULL,'2026-01-02 03:32:22.767','2026-01-02 03:32:22.767'),
('44440012-4444-4444-8444-444444440122','44440012-4444-4444-8444-444444440012','en','Clear comparison of open vs. closed circuit','The pros/cons of open circuit, closed circuit and hybrid solutions are well structured. It sets the right expectations about water quality and maintenance requirements.',NULL,'2026-01-02 03:32:22.767','2026-01-02 03:32:22.767'),
('44440012-4444-4444-8444-444444440123','44440012-4444-4444-8444-444444440012','de','Guter Vergleich: offener vs. geschlossener Kreislauf','Vor- und Nachteile von offenen, geschlossenen und hybriden Systemen sind sauber gegenübergestellt – besonders im Hinblick auf Wasserqualität und Wartungsaufwand.',NULL,'2026-01-02 03:32:22.767','2026-01-02 03:32:22.767'),
('44440013-4444-4444-8444-444444440131','44440013-4444-4444-8444-444444440013','tr','Bakım ve hijyen adımları pratik','Periyodik bakım adımları (dolgu kontrolü, fan-kayış ayarı, su şartlandırma, drift eliminatör temizliği) sahada uygulanabilir şekilde yazılmış. Hijyen ve verim için önemli.',NULL,'2026-01-02 03:32:22.767','2026-01-02 03:32:22.767'),
('44440013-4444-4444-8444-444444440132','44440013-4444-4444-8444-444444440013','en','Practical maintenance and hygiene steps','Maintenance steps (fill inspection, fan/belt alignment, water treatment, drift eliminator cleaning) are described in an actionable way. Great for hygiene and efficiency.',NULL,'2026-01-02 03:32:22.767','2026-01-02 03:32:22.767'),
('44440013-4444-4444-8444-444444440133','44440013-4444-4444-8444-444444440013','de','Praxisnahe Wartungs- und Hygieneschritte','Wartungspunkte (Füllkörper, Ventilator/Riemen, Wasseraufbereitung, Drift-Eliminator) sind sehr praxisnah beschrieben – wichtig für Hygiene und Effizienz.',NULL,'2026-01-02 03:32:22.767','2026-01-02 03:32:22.767'),
('44440014-4444-4444-8444-444444440141','44440014-4444-4444-8444-444444440014','tr','Referanslar güven veriyor','Soğutma kuleleri referans projeleri sektör çeşitliliği açısından güçlü. Teklif sürecinde teknik ekip için ikna edici oldu.',NULL,'2026-01-02 03:32:22.767','2026-01-02 03:32:22.767'),
('44440014-4444-4444-8444-444444440142','44440014-4444-4444-8444-444444440014','en','References inspire confidence','The cooling tower reference projects show strong sector coverage. It was convincing for our technical team during the quotation process.',NULL,'2026-01-02 03:32:22.767','2026-01-02 03:32:22.767'),
('44440014-4444-4444-8444-444444440143','44440014-4444-4444-8444-444444440014','de','Referenzen schaffen Vertrauen','Die Referenzprojekte im Bereich Kühltürme zeigen eine starke Branchenabdeckung. Das war im Angebotsprozess sehr überzeugend.',NULL,'2026-01-02 03:32:22.767','2026-01-02 03:32:22.767'),
('44440015-4444-4444-8444-444444440151','44440015-4444-4444-8444-444444440015','tr','Ses seviyesi için doğru yaklaşım','Ses seviyesi ve titreşim konularında doğru mühendislik yaklaşımı anlatılmış. Yerleşim, fan seçimi ve izolasyon gibi detaylar karar sürecini kolaylaştırdı.',NULL,'2026-01-02 03:32:22.767','2026-01-02 03:32:22.767'),
('44440015-4444-4444-8444-444444440152','44440015-4444-4444-8444-444444440015','en','Good engineering approach for noise control','The page addresses noise and vibration with the right engineering perspective. Layout, fan choice and isolation details helped streamline decisions.',NULL,'2026-01-02 03:32:22.767','2026-01-02 03:32:22.767'),
('44440015-4444-4444-8444-444444440153','44440015-4444-4444-8444-444444440015','de','Guter Ansatz für Schall- und Vibrationskontrolle','Schall und Vibration werden mit dem richtigen Engineering-Fokus erklärt. Aufstellung, Ventilatorwahl und Entkopplung waren sehr hilfreich.',NULL,'2026-01-02 03:32:22.767','2026-01-02 03:32:22.767'),
('44440016-4444-4444-8444-444444440161','44440016-4444-4444-8444-444444440016','tr','Su tüketimi ve şartlandırma bilgisi yerinde','Buharlaşma kaybı, sürüklenme (drift) ve blöf (blowdown) gibi konuların açıklanması faydalı. Su şartlandırma önerileri net ve uygulanabilir.',NULL,'2026-01-02 03:32:22.767','2026-01-02 03:32:22.767'),
('44440016-4444-4444-8444-444444440162','44440016-4444-4444-8444-444444440016','en','Solid information on water use and treatment','Explanations about evaporation loss, drift and blowdown are helpful. Water treatment guidance is clear and practical.',NULL,'2026-01-02 03:32:22.767','2026-01-02 03:32:22.767'),
('44440016-4444-4444-8444-444444440163','44440016-4444-4444-8444-444444440016','de','Gute Informationen zu Wasserverbrauch und Aufbereitung','Erläuterungen zu Verdunstung, Drift und Blowdown sind sehr nützlich. Empfehlungen zur Wasseraufbereitung sind klar und praxisnah.',NULL,'2026-01-02 03:32:22.767','2026-01-02 03:32:22.767');
/*!40000 ALTER TABLE `review_i18n` ENABLE KEYS */;
UNLOCK TABLES;

--
-- Table structure for table `reviews`
--

DROP TABLE IF EXISTS `reviews`;
/*!40101 SET @saved_cs_client     = @@character_set_client */;
/*!40101 SET character_set_client = utf8mb4 */;
CREATE TABLE `reviews` (
  `id` char(36) NOT NULL,
  `target_type` varchar(50) NOT NULL,
  `target_id` char(36) NOT NULL,
  `name` varchar(255) NOT NULL,
  `email` varchar(255) NOT NULL,
  `rating` tinyint(4) NOT NULL,
  `is_active` tinyint(1) NOT NULL DEFAULT 1,
  `is_approved` tinyint(1) NOT NULL DEFAULT 0,
  `display_order` int(11) NOT NULL DEFAULT 0,
  `likes_count` int(11) NOT NULL DEFAULT 0,
  `dislikes_count` int(11) NOT NULL DEFAULT 0,
  `helpful_count` int(11) NOT NULL DEFAULT 0,
  `submitted_locale` varchar(8) NOT NULL,
  `created_at` datetime(3) NOT NULL DEFAULT current_timestamp(3),
  `updated_at` datetime(3) NOT NULL DEFAULT current_timestamp(3) ON UPDATE current_timestamp(3),
  PRIMARY KEY (`id`),
  KEY `reviews_target_idx` (`target_type`,`target_id`),
  KEY `reviews_rating_idx` (`rating`),
  KEY `reviews_active_idx` (`is_active`),
  KEY `reviews_approved_idx` (`is_approved`),
  KEY `reviews_display_order_idx` (`display_order`),
  KEY `reviews_created_idx` (`created_at`),
  KEY `reviews_updated_idx` (`updated_at`),
  KEY `reviews_helpful_idx` (`helpful_count`)
) ENGINE=InnoDB DEFAULT CHARSET=utf8mb4 COLLATE=utf8mb4_unicode_ci;
/*!40101 SET character_set_client = @saved_cs_client */;

--
-- Dumping data for table `reviews`
--

LOCK TABLES `reviews` WRITE;
/*!40000 ALTER TABLE `reviews` DISABLE KEYS */;
INSERT INTO `reviews` VALUES
('44440001-4444-4444-8444-444444440001','custom_page','11111111-2222-3333-4444-555555555571','Ahmet Yılmaz','ahmet@example.com',5,1,1,10,3,0,3,'tr','2026-01-02 03:32:22.761','2026-01-02 03:32:22.761'),
('44440003-4444-4444-8444-444444440003','custom_page','11111111-2222-3333-4444-555555555573','Mehmet Kara','mehmet.kara@example.com',5,1,1,30,5,0,5,'tr','2026-01-02 03:32:22.761','2026-01-02 03:32:22.761'),
('44440005-4444-4444-8444-444444440005','custom_page','33330001-3333-4333-8333-333333330001','Serkan Demir','serkan.demir@example.com',4,1,1,50,0,0,0,'tr','2026-01-02 03:32:22.761','2026-01-02 03:32:22.761'),
('44440011-4444-4444-8444-444444440011','custom_page','11111111-2222-3333-4444-555555555581','Murat Akın','murat.akin@example.com',5,1,1,110,7,0,6,'tr','2026-01-02 03:32:22.761','2026-01-02 03:32:22.761'),
('44440012-4444-4444-8444-444444440012','custom_page','11111111-2222-3333-4444-555555555582','Elif Şahin','elif.sahin@example.com',5,1,1,120,4,0,4,'tr','2026-01-02 03:32:22.761','2026-01-02 03:32:22.761'),
('44440013-4444-4444-8444-444444440013','custom_page','11111111-2222-3333-4444-555555555583','Kemal Öz','kemal.oz@example.com',4,1,1,130,2,0,2,'tr','2026-01-02 03:32:22.761','2026-01-02 03:32:22.761'),
('44440014-4444-4444-8444-444444440014','custom_page','11111111-2222-3333-4444-555555555584','Zeynep Kılıç','zeynep.kilic@example.com',5,1,1,140,3,0,3,'tr','2026-01-02 03:32:22.761','2026-01-02 03:32:22.761'),
('44440015-4444-4444-8444-444444440015','custom_page','11111111-2222-3333-4444-555555555581','Tolga Demir','tolga.demir@example.com',5,1,1,150,1,0,1,'tr','2026-01-02 03:32:22.761','2026-01-02 03:32:22.761'),
('44440016-4444-4444-8444-444444440016','custom_page','11111111-2222-3333-4444-555555555581','Seda Arslan','seda.arslan@example.com',4,1,1,160,1,0,1,'tr','2026-01-02 03:32:22.761','2026-01-02 03:32:22.761');
/*!40000 ALTER TABLE `reviews` ENABLE KEYS */;
UNLOCK TABLES;

--
-- Table structure for table `service_images`
--

DROP TABLE IF EXISTS `service_images`;
/*!40101 SET @saved_cs_client     = @@character_set_client */;
/*!40101 SET character_set_client = utf8mb4 */;
CREATE TABLE `service_images` (
  `id` char(36) NOT NULL,
  `service_id` char(36) NOT NULL,
  `image_asset_id` char(36) DEFAULT NULL,
  `image_url` varchar(500) DEFAULT NULL,
  `is_active` tinyint(1) NOT NULL DEFAULT 1,
  `display_order` int(11) NOT NULL DEFAULT 0,
  `created_at` datetime(3) NOT NULL DEFAULT current_timestamp(3),
  `updated_at` datetime(3) NOT NULL DEFAULT current_timestamp(3) ON UPDATE current_timestamp(3),
  PRIMARY KEY (`id`),
  KEY `service_images_service_idx` (`service_id`),
  KEY `service_images_active_idx` (`is_active`),
  KEY `service_images_order_idx` (`display_order`),
  KEY `service_images_asset_idx` (`image_asset_id`),
  CONSTRAINT `fk_service_images_asset` FOREIGN KEY (`image_asset_id`) REFERENCES `storage_assets` (`id`) ON DELETE SET NULL ON UPDATE CASCADE,
  CONSTRAINT `fk_service_images_service` FOREIGN KEY (`service_id`) REFERENCES `services` (`id`) ON DELETE CASCADE ON UPDATE CASCADE
) ENGINE=InnoDB DEFAULT CHARSET=utf8mb4 COLLATE=utf8mb4_unicode_ci;
/*!40101 SET character_set_client = @saved_cs_client */;

--
-- Dumping data for table `service_images`
--

LOCK TABLES `service_images` WRITE;
/*!40000 ALTER TABLE `service_images` DISABLE KEYS */;
INSERT INTO `service_images` VALUES
('92000001-1111-4111-8111-920000000001','90000001-1111-4111-8111-900000000001',NULL,'https://images.unsplash.com/photo-1581092162384-8987c1d64718?auto=format&fit=crop&w=1600&q=80',1,10,'2026-01-02 03:32:23.059','2026-01-02 03:32:23.059'),
('92000002-1111-4111-8111-920000000001','90000002-1111-4111-8111-900000000002',NULL,'https://images.unsplash.com/photo-1581090700227-1e37b190418e?auto=format&fit=crop&w=1600&q=80',1,10,'2026-01-02 03:32:23.114','2026-01-02 03:32:23.114'),
('92000002-1111-4111-8111-920000000002','90000002-1111-4111-8111-900000000002',NULL,'https://images.unsplash.com/photo-1582719478185-2f0e4e2cdb4a?auto=format&fit=crop&w=1600&q=80',1,20,'2026-01-02 03:32:23.114','2026-01-02 03:32:23.114'),
('92000002-1111-4111-8111-920000000003','90000002-1111-4111-8111-900000000002',NULL,'https://images.unsplash.com/photo-1581092795360-0dc3e2b31d08?auto=format&fit=crop&w=1600&q=80',1,30,'2026-01-02 03:32:23.114','2026-01-02 03:32:23.114'),
('92000003-1111-4111-8111-920000000001','90000003-1111-4111-8111-900000000003',NULL,'https://images.unsplash.com/photo-1581091215367-59ab6b26d0f6?auto=format&fit=crop&w=1600&q=80',1,10,'2026-01-02 03:32:23.132','2026-01-02 03:32:23.132'),
('92000003-1111-4111-8111-920000000002','90000003-1111-4111-8111-900000000003',NULL,'https://images.unsplash.com/photo-1582719478250-c89cae4dc85b?auto=format&fit=crop&w=1600&q=80',1,20,'2026-01-02 03:32:23.132','2026-01-02 03:32:23.132'),
('92000003-1111-4111-8111-920000000003','90000003-1111-4111-8111-900000000003',NULL,'https://images.unsplash.com/photo-1581092580497-e0d23cbdf1dc?auto=format&fit=crop&w=1600&q=80',1,30,'2026-01-02 03:32:23.132','2026-01-02 03:32:23.132'),
('92000004-1111-4111-8111-920000000001','90000004-1111-4111-8111-900000000004',NULL,'https://images.unsplash.com/photo-1581092334555-1f9b6b3f6d2c?auto=format&fit=crop&w=1600&q=80',1,10,'2026-01-02 03:32:23.144','2026-01-02 03:32:23.144'),
('92000004-1111-4111-8111-920000000002','90000004-1111-4111-8111-900000000004',NULL,'https://images.unsplash.com/photo-1557597774-9d273605dfa9?auto=format&fit=crop&w=1600&q=80',1,20,'2026-01-02 03:32:23.144','2026-01-02 03:32:23.144'),
('92000004-1111-4111-8111-920000000003','90000004-1111-4111-8111-900000000004',NULL,'https://images.unsplash.com/photo-1526374965328-7f61d4dc18c5?auto=format&fit=crop&w=1600&q=80',1,30,'2026-01-02 03:32:23.144','2026-01-02 03:32:23.144'),
('92000005-1111-4111-8111-920000000001','90000005-1111-4111-8111-900000000005',NULL,'https://images.unsplash.com/photo-1555949963-aa79dcee981c?auto=format&fit=crop&w=1600&q=80',1,10,'2026-01-02 03:32:23.154','2026-01-02 03:32:23.154'),
('92000005-1111-4111-8111-920000000002','90000005-1111-4111-8111-900000000005',NULL,'https://images.unsplash.com/photo-1518779578993-ec3579fee39f?auto=format&fit=crop&w=1600&q=80',1,20,'2026-01-02 03:32:23.154','2026-01-02 03:32:23.154'),
('92000005-1111-4111-8111-920000000003','90000005-1111-4111-8111-900000000005',NULL,'https://images.unsplash.com/photo-1581092919535-7146a4c2f5f0?auto=format&fit=crop&w=1600&q=80',1,30,'2026-01-02 03:32:23.154','2026-01-02 03:32:23.154'),
('92000006-1111-4111-8111-920000000001','90000006-1111-4111-8111-900000000006',NULL,'https://images.unsplash.com/photo-1520607162513-77705c0f0d4a?auto=format&fit=crop&w=1600&q=80',1,10,'2026-01-02 03:32:23.165','2026-01-02 03:32:23.165'),
('92000006-1111-4111-8111-920000000002','90000006-1111-4111-8111-900000000006',NULL,'https://images.unsplash.com/photo-1519389950473-47ba0277781c?auto=format&fit=crop&w=1600&q=80',1,20,'2026-01-02 03:32:23.165','2026-01-02 03:32:23.165'),
('92000006-1111-4111-8111-920000000003','90000006-1111-4111-8111-900000000006',NULL,'https://images.unsplash.com/photo-1541888946425-d81bb19240f5?auto=format&fit=crop&w=1600&q=80',1,30,'2026-01-02 03:32:23.165','2026-01-02 03:32:23.165'),
('92000007-1111-4111-8111-920000000001','90000007-1111-4111-8111-900000000007',NULL,'https://images.unsplash.com/photo-1551288049-bebda4e38f71?auto=format&fit=crop&w=1600&q=80',1,10,'2026-01-02 03:32:23.173','2026-01-02 03:32:23.173'),
('92000007-1111-4111-8111-920000000002','90000007-1111-4111-8111-900000000007',NULL,'https://images.unsplash.com/photo-1557804506-669a67965ba0?auto=format&fit=crop&w=1600&q=80',1,20,'2026-01-02 03:32:23.173','2026-01-02 03:32:23.173'),
('92000007-1111-4111-8111-920000000003','90000007-1111-4111-8111-900000000007',NULL,'https://images.unsplash.com/photo-1581092795360-0dc3e2b31d08?auto=format&fit=crop&w=1600&q=80',1,30,'2026-01-02 03:32:23.173','2026-01-02 03:32:23.173'),
('92000008-1111-4111-8111-920000000001','90000008-1111-4111-8111-900000000008',NULL,'https://images.unsplash.com/photo-1581092334555-1f9b6b3f6d2c?auto=format&fit=crop&w=1600&q=80',1,10,'2026-01-02 03:32:23.186','2026-01-02 03:32:23.186'),
('92000008-1111-4111-8111-920000000002','90000008-1111-4111-8111-900000000008',NULL,'https://images.unsplash.com/photo-1518779578993-ec3579fee39f?auto=format&fit=crop&w=1600&q=80',1,20,'2026-01-02 03:32:23.186','2026-01-02 03:32:23.186'),
('92000008-1111-4111-8111-920000000003','90000008-1111-4111-8111-900000000008',NULL,'https://images.unsplash.com/photo-1581092919535-7146a4c2f5f0?auto=format&fit=crop&w=1600&q=80',1,30,'2026-01-02 03:32:23.186','2026-01-02 03:32:23.186'),
('92000009-1111-4111-8111-920000000001','90000009-1111-4111-8111-900000000009',NULL,'https://images.unsplash.com/photo-1520607162513-77705c0f0d4a?auto=format&fit=crop&w=1600&q=80',1,10,'2026-01-02 03:32:23.200','2026-01-02 03:32:23.200'),
('92000009-1111-4111-8111-920000000002','90000009-1111-4111-8111-900000000009',NULL,'https://images.unsplash.com/photo-1582719478250-c89cae4dc85b?auto=format&fit=crop&w=1600&q=80',1,20,'2026-01-02 03:32:23.200','2026-01-02 03:32:23.200'),
('92000009-1111-4111-8111-920000000003','90000009-1111-4111-8111-900000000009',NULL,'https://images.unsplash.com/photo-1516575150278-77136aed6920?auto=format&fit=crop&w=1600&q=80',1,30,'2026-01-02 03:32:23.200','2026-01-02 03:32:23.200');
/*!40000 ALTER TABLE `service_images` ENABLE KEYS */;
UNLOCK TABLES;

--
-- Table structure for table `service_images_i18n`
--

DROP TABLE IF EXISTS `service_images_i18n`;
/*!40101 SET @saved_cs_client     = @@character_set_client */;
/*!40101 SET character_set_client = utf8mb4 */;
CREATE TABLE `service_images_i18n` (
  `id` char(36) NOT NULL,
  `image_id` char(36) NOT NULL,
  `locale` varchar(10) NOT NULL,
  `title` varchar(255) DEFAULT NULL,
  `alt` varchar(255) DEFAULT NULL,
  `caption` varchar(500) DEFAULT NULL,
  `created_at` datetime(3) NOT NULL DEFAULT current_timestamp(3),
  `updated_at` datetime(3) NOT NULL DEFAULT current_timestamp(3) ON UPDATE current_timestamp(3),
  PRIMARY KEY (`id`),
  UNIQUE KEY `ux_service_images_i18n_unique` (`image_id`,`locale`),
  KEY `service_images_i18n_locale_idx` (`locale`),
  CONSTRAINT `fk_service_images_i18n_image` FOREIGN KEY (`image_id`) REFERENCES `service_images` (`id`) ON DELETE CASCADE ON UPDATE CASCADE
) ENGINE=InnoDB DEFAULT CHARSET=utf8mb4 COLLATE=utf8mb4_unicode_ci;
/*!40101 SET character_set_client = @saved_cs_client */;

--
-- Dumping data for table `service_images_i18n`
--

LOCK TABLES `service_images_i18n` WRITE;
/*!40000 ALTER TABLE `service_images_i18n` DISABLE KEYS */;
INSERT INTO `service_images_i18n` VALUES
('93000001-1111-4111-8111-930000000001','92000001-1111-4111-8111-920000000001','tr','Periyodik Kontroller','Periyodik bakım kontrolleri','Fan grubu, motor-redüktör ve mekanik aksam kontrolleri.','2026-01-02 03:32:23.062','2026-01-02 03:32:23.062'),
('93000001-1111-4111-8111-930000000101','92000001-1111-4111-8111-920000000001','en','Periodic Checks','Periodic checks','Fan group, motor-gearbox and mechanical inspections.','2026-01-02 03:32:23.062','2026-01-02 03:32:23.062'),
('93000001-1111-4111-8111-930000000201','92000001-1111-4111-8111-920000000001','de','Periodische Checks','Checks','Ventilatorgruppe, Motor-Getriebe und Mechanik prüfen.','2026-01-02 03:32:23.062','2026-01-02 03:32:23.062'),
('93000002-1111-4111-8111-930000000001','92000002-1111-4111-8111-920000000001','tr','Retrofit Analizi','Modernizasyon analizi','Dolgu/nozül upgrade ve hidrolik revizyon planı.','2026-01-02 03:32:23.117','2026-01-02 03:32:23.117'),
('93000002-1111-4111-8111-930000000002','92000002-1111-4111-8111-920000000002','tr','Verimlilik İyileştirme','Enerji verimliliği','Fan-motor optimizasyonu ve VFD senaryoları.','2026-01-02 03:32:23.117','2026-01-02 03:32:23.117'),
('93000002-1111-4111-8111-930000000003','92000002-1111-4111-8111-920000000003','tr','Saha Uygulaması','Saha modernizasyonu','Testler ve performans doğrulama ile teslim.','2026-01-02 03:32:23.117','2026-01-02 03:32:23.117'),
('93000002-1111-4111-8111-930000000101','92000002-1111-4111-8111-920000000001','en','Retrofit Analysis','Modernization analysis','Fill/nozzle upgrade and hydraulic revision plan.','2026-01-02 03:32:23.117','2026-01-02 03:32:23.117'),
('93000002-1111-4111-8111-930000000102','92000002-1111-4111-8111-920000000002','en','Efficiency Improvements','Energy efficiency','Fan-motor optimization and VFD scenarios.','2026-01-02 03:32:23.117','2026-01-02 03:32:23.117'),
('93000002-1111-4111-8111-930000000103','92000002-1111-4111-8111-920000000003','en','Field Implementation','Implementation','Testing and performance validation.','2026-01-02 03:32:23.117','2026-01-02 03:32:23.117'),
('93000002-1111-4111-8111-930000000201','92000002-1111-4111-8111-920000000001','de','Retrofit-Analyse','Analyse','Füllkörper/Düsen-Upgrade und hydraulischer Plan.','2026-01-02 03:32:23.117','2026-01-02 03:32:23.117'),
('93000002-1111-4111-8111-930000000202','92000002-1111-4111-8111-920000000002','de','Effizienz','Effizienz','Ventilator/Motor-Optimierung und VFD-Szenarien.','2026-01-02 03:32:23.117','2026-01-02 03:32:23.117'),
('93000002-1111-4111-8111-930000000203','92000002-1111-4111-8111-920000000003','de','Umsetzung','Umsetzung','Tests und Performance-Validierung.','2026-01-02 03:32:23.117','2026-01-02 03:32:23.117'),
('93000003-1111-4111-8111-930000000001','92000003-1111-4111-8111-920000000001','tr','Parça Eşleştirme','Doğru parça seçimi','Kule tipine göre nozül/dolgu/drift eliminator seçimi.','2026-01-02 03:32:23.133','2026-01-02 03:32:23.133'),
('93000003-1111-4111-8111-930000000002','92000003-1111-4111-8111-920000000002','tr','Hızlı Tedarik','Tedarik ve lojistik','Stok ve teslimat planlaması.','2026-01-02 03:32:23.133','2026-01-02 03:32:23.133'),
('93000003-1111-4111-8111-930000000003','92000003-1111-4111-8111-920000000003','tr','Uygulama Desteği','Montaj desteği','Opsiyonel montaj ve devreye alma.','2026-01-02 03:32:23.133','2026-01-02 03:32:23.133'),
('93000003-1111-4111-8111-930000000101','92000003-1111-4111-8111-920000000001','en','Part Matching','Correct matching','Nozzle/fill/drift eliminator selection by tower type.','2026-01-02 03:32:23.133','2026-01-02 03:32:23.133'),
('93000003-1111-4111-8111-930000000102','92000003-1111-4111-8111-920000000002','en','Fast Supply','Supply and logistics','Stock and delivery planning.','2026-01-02 03:32:23.133','2026-01-02 03:32:23.133'),
('93000003-1111-4111-8111-930000000103','92000003-1111-4111-8111-920000000003','en','Installation Support','Installation support','Optional installation and commissioning.','2026-01-02 03:32:23.133','2026-01-02 03:32:23.133'),
('93000003-1111-4111-8111-930000000201','92000003-1111-4111-8111-920000000001','de','Matching','Matching','Auswahl von Düsen/Füllkörpern/Drift Eliminatoren.','2026-01-02 03:32:23.133','2026-01-02 03:32:23.133'),
('93000003-1111-4111-8111-930000000202','92000003-1111-4111-8111-920000000002','de','Lieferung','Lieferung','Bestand und Lieferplanung.','2026-01-02 03:32:23.133','2026-01-02 03:32:23.133'),
('93000003-1111-4111-8111-930000000203','92000003-1111-4111-8111-920000000003','de','Montage-Support','Support','Optionale Montage und Inbetriebnahme.','2026-01-02 03:32:23.133','2026-01-02 03:32:23.133'),
('93000004-1111-4111-8111-930000000001','92000004-1111-4111-8111-920000000001','tr','Sensör & Alarm Tasarımı','Alarm altyapısı','Debi/sıcaklık/iletkenlik ve titreşim izleme.','2026-01-02 03:32:23.145','2026-01-02 03:32:23.145'),
('93000004-1111-4111-8111-930000000002','92000004-1111-4111-8111-920000000002','tr','SCADA Ekranları','SCADA ekranları','Operatör için canlı izleme ve raporlama.','2026-01-02 03:32:23.145','2026-01-02 03:32:23.145'),
('93000004-1111-4111-8111-930000000003','92000004-1111-4111-8111-920000000003','tr','Uzaktan Erişim','Uzaktan izleme','Güvenli uzaktan bağlantı ve bildirimler.','2026-01-02 03:32:23.145','2026-01-02 03:32:23.145'),
('93000004-1111-4111-8111-930000000101','92000004-1111-4111-8111-920000000001','en','Sensors & Alarms','Alarm design','Flow/temperature/conductivity and vibration monitoring.','2026-01-02 03:32:23.145','2026-01-02 03:32:23.145'),
('93000004-1111-4111-8111-930000000102','92000004-1111-4111-8111-920000000002','en','SCADA Screens','SCADA screens','Live monitoring and reporting for operators.','2026-01-02 03:32:23.145','2026-01-02 03:32:23.145'),
('93000004-1111-4111-8111-930000000103','92000004-1111-4111-8111-920000000003','en','Remote Access','Remote monitoring','Secure remote access and notifications.','2026-01-02 03:32:23.145','2026-01-02 03:32:23.145'),
('93000004-1111-4111-8111-930000000201','92000004-1111-4111-8111-920000000001','de','Sensorik & Alarme','Alarme','Durchfluss/Temperatur/Leitfähigkeit und Schwingung.','2026-01-02 03:32:23.145','2026-01-02 03:32:23.145'),
('93000004-1111-4111-8111-930000000202','92000004-1111-4111-8111-920000000002','de','SCADA','SCADA','Live Monitoring und Reporting.','2026-01-02 03:32:23.145','2026-01-02 03:32:23.145'),
('93000004-1111-4111-8111-930000000203','92000004-1111-4111-8111-920000000003','de','Remote','Remote','Sicherer Fernzugriff und Benachrichtigungen.','2026-01-02 03:32:23.145','2026-01-02 03:32:23.145'),
('93000005-1111-4111-8111-930000000001','92000005-1111-4111-8111-920000000001','tr','Isı Yükü Analizi','Isı yükü hesabı','Doğru kule seçimi için hesaplama.','2026-01-02 03:32:23.155','2026-01-02 03:32:23.155'),
('93000005-1111-4111-8111-930000000002','92000005-1111-4111-8111-920000000002','tr','Performans Değerlendirme','Performans analizi','Ölçüm ve kıyaslama ile optimizasyon fırsatları.','2026-01-02 03:32:23.155','2026-01-02 03:32:23.155'),
('93000005-1111-4111-8111-930000000003','92000005-1111-4111-8111-920000000003','tr','Teknik Eğitim','Operatör eğitimi','Dokümantasyon ve eğitim oturumları.','2026-01-02 03:32:23.155','2026-01-02 03:32:23.155'),
('93000005-1111-4111-8111-930000000101','92000005-1111-4111-8111-920000000001','en','Heat Load Analysis','Heat load','Sizing calculations for correct selection.','2026-01-02 03:32:23.155','2026-01-02 03:32:23.155'),
('93000005-1111-4111-8111-930000000102','92000005-1111-4111-8111-920000000002','en','Performance Assessment','Performance','Benchmarking and optimization opportunities.','2026-01-02 03:32:23.155','2026-01-02 03:32:23.155'),
('93000005-1111-4111-8111-930000000103','92000005-1111-4111-8111-920000000003','en','Technical Training','Training','Documentation and training sessions.','2026-01-02 03:32:23.155','2026-01-02 03:32:23.155'),
('93000005-1111-4111-8111-930000000201','92000005-1111-4111-8111-920000000001','de','Wärmelast','Wärmelast','Berechnung für korrekte Auslegung.','2026-01-02 03:32:23.155','2026-01-02 03:32:23.155'),
('93000005-1111-4111-8111-930000000202','92000005-1111-4111-8111-920000000002','de','Bewertung','Bewertung','Benchmarking und Optimierungspotenziale.','2026-01-02 03:32:23.155','2026-01-02 03:32:23.155'),
('93000005-1111-4111-8111-930000000203','92000005-1111-4111-8111-920000000003','de','Training','Training','Dokumentation und Schulungen.','2026-01-02 03:32:23.155','2026-01-02 03:32:23.155'),
('93000006-1111-4111-8111-930000000001','92000006-1111-4111-8111-920000000001','tr','Saha Keşfi','Saha keşfi','Yerleşim, erişim ve güvenlik kontrol listeleri.','2026-01-02 03:32:23.166','2026-01-02 03:32:23.166'),
('93000006-1111-4111-8111-930000000002','92000006-1111-4111-8111-920000000002','tr','Projelendirme','Mekanik tasarım','Seçim/boyutlandırma ve uygulama planı.','2026-01-02 03:32:23.166','2026-01-02 03:32:23.166'),
('93000006-1111-4111-8111-930000000003','92000006-1111-4111-8111-920000000003','tr','Uygulama Hazırlığı','Uygulama hazırlığı','Montaj koordinasyonu için planlama.','2026-01-02 03:32:23.166','2026-01-02 03:32:23.166'),
('93000006-1111-4111-8111-930000000101','92000006-1111-4111-8111-920000000001','en','Site Survey','Site survey','Layout, access and safety checklists.','2026-01-02 03:32:23.166','2026-01-02 03:32:23.166'),
('93000006-1111-4111-8111-930000000102','92000006-1111-4111-8111-920000000002','en','Engineering','Engineering design','Selection/sizing and implementation plan.','2026-01-02 03:32:23.166','2026-01-02 03:32:23.166'),
('93000006-1111-4111-8111-930000000103','92000006-1111-4111-8111-920000000003','en','Preparation','Preparation','Planning for installation coordination.','2026-01-02 03:32:23.166','2026-01-02 03:32:23.166'),
('93000006-1111-4111-8111-930000000201','92000006-1111-4111-8111-920000000001','de','Begehung','Begehung','Layout, Zugang und Sicherheitschecklisten.','2026-01-02 03:32:23.166','2026-01-02 03:32:23.166'),
('93000006-1111-4111-8111-930000000202','92000006-1111-4111-8111-920000000002','de','Engineering','Engineering','Auslegung und Umsetzungsplan.','2026-01-02 03:32:23.166','2026-01-02 03:32:23.166'),
('93000006-1111-4111-8111-930000000203','92000006-1111-4111-8111-920000000003','de','Vorbereitung','Vorbereitung','Planung für Montagekoordination.','2026-01-02 03:32:23.166','2026-01-02 03:32:23.166'),
('93000007-1111-4111-8111-930000000001','92000007-1111-4111-8111-920000000001','tr','KPI Ölçümleri','KPI ölçümü','Yaklaşım sıcaklığı ve verim metrikleri.','2026-01-02 03:32:23.173','2026-01-02 03:32:23.173'),
('93000007-1111-4111-8111-930000000002','92000007-1111-4111-8111-920000000002','tr','Raporlama','Raporlama','Öncesi/sonrası kıyas ve aksiyon planı.','2026-01-02 03:32:23.173','2026-01-02 03:32:23.173'),
('93000007-1111-4111-8111-930000000003','92000007-1111-4111-8111-920000000003','tr','İyileştirme Uygulaması','İyileştirme','Fan/dağıtım/dolgu optimizasyonu.','2026-01-02 03:32:23.173','2026-01-02 03:32:23.173'),
('93000007-1111-4111-8111-930000000101','92000007-1111-4111-8111-920000000001','en','KPI Measurements','KPI measurement','Approach temperature and efficiency metrics.','2026-01-02 03:32:23.173','2026-01-02 03:32:23.173'),
('93000007-1111-4111-8111-930000000102','92000007-1111-4111-8111-920000000002','en','Reporting','Reporting','Before/after comparison and action plan.','2026-01-02 03:32:23.173','2026-01-02 03:32:23.173'),
('93000007-1111-4111-8111-930000000103','92000007-1111-4111-8111-920000000003','en','Optimization Actions','Optimization','Fan/distribution/fill optimization steps.','2026-01-02 03:32:23.173','2026-01-02 03:32:23.173'),
('93000007-1111-4111-8111-930000000201','92000007-1111-4111-8111-920000000001','de','KPI','KPI','Approach und Effizienzmetriken.','2026-01-02 03:32:23.173','2026-01-02 03:32:23.173'),
('93000007-1111-4111-8111-930000000202','92000007-1111-4111-8111-920000000002','de','Reporting','Reporting','Vorher/Nachher und Maßnahmenplan.','2026-01-02 03:32:23.173','2026-01-02 03:32:23.173'),
('93000007-1111-4111-8111-930000000203','92000007-1111-4111-8111-920000000003','de','Maßnahmen','Maßnahmen','Ventilator/Verteilung/Füllkörper optimieren.','2026-01-02 03:32:23.173','2026-01-02 03:32:23.173'),
('93000008-1111-4111-8111-930000000001','92000008-1111-4111-8111-920000000001','tr','Kontrol Listeleri','Kontrol listeleri','Ön devreye alma kontrolleri.','2026-01-02 03:32:23.187','2026-01-02 03:32:23.187'),
('93000008-1111-4111-8111-930000000002','92000008-1111-4111-8111-920000000002','tr','Test Çalıştırması','Test','Titreşim ve güvenli çalıştırma adımları.','2026-01-02 03:32:23.187','2026-01-02 03:32:23.187'),
('93000008-1111-4111-8111-930000000003','92000008-1111-4111-8111-920000000003','tr','Eğitim & Teslim','Eğitim','Operatör eğitimi ve dokümantasyon.','2026-01-02 03:32:23.187','2026-01-02 03:32:23.187'),
('93000008-1111-4111-8111-930000000101','92000008-1111-4111-8111-920000000001','en','Checklists','Checklists','Pre-commissioning checks.','2026-01-02 03:32:23.187','2026-01-02 03:32:23.187'),
('93000008-1111-4111-8111-930000000102','92000008-1111-4111-8111-920000000002','en','Test Run','Test run','Vibration checks and safe startup steps.','2026-01-02 03:32:23.187','2026-01-02 03:32:23.187'),
('93000008-1111-4111-8111-930000000103','92000008-1111-4111-8111-920000000003','en','Training & Handover','Handover','Operator training and documentation.','2026-01-02 03:32:23.187','2026-01-02 03:32:23.187'),
('93000008-1111-4111-8111-930000000201','92000008-1111-4111-8111-920000000001','de','Checklisten','Checklisten','Pre-Commissioning Checks.','2026-01-02 03:32:23.187','2026-01-02 03:32:23.187'),
('93000008-1111-4111-8111-930000000202','92000008-1111-4111-8111-920000000002','de','Testlauf','Testlauf','Schwingungsprüfung und sicherer Start.','2026-01-02 03:32:23.187','2026-01-02 03:32:23.187'),
('93000008-1111-4111-8111-930000000203','92000008-1111-4111-8111-920000000003','de','Übergabe','Übergabe','Training und Dokumentation.','2026-01-02 03:32:23.187','2026-01-02 03:32:23.187'),
('93000009-1111-4111-8111-930000000001','92000009-1111-4111-8111-920000000001','tr','Hızlı Müdahale','Acil müdahale','Kritik duruşlarda hızlı teşhis.','2026-01-02 03:32:23.200','2026-01-02 03:32:23.200'),
('93000009-1111-4111-8111-930000000002','92000009-1111-4111-8111-920000000002','tr','Parça Değişimi','Parça değişimi','Fan/motor/redüktör ve kritik komponent değişimi.','2026-01-02 03:32:23.200','2026-01-02 03:32:23.200'),
('93000009-1111-4111-8111-930000000003','92000009-1111-4111-8111-920000000003','tr','Güvenli Restart','Güvenli yeniden çalıştırma','Kontroller, testler ve olay raporu.','2026-01-02 03:32:23.200','2026-01-02 03:32:23.200'),
('93000009-1111-4111-8111-930000000101','92000009-1111-4111-8111-920000000001','en','Rapid Response','Rapid response','Fast diagnostics in critical downtime.','2026-01-02 03:32:23.200','2026-01-02 03:32:23.200'),
('93000009-1111-4111-8111-930000000102','92000009-1111-4111-8111-920000000002','en','Part Replacement','Replacement','Fan/motor/gearbox and critical component replacement.','2026-01-02 03:32:23.200','2026-01-02 03:32:23.200'),
('93000009-1111-4111-8111-930000000103','92000009-1111-4111-8111-920000000003','en','Safe Restart','Safe restart','Checks, tests and incident reporting.','2026-01-02 03:32:23.200','2026-01-02 03:32:23.200'),
('93000009-1111-4111-8111-930000000201','92000009-1111-4111-8111-920000000001','de','Schnellreaktion','Reaktion','Schnelldiagnose bei kritischem Stillstand.','2026-01-02 03:32:23.200','2026-01-02 03:32:23.200'),
('93000009-1111-4111-8111-930000000202','92000009-1111-4111-8111-920000000002','de','Teiletausch','Tausch','Ventilator/Motor/Getriebe und kritische Teile.','2026-01-02 03:32:23.200','2026-01-02 03:32:23.200'),
('93000009-1111-4111-8111-930000000203','92000009-1111-4111-8111-920000000003','de','Restart','Restart','Checks, Tests und Incident-Report.','2026-01-02 03:32:23.200','2026-01-02 03:32:23.200');
/*!40000 ALTER TABLE `service_images_i18n` ENABLE KEYS */;
UNLOCK TABLES;

--
-- Table structure for table `services`
--

DROP TABLE IF EXISTS `services`;
/*!40101 SET @saved_cs_client     = @@character_set_client */;
/*!40101 SET character_set_client = utf8mb4 */;
CREATE TABLE `services` (
  `id` char(36) NOT NULL,
  `type` varchar(32) NOT NULL DEFAULT 'other',
  `category_id` char(36) DEFAULT NULL,
  `sub_category_id` char(36) DEFAULT NULL,
  `featured` tinyint(1) NOT NULL DEFAULT 0,
  `is_active` tinyint(1) NOT NULL DEFAULT 1,
  `display_order` int(11) NOT NULL DEFAULT 0,
  `featured_image` varchar(500) DEFAULT NULL,
  `image_url` varchar(500) DEFAULT NULL,
  `image_asset_id` char(36) DEFAULT NULL,
  `area` varchar(255) DEFAULT NULL,
  `duration` varchar(255) DEFAULT NULL,
  `maintenance` varchar(255) DEFAULT NULL,
  `season` varchar(255) DEFAULT NULL,
  `thickness` varchar(255) DEFAULT NULL,
  `equipment` varchar(255) DEFAULT NULL,
  `created_at` datetime(3) NOT NULL DEFAULT current_timestamp(3),
  `updated_at` datetime(3) NOT NULL DEFAULT current_timestamp(3) ON UPDATE current_timestamp(3),
  PRIMARY KEY (`id`),
  KEY `services_active_idx` (`is_active`),
  KEY `services_order_idx` (`display_order`),
  KEY `services_type_idx` (`type`),
  KEY `services_category_id_idx` (`category_id`),
  KEY `services_sub_category_id_idx` (`sub_category_id`),
  KEY `services_asset_idx` (`image_asset_id`),
  KEY `services_created_idx` (`created_at`),
  KEY `services_updated_idx` (`updated_at`),
  CONSTRAINT `fk_services_category` FOREIGN KEY (`category_id`) REFERENCES `categories` (`id`) ON DELETE SET NULL ON UPDATE CASCADE,
  CONSTRAINT `fk_services_featured_asset` FOREIGN KEY (`image_asset_id`) REFERENCES `storage_assets` (`id`) ON DELETE SET NULL ON UPDATE CASCADE,
  CONSTRAINT `fk_services_sub_category` FOREIGN KEY (`sub_category_id`) REFERENCES `sub_categories` (`id`) ON DELETE SET NULL ON UPDATE CASCADE
) ENGINE=InnoDB DEFAULT CHARSET=utf8mb4 COLLATE=utf8mb4_unicode_ci;
/*!40101 SET character_set_client = @saved_cs_client */;

--
-- Dumping data for table `services`
--

LOCK TABLES `services` WRITE;
/*!40000 ALTER TABLE `services` DISABLE KEYS */;
INSERT INTO `services` VALUES
('90000001-1111-4111-8111-900000000001','maintenance_and_repair','aaaa8001-1111-4111-8111-aaaaaaaa8001','bbbb8002-1111-4111-8111-bbbbbbbb8002',1,1,10,'https://res.cloudinary.com/dbozv7wqd/image/upload/v1767320604/services/cover/maintenance_and_repair.png','https://res.cloudinary.com/dbozv7wqd/image/upload/v1767320604/services/cover/maintenance_and_repair.png',NULL,'Existing cooling towers / plants / commercial buildings','1 day – 4 weeks (scope dependent)','Optional periodic maintenance contract','All seasons',NULL,'Nozzles, fills, drift eliminators, fan, motor, gearbox, mechanical components','2026-01-02 03:32:23.050','2026-01-02 03:41:19.372'),
('90000002-1111-4111-8111-900000000002','modernization','aaaa8001-1111-4111-8111-aaaaaaaa8001','bbbb8003-1111-4111-8111-bbbbbbbb8003',1,1,20,NULL,'https://res.cloudinary.com/dbozv7wqd/image/upload/v1767320683/services/cover/modernization_and_retrofit.png',NULL,'Capacity increase / efficiency improvement','1–6 weeks (analysis + implementation)','Recommended together with maintenance planning','All seasons',NULL,'Fill/nozzle upgrades, fan-motor optimization, VFD, drift reduction, hydraulic improvements','2026-01-02 03:32:23.090','2026-01-02 03:32:23.090'),
('90000003-1111-4111-8111-900000000003','spare_parts_and_components','aaaa8001-1111-4111-8111-aaaaaaaa8001','bbbb8004-1111-4111-8111-bbbbbbbb8004',1,1,30,NULL,'https://res.cloudinary.com/dbozv7wqd/image/upload/v1767320725/services/cover/spare_parts_and_components.png',NULL,'Supply of critical parts / components','Depends on stock and lead times','Inspection plan recommended for critical parts','All seasons',NULL,'Fills, spray nozzles, drift eliminators, fan blades, motors, gearboxes, belts/pulleys, fittings','2026-01-02 03:32:23.129','2026-01-02 03:32:23.129'),
('90000004-1111-4111-8111-900000000004','automation_scada','aaaa8001-1111-4111-8111-aaaaaaaa8001','bbbb8006-1111-4111-8111-bbbbbbbb8006',1,1,40,NULL,'https://res.cloudinary.com/dbozv7wqd/image/upload/v1767320750/services/cover/automation_and_scada.png',NULL,'Monitoring / control / reporting','2–8 weeks (scope dependent)','Periodic calibration & verification recommended','All seasons',NULL,'Flow, temperature, conductivity, level, vibration switch, energy monitoring, alarms, remote access','2026-01-02 03:32:23.141','2026-01-02 03:32:23.141'),
('90000005-1111-4111-8111-900000000005','engineering_support','aaaa8001-1111-4111-8111-aaaaaaaa8001','bbbb8006-1111-4111-8111-bbbbbbbb8006',1,1,50,NULL,'https://res.cloudinary.com/dbozv7wqd/image/upload/v1767320817/services/cover/engineering_support.png',NULL,'Design / consulting / optimization','2–8 weeks (scope dependent)','Optional periodic review + reporting','All seasons',NULL,'Heat load analysis, sizing, hydraulic balancing, performance assessment, documentation, technical training','2026-01-02 03:32:23.152','2026-01-02 03:32:23.152'),
('90000006-1111-4111-8111-900000000006','site_survey_engineering','aaaa8001-1111-4111-8111-aaaaaaaa8001','bbbb8006-1111-4111-8111-bbbbbbbb8006',1,1,60,NULL,'https://res.cloudinary.com/dbozv7wqd/image/upload/v1767320879/services/cover/site_survey_and_engineering.png',NULL,'On-site survey / mechanical layout / selection','1 day – 3 weeks (survey + design)','Optional: integration plan with maintenance','All seasons',NULL,'Site survey, process conditions, selection & sizing, piping concept, access platforms, safety checklist','2026-01-02 03:32:23.161','2026-01-02 03:32:23.161'),
('90000007-1111-4111-8111-900000000007','performance_optimization','aaaa8001-1111-4111-8111-aaaaaaaa8001','bbbb8006-1111-4111-8111-bbbbbbbb8006',1,1,70,NULL,'https://res.cloudinary.com/dbozv7wqd/image/upload/v1767321149/services/cover/performance_optimization.png',NULL,'Measurement / reporting / optimization','1 day – 4 weeks (measure + actions)','Best results with periodic monitoring','All seasons',NULL,'Approach temperature, fan efficiency, distribution quality, drift loss, water chemistry baseline, reporting','2026-01-02 03:32:23.171','2026-01-02 03:32:23.171'),
('90000008-1111-4111-8111-900000000008','commissioning_startup','aaaa8001-1111-4111-8111-aaaaaaaa8001','bbbb8006-1111-4111-8111-bbbbbbbb8006',1,1,80,NULL,'https://res.cloudinary.com/dbozv7wqd/image/upload/v1767321196/services/cover/commissioning_and_startup.png',NULL,'Installation coordination / commissioning / training','1 day – 2 weeks (project dependent)','Handover checklist & initial maintenance plan included','All seasons',NULL,'Pre-start checks, test runs, vibration checks, water distribution tests, handover documentation, operator training','2026-01-02 03:32:23.185','2026-01-02 03:32:23.185'),
('90000009-1111-4111-8111-900000000009','emergency_response','aaaa8001-1111-4111-8111-aaaaaaaa8001','bbbb8002-1111-4111-8111-bbbbbbbb8002',1,1,90,NULL,'https://res.cloudinary.com/dbozv7wqd/image/upload/v1767321228/services/cover/emergency_response.png',NULL,'Urgent troubleshooting / safe restart','Same day – 7 days (depending on fault)','Follow-up maintenance action plan recommended','All seasons',NULL,'Rapid diagnostics, part replacement, safe restart, temporary bypass planning, incident report','2026-01-02 03:32:23.198','2026-01-02 03:32:23.198');
/*!40000 ALTER TABLE `services` ENABLE KEYS */;
UNLOCK TABLES;

--
-- Table structure for table `services_i18n`
--

DROP TABLE IF EXISTS `services_i18n`;
/*!40101 SET @saved_cs_client     = @@character_set_client */;
/*!40101 SET character_set_client = utf8mb4 */;
CREATE TABLE `services_i18n` (
  `id` char(36) NOT NULL,
  `service_id` char(36) NOT NULL,
  `locale` varchar(10) NOT NULL,
  `slug` varchar(255) NOT NULL,
  `name` varchar(255) NOT NULL,
  `description` text DEFAULT NULL,
  `material` varchar(255) DEFAULT NULL,
  `price` varchar(128) DEFAULT NULL,
  `includes` varchar(255) DEFAULT NULL,
  `warranty` varchar(128) DEFAULT NULL,
  `image_alt` varchar(255) DEFAULT NULL,
  `tags` varchar(255) DEFAULT NULL,
  `meta_title` varchar(255) DEFAULT NULL,
  `meta_description` varchar(500) DEFAULT NULL,
  `meta_keywords` varchar(255) DEFAULT NULL,
  `created_at` datetime(3) NOT NULL DEFAULT current_timestamp(3),
  `updated_at` datetime(3) NOT NULL DEFAULT current_timestamp(3) ON UPDATE current_timestamp(3),
  PRIMARY KEY (`id`),
  UNIQUE KEY `ux_services_i18n_unique` (`service_id`,`locale`),
  UNIQUE KEY `ux_services_locale_slug` (`locale`,`slug`),
  KEY `services_i18n_slug_idx` (`slug`),
  KEY `services_i18n_name_idx` (`name`),
  KEY `services_i18n_created_idx` (`created_at`),
  KEY `services_i18n_updated_idx` (`updated_at`),
  CONSTRAINT `fk_services_i18n_parent` FOREIGN KEY (`service_id`) REFERENCES `services` (`id`) ON DELETE CASCADE ON UPDATE CASCADE
) ENGINE=InnoDB DEFAULT CHARSET=utf8mb4 COLLATE=utf8mb4_unicode_ci;
/*!40101 SET character_set_client = @saved_cs_client */;

--
-- Dumping data for table `services_i18n`
--

LOCK TABLES `services_i18n` WRITE;
/*!40000 ALTER TABLE `services_i18n` DISABLE KEYS */;
INSERT INTO `services_i18n` VALUES
('91000001-1111-4111-8111-910000000001','90000001-1111-4111-8111-900000000001','tr','maintenance-repair','Periyodik Bakım ve Onarım','Ensotek, su soğutma kulelerinizde dolgu, nozül, damla tutucu (drift eliminator), fan grubu, motor-redüktör ve mekanik aksamların performansını saha kontrolleriyle doğrular. Titreşim/ses analizi, hizalama, sızdırmazlık ve su dağıtım homojenliği ölçümleri ile arıza önleyici bakım planı oluşturur. Amaç; duruşları azaltmak, yaklaşım sıcaklığını stabilize etmek ve ekipman ömrünü uzatmaktır.','Dolgu, nozül, drift eliminator, fan, motor/redüktör, mekanik parçalar (kapsama göre)','Kapsama göre tekliflendirilir','Kontrol & raporlama, temizlik, mekanik bakım, kritik parça değişimi, saha testleri','İşçilik ve ekipman bazlı garanti koşulları','Soğutma kulesi bakım ve onarım hizmeti','bakım, onarım, periyodik kontrol, titreşim analizi, mekanik bakım','Periyodik Bakım ve Onarım | Ensotek','Ensotek, su soğutma kulelerinde bakım ve onarım hizmeti ile duruşları azaltır, verimliliği artırır ve ekipman ömrünü uzatır.','soğutma kulesi bakım, kule onarım, fan motor bakım, drift eliminator','2026-01-02 03:32:23.055','2026-01-02 03:41:19.378'),
('91000001-1111-4111-8111-910000000101','90000001-1111-4111-8111-900000000001','en','maintenance-repair','Periodic Maintenance & Repair','Ensotek maintains cooling towers by verifying the performance of fills, spray nozzles, drift eliminators, fan group, motor-gearbox and mechanical assemblies. Vibration/noise checks, alignment, sealing and water distribution uniformity are validated on-site. The goal is to reduce downtime, stabilize approach temperature and extend equipment life.','Fills, nozzles, drift eliminators, fan, motor/gearbox, mechanical parts (scope dependent)','Quoted per scope','Inspection & reporting, cleaning, mechanical maintenance, critical part replacement, field testing','Per scope','Cooling tower maintenance and repair service','maintenance, repair, periodic inspection, vibration analysis, mechanical service','Maintenance & Repair | Ensotek','Ensotek reduces downtime and improves efficiency with periodic cooling tower maintenance and repair services.','cooling tower maintenance, cooling tower repair, fan motor service, drift eliminator','2026-01-02 03:32:23.055','2026-01-02 03:32:23.055'),
('91000001-1111-4111-8111-910000000201','90000001-1111-4111-8111-900000000001','de','maintenance-repair','Periodische Wartung & Reparatur','Ensotek wartet Kühltürme durch Prüfung von Füllkörpern, Sprühdüsen, Drift Eliminatoren, Ventilatorgruppe, Motor-Getriebe und mechanischen Baugruppen. Schwingungs-/Geräuschprüfungen, Ausrichtung, Dichtheit und gleichmäßige Wasserverteilung werden vor Ort verifiziert. Ziel: Stillstände reduzieren, Approach stabilisieren und die Lebensdauer erhöhen.',NULL,'Nach Umfang','Inspektion & Reporting, Reinigung, mechanische Wartung, Teiletausch, Feldtests','Nach Projekt','Wartung und Reparatur von Kühltürmen','wartung, reparatur, inspektion, schwingung, service','Wartung & Reparatur | Ensotek','Ensotek reduziert Stillstände und steigert Effizienz durch periodische Wartung und Reparatur von Kühltürmen.','kühlturm wartung, kühlturm reparatur, ventilator motor service','2026-01-02 03:32:23.055','2026-01-02 03:32:23.055'),
('91000002-1111-4111-8111-910000000002','90000002-1111-4111-8111-900000000002','tr','modernization-retrofit','Modernizasyon ve Retrofit','Mevcut kulelerde kapasite ve verimlilik kazanımı için dolgu/nozül upgrade, fan kanadı optimizasyonu, motor-redüktör grubu revizyonu, VFD entegrasyonu ve drift kaybı iyileştirmeleri uygulanır. Hidrolik dengeleme ve su dağıtım revizyonu ile kule kesitinde homojen dağılım hedeflenir.','Retrofit bileşenleri (dolgu/nozül/fan-motor/VFD vb.) projeye göre','Kapsama göre tekliflendirilir','Analiz, projelendirme, uygulama, test ve performans doğrulama','Projeye göre','Soğutma kulesi modernizasyon ve retrofit','modernizasyon, retrofit, vfd, dolgu değişimi, fan upgrade','Modernizasyon ve Retrofit | Ensotek','Ensotek, soğutma kulelerinde retrofit modernizasyon ile kapasiteyi artırır, enerji tüketimini düşürür ve performansı stabilize eder.','soğutma kulesi modernizasyon, retrofit, vfd, dolgu değişimi','2026-01-02 03:32:23.093','2026-01-02 03:32:23.093'),
('91000002-1111-4111-8111-910000000102','90000002-1111-4111-8111-900000000002','en','modernization-retrofit','Modernization & Retrofit','Upgrade existing towers for capacity and efficiency: fill/nozzle upgrades, fan blade optimization, motor-gearbox revision, VFD integration, drift reduction and hydraulic improvements. Water distribution uniformity is targeted across the tower cross-section.','Retrofit components (fill/nozzle/fan-motor/VFD etc.) per project','Quoted per scope','Analysis, engineering, implementation, testing and performance validation','Per project','Cooling tower modernization and retrofit','modernization, retrofit, vfd, fill replacement, fan upgrade','Modernization & Retrofit | Ensotek','Ensotek increases capacity, reduces energy consumption and stabilizes performance with retrofit modernization projects.','cooling tower modernization, retrofit, vfd, fill replacement, fan upgrade','2026-01-02 03:32:23.093','2026-01-02 03:32:23.093'),
('91000002-1111-4111-8111-910000000202','90000002-1111-4111-8111-900000000002','de','modernization-retrofit','Modernisierung & Retrofit','Retrofit für mehr Leistung und Effizienz: Füllkörper-/Düsen-Upgrade, Ventilatoroptimierung, Motor-Getriebe-Revision, VFD-Integration, Drift-Reduktion und hydraulische Verbesserungen. Fokus: gleichmäßige Wasserverteilung über den Turmquerschnitt.',NULL,'Nach Umfang','Analyse, Engineering, Umsetzung, Tests und Performance-Validierung','Nach Projekt','Modernisierung und Retrofit von Kühltürmen','modernisierung, retrofit, vfd, füllkörper, ventilator','Modernisierung & Retrofit | Ensotek','Ensotek erhöht Kapazität, senkt Energieverbrauch und stabilisiert die Performance durch Retrofit-Modernisierung.','kühlturm modernisierung, retrofit, vfd, füllkörper wechsel','2026-01-02 03:32:23.093','2026-01-02 03:32:23.093'),
('91000003-1111-4111-8111-910000000003','90000003-1111-4111-8111-900000000003','tr','spare-parts-components','Yedek Parçalar ve Kritik Bileşenler','Katalogdaki ana komponentlerle uyumlu şekilde; nozül tipleri, su dağıtım elemanları, PVC film dolgu / PP dolgu, damla tutucu, fan kanatları, motor-redüktör ve mekanik bağlantı elemanları için doğru parça eşleştirmesi yapılır. Hızlı tedarik + opsiyonel montaj/devreye alma desteği ile işletme riski azaltılır.','Dolgu, nozül, drift eliminator, fan, motor, redüktör, mekanik parçalar','Parça ve tedarik durumuna göre','Parça seçimi danışmanlığı, tedarik, opsiyonel montaj ve devreye alma desteği','Ürün bazlı garanti','Soğutma kulesi yedek parça ve bileşenler','yedek parça, dolgu, nozül, fan, motor, redüktör','Yedek Parçalar ve Bileşenler | Ensotek','Ensotek, soğutma kuleleri için yedek parça ve bileşen tedariki sağlar; doğru parça seçimi ile arıza riskini azaltır.','soğutma kulesi yedek parça, dolgu, nozül, fan motor, redüktör','2026-01-02 03:32:23.131','2026-01-02 03:32:23.131'),
('91000003-1111-4111-8111-910000000103','90000003-1111-4111-8111-900000000003','en','spare-parts-components','Spare Parts & Critical Components','We match and supply catalog-aligned components: nozzle types, water distribution parts, PVC film fills / PP fills, drift eliminators, fan blades, motor-gearbox and mechanical fittings. Fast supply with optional installation/commissioning minimizes operational risk.','Fills, nozzles, drift eliminators, fan, motor, gearbox, mechanical parts','Depends on stock and lead time','Part matching, supply, optional installation and commissioning','Product-based warranty','Cooling tower spare parts and components','spare parts, fills, nozzles, fan, motor, gearbox','Spare Parts & Components | Ensotek','Ensotek supplies cooling tower parts and components and reduces failure risks through correct matching.','cooling tower spare parts, fill, nozzle, fan motor, gearbox','2026-01-02 03:32:23.131','2026-01-02 03:32:23.131'),
('91000003-1111-4111-8111-910000000203','90000003-1111-4111-8111-900000000003','de','spare-parts-components','Ersatzteile & Kritische Komponenten','Lieferung und Matching von katalogkonformen Komponenten: Düsentypen, Wasserverteilung, PVC/PP Füllkörper, Drift Eliminatoren, Ventilatorblätter, Motor-Getriebe und mechanische Verbindungselemente. Schnelle Versorgung mit optionaler Montage/Inbetriebnahme reduziert Betriebsrisiken.',NULL,'Nach Verfügbarkeit','Matching, Lieferung, optionale Montage und Inbetriebnahme','Produktabhängig','Ersatzteile für Kühltürme','ersatzteile, füllkörper, düsen, ventilator, motor, getriebe','Ersatzteile & Komponenten | Ensotek','Ensotek liefert Ersatzteile und Komponenten für Kühltürme und reduziert Ausfallrisiken durch korrektes Matching.','kühlturm ersatzteile, füllkörper, düse, motor getriebe','2026-01-02 03:32:23.131','2026-01-02 03:32:23.131'),
('91000004-1111-4111-8111-910000000004','90000004-1111-4111-8111-900000000004','tr','automation-scada','Otomasyon, SCADA ve Uzaktan İzleme','Debi, sıcaklık, iletkenlik, seviye, enerji tüketimi ve titreşim şalteri gibi kritik parametreler izlenerek alarm/raporlama altyapısı kurulabilir. Hedef; arızayı erken yakalamak, verim düşüşünü görünür kılmak ve bakım aksiyonlarını veriye dayalı yönetmektir.',NULL,'Kapsama göre tekliflendirilir','Sensör seçimi, pano/otomasyon, SCADA ekranları, alarm senaryoları, uzaktan erişim','Projeye göre','Soğutma kulesi otomasyon ve SCADA','otomasyon, scada, uzaktan izleme, alarm, enerji izleme','Otomasyon ve SCADA | Ensotek','Ensotek, soğutma kuleleri için otomasyon ve SCADA çözümleri ile kritik parametreleri gerçek zamanlı izleme ve raporlama altyapısı kurar.','soğutma kulesi otomasyon, scada, uzaktan izleme','2026-01-02 03:32:23.143','2026-01-02 03:32:23.143'),
('91000004-1111-4111-8111-910000000104','90000004-1111-4111-8111-900000000004','en','automation-scada','Automation, SCADA & Remote Monitoring','Monitor critical parameters such as flow, temperature, conductivity, level, energy consumption and vibration switch status. Build alarms and reporting to detect failures early and manage maintenance based on data.',NULL,'Quoted per scope','Sensor selection, panels/automation, SCADA screens, alarm scenarios, remote access','Per project','Cooling tower automation and SCADA','automation, scada, remote monitoring, alarms, energy monitoring','Automation & SCADA | Ensotek','Ensotek implements automation and SCADA systems to monitor critical cooling tower parameters in real time.','cooling tower automation, scada, remote monitoring','2026-01-02 03:32:23.143','2026-01-02 03:32:23.143'),
('91000004-1111-4111-8111-910000000204','90000004-1111-4111-8111-900000000004','de','automation-scada','Automatisierung, SCADA & Fernüberwachung','Überwachung von Durchfluss, Temperatur, Leitfähigkeit, Füllstand, Energieverbrauch und Schwingungsschalter-Status. Alarmierung und Reporting zur Früherkennung von Störungen und datenbasierter Wartungssteuerung.',NULL,'Nach Umfang','Sensorik, Schaltschrank/Automation, SCADA-Bilder, Alarmkonzepte, Remote-Zugriff','Nach Projekt','Kühlturm Automatisierung und SCADA','automation, scada, fernüberwachung, alarm, energie','Automatisierung & SCADA | Ensotek','Ensotek implementiert Automatisierungs- und SCADA-Systeme zur Echtzeitüberwachung kritischer Kühlturmparameter.','kühlturm automation, scada, fernüberwachung','2026-01-02 03:32:23.143','2026-01-02 03:32:23.143'),
('91000005-1111-4111-8111-910000000005','90000005-1111-4111-8111-900000000005','tr','engineering-support','Mühendislik Desteği','Isı yükü analizi, seçim/boyutlandırma, hidrolik dengeleme, performans analizi ve teknik dokümantasyon süreçleri Ensotek mühendisliği ile yürütülür. Uygulama öncesi ve sonrası ölçümlerle hedef performans doğrulanır.','Proje ihtiyacına göre mühendislik hesapları ve saha ekipmanları','Kapsama göre tekliflendirilir','Keşif, hesaplar, tasarım, devreye alma desteği, performans doğrulama, eğitim','Hizmet kapsamına göre','Soğutma kulesi mühendislik desteği','mühendislik, optimizasyon, performans, devreye alma, eğitim','Mühendislik Desteği | Ensotek','Ensotek, soğutma kulelerinde mühendislik desteği ile doğru tasarım, optimizasyon ve performans doğrulama sunar.','soğutma kulesi mühendislik, performans analizi, optimizasyon','2026-01-02 03:32:23.153','2026-01-02 03:32:23.153'),
('91000005-1111-4111-8111-910000000105','90000005-1111-4111-8111-900000000005','en','engineering-support','Engineering Support','We provide heat load analysis, sizing/selection, hydraulic balancing, performance assessment and technical documentation. Before/after measurements validate the target performance.',NULL,'Quoted per scope','Survey, calculations, design, commissioning support, performance validation, training','Per scope','Cooling tower engineering support','engineering, optimization, performance, commissioning, training','Engineering Support | Ensotek','Ensotek delivers engineering support for correct design, optimization and performance validation.','cooling tower engineering, performance analysis, optimization','2026-01-02 03:32:23.153','2026-01-02 03:32:23.153'),
('91000005-1111-4111-8111-910000000205','90000005-1111-4111-8111-900000000005','de','engineering-support','Engineering Support','Wärmelastanalyse, Auslegung/Selektion, hydraulischer Abgleich, Performancebewertung und technische Dokumentation. Vorher/Nachher-Messungen validieren die Zielperformance.',NULL,'Nach Umfang','Begehung, Berechnungen, Design, Inbetriebnahme-Support, Validierung, Training','Nach Projekt','Engineering Support für Kühltürme','engineering, optimierung, performance, inbetriebnahme, training','Engineering Support | Ensotek','Ensotek liefert Engineering Support für richtige Auslegung, Optimierung und Performance-Validierung.','kühlturm engineering, performance analyse, optimierung','2026-01-02 03:32:23.153','2026-01-02 03:32:23.153'),
('91000006-1111-4111-8111-910000000006','90000006-1111-4111-8111-900000000006','tr','site-survey-engineering','Keşif, Projelendirme ve Saha Mühendisliği','Saha keşfi ile proses koşulları, yerleşim, erişim platformları, su dağıtım mimarisi, fan grubu ve mekanik entegrasyon gereksinimleri analiz edilir. Çıktı: seçim/boyutlandırma, yerleşim önerisi, uygulama planı ve risk/iş güvenliği kontrol listeleri.',NULL,'Kapsama göre tekliflendirilir','Keşif, ölçüm, raporlama, seçim/boyutlandırma, mekanik konsept, uygulama planı','Projeye göre','Soğutma kulesi keşif ve projelendirme','keşif, projelendirme, boyutlandırma, seçim, uygulama planı','Keşif ve Projelendirme | Ensotek','Ensotek, saha keşfi ve mühendislik ile doğru kule seçimi, yerleşim ve uygulama planını uçtan uca yönetir.','soğutma kulesi keşif, projelendirme, boyutlandırma','2026-01-02 03:32:23.162','2026-01-02 03:32:23.162'),
('91000006-1111-4111-8111-910000000106','90000006-1111-4111-8111-900000000006','en','site-survey-engineering','Site Survey & Engineering','On-site survey defines process conditions, layout, access platforms, water distribution architecture, fan group integration and mechanical requirements. Deliverables: selection/sizing, layout proposal, implementation plan and safety checklists.',NULL,'Quoted per scope','Survey, measurement, reporting, selection/sizing, mechanical concept, implementation plan','Per project','Cooling tower site survey and engineering','site survey, engineering, sizing, selection, implementation plan','Site Survey & Engineering | Ensotek','Ensotek manages tower selection, layout and implementation planning with on-site survey and engineering.','cooling tower site survey, engineering, sizing','2026-01-02 03:32:23.162','2026-01-02 03:32:23.162'),
('91000006-1111-4111-8111-910000000206','90000006-1111-4111-8111-900000000006','de','site-survey-engineering','Begehung & Engineering','Vor-Ort-Begehung für Prozessbedingungen, Layout, Zugang/Plattformen, Wasserverteilung, Ventilatorintegration und mechanische Anforderungen. Ergebnisse: Auslegung, Layoutvorschlag, Umsetzungsplan und Sicherheits-Checklisten.',NULL,'Nach Umfang','Begehung, Messung, Reporting, Auslegung, mechanisches Konzept, Umsetzungsplan','Nach Projekt','Kühlturm Begehung und Engineering','begehung, engineering, auslegung, selektion, umsetzungsplan','Begehung & Engineering | Ensotek','Ensotek steuert Selektion, Layout und Umsetzungsplanung durch Vor-Ort-Begehung und Engineering.','kühlturm begehung, engineering, auslegung','2026-01-02 03:32:23.162','2026-01-02 03:32:23.162'),
('91000007-1111-4111-8111-910000000007','90000007-1111-4111-8111-900000000007','tr','performance-optimization','Performans Optimizasyonu ve Enerji Verimliliği','Yaklaşım sıcaklığı, fan verimi, su dağıtım homojenliği, drift kaybı ve su kimyası parametreleri ölçülür. Dolgu/nozül dağıtımı, fan grubu ayarları ve operasyon setleri iyileştirilerek enerji maliyetleri düşürülür; raporlanabilir KPI seti oluşturulur.',NULL,'Kapsama göre tekliflendirilir','Yerinde ölçüm, analiz, aksiyon planı, raporlama, doğrulama testleri','Projeye göre','Soğutma kulesi performans optimizasyonu','performans, verimlilik, enerji, ölçüm, raporlama','Performans Optimizasyonu | Ensotek','Ensotek, yerinde ölçümler ve raporlama ile soğutma kulelerinde performansı iyileştirir, enerji tüketimini düşürür.','soğutma kulesi performans optimizasyon, enerji verimliliği','2026-01-02 03:32:23.172','2026-01-02 03:32:23.172'),
('91000007-1111-4111-8111-910000000107','90000007-1111-4111-8111-900000000007','en','performance-optimization','Performance Optimization & Energy Efficiency','Measure approach temperature, fan efficiency, water distribution uniformity, drift loss and water chemistry. Optimize fills/nozzles, fan settings and operating setpoints to reduce energy costs and create a reportable KPI set.',NULL,'Quoted per scope','On-site measurement, analysis, action plan, reporting, validation tests','Per project','Cooling tower performance optimization','performance, efficiency, energy, measurement, reporting','Performance Optimization | Ensotek','Ensotek improves cooling tower performance and reduces energy consumption with measurement-driven optimization.','cooling tower performance optimization, energy efficiency','2026-01-02 03:32:23.172','2026-01-02 03:32:23.172'),
('91000007-1111-4111-8111-910000000207','90000007-1111-4111-8111-900000000007','de','performance-optimization','Performance-Optimierung & Energieeffizienz','Messung von Approach, Ventilatoreffizienz, Verteilungsqualität, Driftverlust und Wasserchemie. Optimierung von Füllkörpern/Düsen, Ventilatoreinstellungen und Betriebsparametern zur Senkung der Energiekosten – mit KPI-Reporting.',NULL,'Nach Umfang','Vor-Ort-Messung, Analyse, Maßnahmenplan, Reporting, Validierung','Nach Projekt','Kühlturm Performance-Optimierung','performance, energie, effizienz, messung, reporting','Performance-Optimierung | Ensotek','Ensotek verbessert die Performance und senkt den Energieverbrauch durch messdatenbasierte Optimierung.','kühlturm performance optimierung, energieeffizienz','2026-01-02 03:32:23.172','2026-01-02 03:32:23.172'),
('91000008-1111-4111-8111-910000000008','90000008-1111-4111-8111-900000000008','tr','commissioning-startup','Kurulum & Devreye Alma','Montaj koordinasyonu, kontrol listeleri, test çalıştırmaları, titreşim kontrolleri, su dağıtım testleri ve güvenli ilk çalıştırma adımları yürütülür. Operatör eğitimi ve devreye alma tutanakları ile sistem çalışır şekilde teslim edilir.',NULL,'Kapsama göre tekliflendirilir','Kurulum koordinasyonu, devreye alma, testler, eğitim, teslim dokümantasyonu','Projeye göre','Soğutma kulesi devreye alma ve eğitim','devreye alma, kurulum, test, eğitim, check-list','Kurulum ve Devreye Alma | Ensotek','Ensotek, kurulum koordinasyonu ve devreye alma ile sistemi güvenli şekilde çalıştırır; operatör eğitimini tamamlar.','soğutma kulesi devreye alma, kurulum, operatör eğitimi','2026-01-02 03:32:23.185','2026-01-02 03:32:23.185'),
('91000008-1111-4111-8111-910000000108','90000008-1111-4111-8111-900000000008','en','commissioning-startup','Commissioning & Startup','Coordinate installation, run checklists, test runs, vibration checks, water distribution tests and safe first startup. Deliver operator training and commissioning documentation.',NULL,'Quoted per scope','Installation coordination, commissioning, tests, training, handover documentation','Per project','Cooling tower commissioning and training','commissioning, startup, tests, training, checklists','Commissioning & Startup | Ensotek','Ensotek commissions systems safely and completes operator training with documented handover.','cooling tower commissioning, startup, operator training','2026-01-02 03:32:23.185','2026-01-02 03:32:23.185'),
('91000008-1111-4111-8111-910000000208','90000008-1111-4111-8111-900000000008','de','commissioning-startup','Inbetriebnahme & Startup','Montagekoordination, Checklisten, Testläufe, Schwingungsprüfungen, Wasserverteilungstests und sicherer Erststart. Übergabe mit Operator-Training und Inbetriebnahmedokumentation.',NULL,'Nach Umfang','Montagekoordination, Inbetriebnahme, Tests, Training, Übergabedokumentation','Nach Projekt','Kühlturm Inbetriebnahme und Training','inbetriebnahme, startup, tests, training, checklisten','Inbetriebnahme & Startup | Ensotek','Ensotek nimmt Systeme sicher in Betrieb und schließt Operator-Training mit dokumentierter Übergabe ab.','kühlturm inbetriebnahme, startup, operator training','2026-01-02 03:32:23.185','2026-01-02 03:32:23.185'),
('91000009-1111-4111-8111-910000000009','90000009-1111-4111-8111-900000000009','tr','emergency-response','Acil Servis ve Arıza Müdahalesi','Kritik duruşlarda hızlı teşhis, parça değişimi (fan/motor/redüktör, nozül, dolgu, drift eliminator vb.), güvenli yeniden çalıştırma ve olay raporu ile süreç yönetilir. Sonrasında kök neden analizi ve önleyici bakım planı sunulur.',NULL,'Kapsama göre','Hızlı müdahale, teşhis, parça değişimi, güvenli restart, raporlama','Projeye göre','Soğutma kulesi acil servis','acil servis, arıza, müdahale, restart, raporlama','Acil Servis ve Arıza Müdahalesi | Ensotek','Ensotek, soğutma kulelerinde kritik arızalara hızlı müdahale eder; güvenli yeniden devreye alma süreçlerini yönetir.','soğutma kulesi acil servis, arıza müdahale','2026-01-02 03:32:23.199','2026-01-02 03:32:23.199'),
('91000009-1111-4111-8111-910000000109','90000009-1111-4111-8111-900000000009','en','emergency-response','Emergency Service & Troubleshooting','Rapid diagnostics, replacement of critical parts (fan/motor/gearbox, nozzles, fills, drift eliminators) and safe restart. Followed by root cause analysis and preventive maintenance plan.',NULL,'Depends on case','Rapid response, diagnostics, part replacement, safe restart, incident reporting','Per project','Cooling tower emergency service','emergency, troubleshooting, response, restart, reporting','Emergency Service | Ensotek','Ensotek responds quickly to critical cooling tower failures and manages safe restart procedures.','cooling tower emergency service, troubleshooting','2026-01-02 03:32:23.199','2026-01-02 03:32:23.199'),
('91000009-1111-4111-8111-910000000209','90000009-1111-4111-8111-900000000009','de','emergency-response','Notdienst & Störungsbehebung','Schnelldiagnose, Austausch kritischer Teile (Ventilator/Motor/Getriebe, Düsen, Füllkörper, Drift Eliminatoren) und sicherer Restart. Anschließend Root-Cause-Analyse und präventiver Wartungsplan.',NULL,'Nach Fall','Schnelle Reaktion, Diagnose, Teiletausch, sicherer Restart, Incident-Report','Nach Projekt','Kühlturm Notdienst','notdienst, störung, diagnose, restart, reporting','Notdienst | Ensotek','Ensotek reagiert schnell auf kritische Kühlturmausfälle und steuert sichere Restart-Prozesse.','kühlturm notdienst, störungsbehebung','2026-01-02 03:32:23.199','2026-01-02 03:32:23.199');
/*!40000 ALTER TABLE `services_i18n` ENABLE KEYS */;
UNLOCK TABLES;

--
-- Table structure for table `site_settings`
--

DROP TABLE IF EXISTS `site_settings`;
/*!40101 SET @saved_cs_client     = @@character_set_client */;
/*!40101 SET character_set_client = utf8mb4 */;
CREATE TABLE `site_settings` (
  `id` char(36) NOT NULL,
  `key` varchar(100) NOT NULL,
  `locale` varchar(8) NOT NULL,
  `value` text NOT NULL,
  `created_at` datetime(3) NOT NULL DEFAULT current_timestamp(3),
  `updated_at` datetime(3) NOT NULL DEFAULT current_timestamp(3) ON UPDATE current_timestamp(3),
  PRIMARY KEY (`id`),
  UNIQUE KEY `site_settings_key_locale_uq` (`key`,`locale`),
  UNIQUE KEY `uq_site_settings_key_locale` (`key`,`locale`),
  KEY `site_settings_key_idx` (`key`),
  KEY `site_settings_locale_idx` (`locale`)
) ENGINE=InnoDB DEFAULT CHARSET=utf8mb4 COLLATE=utf8mb4_unicode_ci;
/*!40101 SET character_set_client = @saved_cs_client */;

--
-- Dumping data for table `site_settings`
--

LOCK TABLES `site_settings` WRITE;
/*!40000 ALTER TABLE `site_settings` DISABLE KEYS */;
INSERT INTO `site_settings` VALUES
('a5fd135e-e78b-11f0-9483-e768515de04d','app_locales','*','[{\"code\": \"tr\", \"label\": \"Türkçe\", \"is_default\": false, \"is_active\": true}, {\"code\": \"en\", \"label\": \"English\", \"is_default\": false, \"is_active\": true}, {\"code\": \"de\", \"label\": \"Deutsch\", \"is_default\": true, \"is_active\": true}]','2026-01-02 03:32:21.541','2026-01-02 03:32:21.541'),
('a5fd439e-e78b-11f0-9483-e768515de04d','default_locale','*','de','2026-01-02 03:32:21.542','2026-01-02 03:32:21.542'),
('a5fd7265-e78b-11f0-9483-e768515de04d','contact_info','tr','{\"companyName\": \"ENSOTEK Su Soğutma Kuleleri ve Teknolojileri Mühendislik San.Tic. Ltd. Şti\", \"phones\": [\"+90 212 613 33 01\"], \"email\": \"ensotek@ensotek.com.tr\", \"address\": \"Oruçreis Mah. Tekstilkent Sit. A17 Blok No:41 34235 Esenler / İstanbul, Türkiye\", \"addressSecondary\": \"Fabrika: Saray Mah. Gimat Cad. No:6A 06980 Kahramankazan / Ankara, Türkiye\", \"whatsappNumber\": \"+90 531 880 31 51\", \"taxOffice\": \"\", \"taxNumber\": \"\", \"website\": \"https://www.ensotek.de\"}','2026-01-02 03:32:21.543','2026-01-02 03:32:21.543'),
('a5fd74be-e78b-11f0-9483-e768515de04d','catalog_pdf_url','tr','https://www.ensotek.de/uploads/ensotek/catalog/ensotek-katalog.pdf','2026-01-02 03:32:21.543','2026-01-02 03:32:21.543'),
('a5fd7526-e78b-11f0-9483-e768515de04d','catalog_pdf_filename','tr','ensotek-katalog.pdf','2026-01-02 03:32:21.543','2026-01-02 03:32:21.543'),
('a5fd756f-e78b-11f0-9483-e768515de04d','catalog_admin_email','tr','info@ensotek.com.tr','2026-01-02 03:32:21.543','2026-01-02 03:32:21.543'),
('a5fd75ac-e78b-11f0-9483-e768515de04d','site_title','tr','Ensotek','2026-01-02 03:32:21.543','2026-01-02 03:32:21.543'),
('a5fd75e8-e78b-11f0-9483-e768515de04d','socials','tr','{\"instagram\": \"https://instagram.com/ensotek\", \"facebook\": \"https://facebook.com/ensotek\", \"youtube\": \"https://youtube.com/@ensotek\", \"linkedin\": \"https://linkedin.com/company/ensotek\", \"x\": \"https://x.com/ensotek\", \"tiktok\": \"https://www.tiktok.com/@ensotek\"}','2026-01-02 03:32:21.543','2026-01-02 03:32:21.543'),
('a5fd766f-e78b-11f0-9483-e768515de04d','company_profile','tr','{\"headline\": \"CTP Su Soğutma Kuleleri: Açık Tip ve Kapalı Tip İmalat & Montaj\", \"subline\": \"Camelyaf Takviyeli Polyester (CTP) malzemeden su soğutma kuleleri üretiyor; bakım, onarım, modernizasyon ve performans testleriyle tesislerinize uzun ömürlü çözümler sunuyoruz.\", \"body\": \"ENSOTEK Su Soğutma Kuleleri ve Teknolojileri Mühendislik San.Tic. Ltd. Şti; CTP malzemeden Açık Tip Su Soğutma Kuleleri ve Kapalı Tip Su Soğutma Kuleleri imalatı ve montajını ana faaliyet alanı olarak yürütür. Ayrıca mevcut su soğutma kulelerinin bakım ve onarımları, yeni teknolojilere göre modernize edilmesi, performans testlerinin yapılması ve yedek parça temini hizmetleri sunar. Kaliteli ürün ve hizmet ile uzun ömürlü çözümler üretmek Ensotek\'in birinci önceliğidir.\"}','2026-01-02 03:32:21.543','2026-01-02 03:32:21.543'),
('a5fd7782-e78b-11f0-9483-e768515de04d','company_brand','tr','{\"name\": \"ENSOTEK Su Soğutma Kuleleri ve Teknolojileri Mühendislik San.Tic. Ltd. Şti\", \"shortName\": \"ENSOTEK\", \"website\": \"https://www.ensotek.de\", \"logo\": {\"url\": \"https://res.cloudinary.com/dbozv7wqd/image/upload/v1767244177/site-media/logo.png\", \"width\": 160, \"height\": 60}, \"images\": [{\"type\": \"logo\", \"url\": \"https://res.cloudinary.com/dbozv7wqd/image/upload/v1767244177/site-media/logo.png\"}]}','2026-01-02 03:32:21.543','2026-01-02 03:32:21.543'),
('a5fd7821-e78b-11f0-9483-e768515de04d','catalog_admin_user_ids','tr','[]','2026-01-02 03:32:21.543','2026-01-02 03:32:21.543'),
('a5fdae0b-e78b-11f0-9483-e768515de04d','catalog_pdf_url','en','https://www.ensotek.de/uploads/ensotek/catalog/ensotek-catalog.pdf','2026-01-02 03:32:21.545','2026-01-02 03:32:21.545'),
('a5fdb0b1-e78b-11f0-9483-e768515de04d','catalog_pdf_filename','en','ensotek-catalog.pdf','2026-01-02 03:32:21.545','2026-01-02 03:32:21.545'),
('a5fdb13a-e78b-11f0-9483-e768515de04d','catalog_admin_email','en','info@ensotek.com.tr','2026-01-02 03:32:21.545','2026-01-02 03:32:21.545'),
('a5fdb1b0-e78b-11f0-9483-e768515de04d','site_title','en','Ensotek','2026-01-02 03:32:21.545','2026-01-02 03:32:21.545'),
('a5fdb227-e78b-11f0-9483-e768515de04d','contact_info','en','{\"companyName\": \"ENSOTEK Cooling Towers & Technologies Engineering Ltd.\", \"phones\": [\"+90 212 613 33 01\"], \"email\": \"ensotek@ensotek.com.tr\", \"address\": \"Oruçreis District, Tekstilkent Site, A17 Block No:41, 34235 Esenler / Istanbul, Türkiye\", \"addressSecondary\": \"Factory: Saray District, Gimat St. No:6A, 06980 Kahramankazan / Ankara, Türkiye\", \"whatsappNumber\": \"+90 531 880 31 51\", \"taxOffice\": \"\", \"taxNumber\": \"\", \"website\": \"https://www.ensotek.de\"}','2026-01-02 03:32:21.545','2026-01-02 03:32:21.545'),
('a5fdb3d0-e78b-11f0-9483-e768515de04d','socials','en','{\"instagram\": \"https://instagram.com/ensotek\", \"facebook\": \"https://facebook.com/ensotek\", \"youtube\": \"https://youtube.com/@ensotek\", \"linkedin\": \"https://linkedin.com/company/ensotek\", \"x\": \"https://x.com/ensotek\", \"tiktok\": \"\"}','2026-01-02 03:32:21.545','2026-01-02 03:32:21.545'),
('a5fdb4a0-e78b-11f0-9483-e768515de04d','company_brand','en','{\"name\": \"ENSOTEK Cooling Towers & Technologies Engineering Ltd.\", \"shortName\": \"ENSOTEK\", \"website\": \"https://www.ensotek.de\", \"logo\": {\"url\": \"https://res.cloudinary.com/dbozv7wqd/image/upload/v1767244177/site-media/logo.png\", \"width\": 160, \"height\": 60}, \"images\": [{\"type\": \"logo\", \"url\": \"https://res.cloudinary.com/dbozv7wqd/image/upload/v1767244177/site-media/logo.png\"}]}','2026-01-02 03:32:21.545','2026-01-02 03:32:21.545'),
('a5fdb58d-e78b-11f0-9483-e768515de04d','company_profile','en','{\"headline\": \"FRP (CTP) Cooling Towers: Open Circuit & Closed Circuit Manufacturing\", \"subline\": \"We manufacture and install FRP (CTP) cooling towers and provide maintenance, retrofit, performance testing and spare parts supply.\", \"body\": \"ENSOTEK designs, manufactures and installs open circuit and closed circuit cooling towers manufactured from FRP (CTP). We also provide maintenance and repair services, modernization/retrofit to new technologies, performance testing and spare parts supply. Our priority is delivering long-lasting solutions with high product and service quality.\"}','2026-01-02 03:32:21.545','2026-01-02 03:32:21.545'),
('a5fde36d-e78b-11f0-9483-e768515de04d','catalog_pdf_url','de','https://www.ensotek.de/uploads/ensotek/catalog/ensotek-katalog.pdf','2026-01-02 03:32:21.546','2026-01-02 03:32:21.546'),
('a5fde5c1-e78b-11f0-9483-e768515de04d','catalog_pdf_filename','de','ensotek-katalog.pdf','2026-01-02 03:32:21.546','2026-01-02 03:32:21.546'),
('a5fde644-e78b-11f0-9483-e768515de04d','catalog_admin_email','de','info@ensotek.com.tr','2026-01-02 03:32:21.546','2026-01-02 03:32:21.546'),
('a5fde6b4-e78b-11f0-9483-e768515de04d','site_title','de','Ensotek','2026-01-02 03:32:21.546','2026-01-02 03:32:21.546'),
('a5fde727-e78b-11f0-9483-e768515de04d','contact_info','de','{\"companyName\": \"ENSOTEK Kühltürme & Technologien Engineering GmbH (Ltd.)\", \"phones\": [\"+90 212 613 33 01\"], \"email\": \"ensotek@ensotek.com.tr\", \"address\": \"Oruçreis Mah., Tekstilkent Sit., A17 Blok No:41, 34235 Esenler / Istanbul, Türkei\", \"addressSecondary\": \"Werk: Saray Mah., Gimat Cad. No:6A, 06980 Kahramankazan / Ankara, Türkei\", \"whatsappNumber\": \"+90 531 880 31 51\", \"taxOffice\": \"\", \"taxNumber\": \"\", \"website\": \"https://www.ensotek.de\"}','2026-01-02 03:32:21.546','2026-01-02 03:32:21.546'),
('a5fde8dc-e78b-11f0-9483-e768515de04d','socials','de','{\"instagram\": \"https://instagram.com/ensotek\", \"facebook\": \"https://facebook.com/ensotek\", \"youtube\": \"https://youtube.com/@ensotek\", \"linkedin\": \"https://linkedin.com/company/ensotek\", \"x\": \"https://x.com/ensotek\", \"tiktok\": \"https://www.tiktok.com/@ensotek\"}','2026-01-02 03:32:21.546','2026-01-02 03:32:21.546'),
('a5fde9d8-e78b-11f0-9483-e768515de04d','company_brand','de','{\"name\": \"ENSOTEK Kühltürme & Technologien\", \"shortName\": \"ENSOTEK\", \"website\": \"https://www.ensotek.de\", \"logo\": {\"url\": \"https://res.cloudinary.com/dbozv7wqd/image/upload/v1767244177/site-media/logo.png\", \"width\": 160, \"height\": 60}, \"images\": [{\"type\": \"logo\", \"url\": \"https://res.cloudinary.com/dbozv7wqd/image/upload/v1767244177/site-media/logo.png\"}]}','2026-01-02 03:32:21.546','2026-01-02 03:32:21.546'),
('a5fdeaff-e78b-11f0-9483-e768515de04d','company_profile','de','{\"headline\": \"GFK (CTP) Kühltürme: Offene & Geschlossene Bauart – Herstellung & Montage\", \"subline\": \"Herstellung und Montage von GFK (CTP) Kühltürmen sowie Wartung, Instandsetzung, Modernisierung, Leistungstests und Ersatzteilversorgung.\", \"body\": \"ENSOTEK stellt offene und geschlossene Kühltürme aus GFK (CTP) her und übernimmt die Montage. Zusätzlich bieten wir Wartung und Reparatur, Modernisierung nach neuen Technologien, Leistungstests sowie die Versorgung mit Ersatzteilen an. Unser Ziel sind langlebige Lösungen durch hohe Produkt- und Servicequalität.\"}','2026-01-02 03:32:21.546','2026-01-02 03:32:21.546'),
('a5fe147c-e78b-11f0-9483-e768515de04d','storage_driver','*','cloudinary','2026-01-02 03:32:21.548','2026-01-02 03:32:21.548'),
('a5fe1747-e78b-11f0-9483-e768515de04d','storage_local_root','*','/var/www/Ensotek/uploads','2026-01-02 03:32:21.548','2026-01-02 03:32:21.548'),
('a5fe17bd-e78b-11f0-9483-e768515de04d','storage_local_base_url','*','/uploads','2026-01-02 03:32:21.548','2026-01-02 03:32:21.548'),
('a5fe1817-e78b-11f0-9483-e768515de04d','cloudinary_cloud_name','*','dbozv7wqd','2026-01-02 03:32:21.548','2026-01-02 03:32:21.548'),
('a5fe1865-e78b-11f0-9483-e768515de04d','cloudinary_api_key','*','644676135993432','2026-01-02 03:32:21.548','2026-01-02 03:32:21.548'),
('a5fe18c0-e78b-11f0-9483-e768515de04d','cloudinary_api_secret','*','C2VWxsJ5j0jZpcxOhvuTOTKhaMo','2026-01-02 03:32:21.548','2026-01-02 03:32:21.548'),
('a5fe1907-e78b-11f0-9483-e768515de04d','cloudinary_folder','*','uploads/ensotek','2026-01-02 03:32:21.548','2026-01-02 03:32:21.548'),
('a5fe194c-e78b-11f0-9483-e768515de04d','cloudinary_unsigned_preset','*','ensotek_unsigned','2026-01-02 03:32:21.548','2026-01-02 03:32:21.548'),
('a5fe198d-e78b-11f0-9483-e768515de04d','storage_cdn_public_base','*','https://res.cloudinary.com','2026-01-02 03:32:21.548','2026-01-02 03:32:21.548'),
('a5fe19f8-e78b-11f0-9483-e768515de04d','storage_public_api_base','*','https://www.ensotek.de/api','2026-01-02 03:32:21.548','2026-01-02 03:32:21.548'),
('a5fe39e5-e78b-11f0-9483-e768515de04d','public_base_url','*','https://www.ensotek.de','2026-01-02 03:32:21.549','2026-01-02 03:32:21.549'),
('a5fe5fec-e78b-11f0-9483-e768515de04d','smtp_host','*','smtp.example.com','2026-01-02 03:32:21.550','2026-01-02 03:32:21.550'),
('a5fe628e-e78b-11f0-9483-e768515de04d','smtp_port','*','465','2026-01-02 03:32:21.550','2026-01-02 03:32:21.550'),
('a5fe632a-e78b-11f0-9483-e768515de04d','smtp_username','*','no-reply@ensotek.com.tr','2026-01-02 03:32:21.550','2026-01-02 03:32:21.550'),
('a5fe63a8-e78b-11f0-9483-e768515de04d','smtp_password','*','change-me-in-admin','2026-01-02 03:32:21.550','2026-01-02 03:32:21.550'),
('a5fe641a-e78b-11f0-9483-e768515de04d','smtp_from_email','*','no-reply@ensotek.com.tr','2026-01-02 03:32:21.550','2026-01-02 03:32:21.550'),
('a5fe6488-e78b-11f0-9483-e768515de04d','smtp_from_name','*','Ensotek','2026-01-02 03:32:21.550','2026-01-02 03:32:21.550'),
('a5fe6503-e78b-11f0-9483-e768515de04d','smtp_ssl','*','true','2026-01-02 03:32:21.550','2026-01-02 03:32:21.550'),
('a5fe806b-e78b-11f0-9483-e768515de04d','google_client_id','*','your-google-client-id.apps.googleusercontent.com','2026-01-02 03:32:21.550','2026-01-02 03:32:21.550'),
('a5fe8264-e78b-11f0-9483-e768515de04d','google_client_secret','*','change-me-in-admin','2026-01-02 03:32:21.550','2026-01-02 03:32:21.550'),
('a5ffb6fc-e78b-11f0-9483-e768515de04d','gtm_container_id','*','GTM-WV5FRN93','2026-01-02 03:32:21.558','2026-01-02 03:32:21.558'),
('a5ffb972-e78b-11f0-9483-e768515de04d','ga4_measurement_id','*','G-7S6TW9CNRJ','2026-01-02 03:32:21.558','2026-01-02 03:32:21.558'),
('a600e6e1-e78b-11f0-9483-e768515de04d','site_logo','*','{\"url\": \"https://res.cloudinary.com/dbozv7wqd/image/upload/v1767244177/site-media/logo.png\", \"width\": 160, \"height\": 60, \"alt\": \"Ensotek Logo\"}','2026-01-02 03:32:21.566','2026-01-02 03:32:21.566'),
('a600e985-e78b-11f0-9483-e768515de04d','site_logo_dark','*','{\"url\": \"https://res.cloudinary.com/dbozv7wqd/image/upload/v1767244177/site-media/logo.png\", \"width\": 160, \"height\": 60, \"alt\": \"Ensotek Logo (Dark)\"}','2026-01-02 03:32:21.566','2026-01-02 03:32:21.566'),
('a600ea17-e78b-11f0-9483-e768515de04d','site_logo_light','*','{\"url\": \"https://res.cloudinary.com/dbozv7wqd/image/upload/v1767244177/site-media/logo.png\", \"width\": 160, \"height\": 60, \"alt\": \"Ensotek Logo (Light)\"}','2026-01-02 03:32:21.566','2026-01-02 03:32:21.566'),
('a600ea96-e78b-11f0-9483-e768515de04d','site_favicon','*','{\"url\": \"https://res.cloudinary.com/dbozv7wqd/raw/upload/v1767244774/site-media/favicon\", \"alt\": \"Ensotek Favicon\"}','2026-01-02 03:32:21.566','2026-01-02 03:32:21.566'),
('a600eaf2-e78b-11f0-9483-e768515de04d','site_apple_touch_icon','*','{\"url\": \"https://res.cloudinary.com/dbozv7wqd/image/upload/v1767249207/site-media/apple-touch-icon.png\", \"alt\": \"Ensotek Apple Touch Icon (180x180)\"}','2026-01-02 03:32:21.566','2026-01-02 03:32:21.566'),
('a600eb53-e78b-11f0-9483-e768515de04d','site_app_icon_512','*','{\"url\": \"https://res.cloudinary.com/dbozv7wqd/image/upload/v1767249213/site-media/ensotek-apple-icon-512.png\", \"alt\": \"Ensotek App Icon (512x512)\"}','2026-01-02 03:32:21.566','2026-01-02 03:32:21.566'),
('a600ebad-e78b-11f0-9483-e768515de04d','site_og_default_image','*','{\"url\": \"https://res.cloudinary.com/dbozv7wqd/image/upload/v1767249482/site-media/2.jpg\", \"width\": 1200, \"height\": 630, \"alt\": \"Ensotek – Industrial Cooling Solutions – Default Open Graph Image\"}','2026-01-02 03:32:21.566','2026-01-02 03:32:21.566'),
('a60230a4-e78b-11f0-9483-e768515de04d','cookie_consent','tr','{\"consent_version\": 1, \"defaults\": {\"necessary\": true, \"analytics\": false, \"marketing\": false}, \"ui\": {\"enabled\": true, \"position\": \"bottom\", \"show_reject_all\": true}, \"texts\": {\"title\": \"Çerez Tercihleri\", \"description\": \"Sitemizin doğru çalışmasını sağlamak ve isteğe bağlı analiz yapmak için çerezler kullanıyoruz. Tercihlerinizi yönetebilirsiniz.\"}}','2026-01-02 03:32:21.574','2026-01-02 03:32:21.574'),
('a60234d6-e78b-11f0-9483-e768515de04d','cookie_consent','en','{\"consent_version\": 1, \"defaults\": {\"necessary\": true, \"analytics\": false, \"marketing\": false}, \"ui\": {\"enabled\": true, \"position\": \"bottom\", \"show_reject_all\": true}, \"texts\": {\"title\": \"Cookie Preferences\", \"description\": \"We use cookies to ensure the site works properly and to optionally analyze traffic. You can manage your preferences.\"}}','2026-01-02 03:32:21.574','2026-01-02 03:32:21.574'),
('a602363f-e78b-11f0-9483-e768515de04d','cookie_consent','de','{\"consent_version\": 1, \"defaults\": {\"necessary\": true, \"analytics\": false, \"marketing\": false}, \"ui\": {\"enabled\": true, \"position\": \"bottom\", \"show_reject_all\": true}, \"texts\": {\"title\": \"Cookie-Einstellungen\", \"description\": \"Wir verwenden Cookies, um die Website korrekt zu betreiben und optional den Traffic zu analysieren. Sie können Ihre Einstellungen verwalten.\"}}','2026-01-02 03:32:21.574','2026-01-02 03:32:21.574'),
('a60480cf-e78b-11f0-9483-e768515de04d','seo','*','{\"site_name\": \"Ensotek Industrial Cooling Towers\", \"title_default\": \"Ensotek Industrial Cooling Towers and Engineering\", \"title_template\": \"%s – Ensotek\", \"description\": \"Industrial cooling towers, engineering, installation and service solutions for efficient process cooling.\", \"open_graph\": {\"type\": \"website\", \"images\": [\"https://res.cloudinary.com/dbozv7wqd/image/upload/v1767249482/site-media/2.jpg\"]}, \"twitter\": {\"card\": \"summary_large_image\", \"site\": \"\", \"creator\": \"\"}, \"robots\": {\"noindex\": false, \"index\": true, \"follow\": true}}','2026-01-02 03:32:21.590','2026-01-02 03:32:21.590'),
('a604bb62-e78b-11f0-9483-e768515de04d','site_seo','*','{\"site_name\": \"Ensotek Industrial Cooling Towers\", \"title_default\": \"Ensotek Industrial Cooling Towers and Engineering\", \"title_template\": \"%s – Ensotek\", \"description\": \"Industrial cooling towers, engineering, installation and service solutions for efficient process cooling.\", \"open_graph\": {\"type\": \"website\", \"images\": [\"https://res.cloudinary.com/dbozv7wqd/image/upload/v1767249482/site-media/2.jpg\"]}, \"twitter\": {\"card\": \"summary_large_image\", \"site\": \"\", \"creator\": \"\"}, \"robots\": {\"noindex\": false, \"index\": true, \"follow\": true}}','2026-01-02 03:32:21.591','2026-01-02 03:32:21.591'),
('a604fb99-e78b-11f0-9483-e768515de04d','seo','tr','{\"site_name\": \"Ensotek – Endustriyel Su Sogutma Kuleleri ve Muhendislik\", \"title_default\": \"Ensotek – Endustriyel Su Sogutma Kuleleri ve Muhendislik\", \"title_template\": \"%s – Ensotek\", \"description\": \"CTP malzemeden acik ve kapali tip su sogutma kuleleri. Imaalat ve montaj. Bakim, onarim, modernizasyon, test ve yedek parca.\", \"open_graph\": {\"type\": \"website\", \"images\": [\"https://res.cloudinary.com/dbozv7wqd/image/upload/v1767249482/site-media/2.jpg\"]}, \"twitter\": {\"card\": \"summary_large_image\", \"site\": \"\", \"creator\": \"\"}, \"robots\": {\"noindex\": false, \"index\": true, \"follow\": true}}','2026-01-02 03:32:21.592','2026-01-02 03:32:21.592'),
('a604fdb5-e78b-11f0-9483-e768515de04d','seo','en','{\"site_name\": \"Ensotek – Industrial Cooling Towers and Engineering\", \"title_default\": \"Ensotek – Industrial Cooling Towers and Engineering\", \"title_template\": \"%s – Ensotek\", \"description\": \"Open and closed-circuit FRP cooling towers. Manufacturing and installation. Maintenance, repair, modernization, performance testing and spare parts.\", \"open_graph\": {\"type\": \"website\", \"images\": [\"https://res.cloudinary.com/dbozv7wqd/image/upload/v1767249482/site-media/2.jpg\"]}, \"twitter\": {\"card\": \"summary_large_image\", \"site\": \"\", \"creator\": \"\"}, \"robots\": {\"noindex\": false, \"index\": true, \"follow\": true}}','2026-01-02 03:32:21.592','2026-01-02 03:32:21.592'),
('a604fe23-e78b-11f0-9483-e768515de04d','seo','de','{\"site_name\": \"Ensotek – Industrielle Kuehltuerme und Engineering\", \"title_default\": \"Ensotek – Industrielle Kuehltuerme und Engineering\", \"title_template\": \"%s – Ensotek\", \"description\": \"Offene und geschlossene GFK Kuehltuerme. Herstellung und Montage. Wartung, Reparatur, Modernisierung, Leistungstests und Ersatzteile.\", \"open_graph\": {\"type\": \"website\", \"images\": [\"https://res.cloudinary.com/dbozv7wqd/image/upload/v1767249482/site-media/2.jpg\"]}, \"twitter\": {\"card\": \"summary_large_image\", \"site\": \"\", \"creator\": \"\"}, \"robots\": {\"noindex\": false, \"index\": true, \"follow\": true}}','2026-01-02 03:32:21.592','2026-01-02 03:32:21.592'),
('a6056209-e78b-11f0-9483-e768515de04d','site_seo','tr','{\"site_name\": \"Ensotek – Endustriyel Su Sogutma Kuleleri ve Muhendislik\", \"title_default\": \"Ensotek – Endustriyel Su Sogutma Kuleleri ve Muhendislik\", \"title_template\": \"%s – Ensotek\", \"description\": \"CTP malzemeden acik ve kapali tip su sogutma kuleleri. Imaalat ve montaj. Bakim, onarim, modernizasyon, test ve yedek parca.\", \"open_graph\": {\"type\": \"website\", \"images\": [\"https://res.cloudinary.com/dbozv7wqd/image/upload/v1767249482/site-media/2.jpg\"]}, \"twitter\": {\"card\": \"summary_large_image\", \"site\": \"\", \"creator\": \"\"}, \"robots\": {\"noindex\": false, \"index\": true, \"follow\": true}}','2026-01-02 03:32:21.595','2026-01-02 03:32:21.595'),
('a605623f-e78b-11f0-9483-e768515de04d','site_seo','en','{\"site_name\": \"Ensotek – Industrial Cooling Towers and Engineering\", \"title_default\": \"Ensotek – Industrial Cooling Towers and Engineering\", \"title_template\": \"%s – Ensotek\", \"description\": \"Open and closed-circuit FRP cooling towers. Manufacturing and installation. Maintenance, repair, modernization, performance testing and spare parts.\", \"open_graph\": {\"type\": \"website\", \"images\": [\"https://res.cloudinary.com/dbozv7wqd/image/upload/v1767249482/site-media/2.jpg\"]}, \"twitter\": {\"card\": \"summary_large_image\", \"site\": \"\", \"creator\": \"\"}, \"robots\": {\"noindex\": false, \"index\": true, \"follow\": true}}','2026-01-02 03:32:21.595','2026-01-02 03:32:21.595'),
('a6056257-e78b-11f0-9483-e768515de04d','site_seo','de','{\"site_name\": \"Ensotek – Industrielle Kuehltuerme und Engineering\", \"title_default\": \"Ensotek – Industrielle Kuehltuerme und Engineering\", \"title_template\": \"%s – Ensotek\", \"description\": \"Offene und geschlossene GFK Kuehltuerme. Herstellung und Montage. Wartung, Reparatur, Modernisierung, Leistungstests und Ersatzteile.\", \"open_graph\": {\"type\": \"website\", \"images\": [\"https://res.cloudinary.com/dbozv7wqd/image/upload/v1767249482/site-media/2.jpg\"]}, \"twitter\": {\"card\": \"summary_large_image\", \"site\": \"\", \"creator\": \"\"}, \"robots\": {\"noindex\": false, \"index\": true, \"follow\": true}}','2026-01-02 03:32:21.595','2026-01-02 03:32:21.595'),
('a6058d37-e78b-11f0-9483-e768515de04d','site_meta_default','*','{\"title\": \"Ensotek Industrial Cooling Towers and Engineering\", \"description\": \"Industrial cooling towers, engineering, installation and service solutions for efficient process cooling.\", \"keywords\": \"ensotek, cooling tower, industrial cooling, FRP, engineering, installation, service\"}','2026-01-02 03:32:21.597','2026-01-02 03:32:21.597'),
('a605bd84-e78b-11f0-9483-e768515de04d','site_meta_default','tr','{\"title\": \"Ensotek – Endustriyel Su Sogutma Kuleleri ve Muhendislik\", \"description\": \"CTP malzemeden acik ve kapali tip su sogutma kuleleri. Imaalat ve montaj. Bakim, onarim, modernizasyon, test ve yedek parca.\", \"keywords\": \"ensotek, su sogutma kulesi, sogutma kulesi, ctp, camelyaf takviyeli polyester, acik tip, kapali tip, modernizasyon, bakim onarim, test, yedek parca\"}','2026-01-02 03:32:21.598','2026-01-02 03:32:21.598'),
('a605bdfc-e78b-11f0-9483-e768515de04d','site_meta_default','en','{\"title\": \"Ensotek – Industrial Cooling Towers and Engineering\", \"description\": \"Open and closed-circuit FRP cooling towers. Manufacturing and installation. Maintenance, repair, modernization, performance testing and spare parts.\", \"keywords\": \"ensotek, cooling tower, FRP, fiber reinforced plastic, open circuit, closed circuit, modernization, maintenance, repair, performance testing, spare parts\"}','2026-01-02 03:32:21.598','2026-01-02 03:32:21.598'),
('a605be3a-e78b-11f0-9483-e768515de04d','site_meta_default','de','{\"title\": \"Ensotek – Industrielle Kuehltuerme und Engineering\", \"description\": \"Offene und geschlossene GFK Kuehltuerme. Herstellung und Montage. Wartung, Reparatur, Modernisierung, Leistungstests und Ersatzteile.\", \"keywords\": \"ensotek, kuehlturm, GFK, glasfaserverstaerkter kunststoff, offen, geschlossen, modernisierung, wartung, reparatur, leistungstest, ersatzteile\"}','2026-01-02 03:32:21.598','2026-01-02 03:32:21.598'),
('a607d290-e78b-11f0-9483-e768515de04d','ui_header','tr','{\"ui_header_language\": \"Dil\", \"ui_header_auth\": \"Giriş Yap\", \"ui_header_register\": \"Kayıt Ol\", \"ui_header_search_placeholder\": \"Arama...\", \"ui_header_search\": \"Ara\", \"ui_header_contact_info\": \"İletişim Bilgileri\", \"ui_header_call\": \"Ara\", \"ui_header_email\": \"E-posta\", \"ui_header_close\": \"Kapat\", \"ui_header_open_menu\": \"Menüyü Aç\", \"ui_header_open_sidebar\": \"Yan Menüyü Aç\", \"menu_empty\": \"(Menü tanımlı değil)\", \"menu_loading\": \"(Menü yükleniyor...)\", \"language_label\": \"Dil\", \"login\": \"Giriş Yap\", \"register\": \"Kayıt Ol\", \"search_placeholder\": \"Arama...\", \"search_aria\": \"Ara\", \"contact_info_title\": \"İletişim Bilgileri\", \"call_aria\": \"Ara\", \"email_aria\": \"E-posta\", \"close_aria\": \"Kapat\", \"open_menu_aria\": \"Menüyü Aç\", \"open_sidebar_aria\": \"Yan Menüyü Aç\"}','2026-01-02 03:32:21.611','2026-01-02 03:32:21.611'),
('a607d661-e78b-11f0-9483-e768515de04d','ui_header','en','{\"ui_header_language\": \"Language\", \"ui_header_auth\": \"Login\", \"ui_header_register\": \"Register\", \"ui_header_search_placeholder\": \"Search...\", \"ui_header_search\": \"Search\", \"ui_header_contact_info\": \"Contact Info\", \"ui_header_call\": \"Call\", \"ui_header_email\": \"Email\", \"ui_header_close\": \"Close\", \"ui_header_open_menu\": \"Open Menu\", \"ui_header_open_sidebar\": \"Open Sidebar\", \"menu_empty\": \"(Menu is not configured)\", \"menu_loading\": \"(Loading menu...)\", \"language_label\": \"Language\", \"login\": \"Login\", \"register\": \"Register\", \"search_placeholder\": \"Search...\", \"search_aria\": \"Search\", \"contact_info_title\": \"Contact Info\", \"call_aria\": \"Call\", \"email_aria\": \"Email\", \"close_aria\": \"Close\", \"open_menu_aria\": \"Open Menu\", \"open_sidebar_aria\": \"Open Sidebar\"}','2026-01-02 03:32:21.611','2026-01-02 03:32:21.611'),
('a607d87e-e78b-11f0-9483-e768515de04d','ui_header','de','{\"ui_header_language\": \"Sprache\", \"ui_header_auth\": \"Anmelden\", \"ui_header_register\": \"Registrieren\", \"ui_header_search_placeholder\": \"Suchen...\", \"ui_header_search\": \"Suchen\", \"ui_header_contact_info\": \"Kontaktinformationen\", \"ui_header_call\": \"Anrufen\", \"ui_header_email\": \"E-Mail\", \"ui_header_close\": \"Schließen\", \"ui_header_open_menu\": \"Menü öffnen\", \"ui_header_open_sidebar\": \"Seitenleiste öffnen\", \"menu_empty\": \"(Menü ist nicht konfiguriert)\", \"menu_loading\": \"(Menü wird geladen...)\", \"language_label\": \"Sprache\", \"login\": \"Anmelden\", \"register\": \"Registrieren\", \"search_placeholder\": \"Suchen...\", \"search_aria\": \"Suchen\", \"contact_info_title\": \"Kontaktinformationen\", \"call_aria\": \"Anrufen\", \"email_aria\": \"E-Mail\", \"close_aria\": \"Schließen\", \"open_menu_aria\": \"Menü öffnen\", \"open_sidebar_aria\": \"Seitenleiste öffnen\"}','2026-01-02 03:32:21.611','2026-01-02 03:32:21.611'),
('a609637c-e78b-11f0-9483-e768515de04d','ui_footer','tr','{\"company_title\": \"Şirket\", \"services\": \"Hizmetlerimiz\", \"explore\": \"Keşfet\", \"contact\": \"İletişim\", \"phone_aria\": \"Telefon ile ara\", \"email_aria\": \"E-posta gönder\", \"menu_loading\": \"Bağlantılar yükleniyor...\", \"menu_empty\": \"Bağlantı tanımlı değil\", \"copyright_prefix\": \"\", \"copyright_suffix\": \"Tüm hakları saklıdır.\"}','2026-01-02 03:32:21.622','2026-01-02 03:32:21.622'),
('a60b9356-e78b-11f0-9483-e768515de04d','ui_footer','en','{\"company_title\": \"Company\", \"services\": \"Services\", \"explore\": \"Explore\", \"contact\": \"Contact\", \"phone_aria\": \"Call by phone\", \"email_aria\": \"Send email\", \"menu_loading\": \"Loading links...\", \"menu_empty\": \"No links defined\", \"copyright_prefix\": \"\", \"copyright_suffix\": \"All rights reserved.\"}','2026-01-02 03:32:21.622','2026-01-02 03:32:21.622'),
('a60b95a8-e78b-11f0-9483-e768515de04d','ui_footer','de','{\"company_title\": \"Unternehmen\", \"services\": \"Leistungen\", \"explore\": \"Entdecken\", \"contact\": \"Kontakt\", \"phone_aria\": \"Telefonisch anrufen\", \"email_aria\": \"E-Mail senden\", \"menu_loading\": \"Links werden geladen...\", \"menu_empty\": \"Keine Links definiert\", \"copyright_prefix\": \"\", \"copyright_suffix\": \"Alle Rechte vorbehalten.\"}','2026-01-02 03:32:21.622','2026-01-02 03:32:21.622'),
('a60c1a88-e78b-11f0-9483-e768515de04d','ui_banner','tr','{\"ui_breadcrumb_home\": \"Ana Sayfa\"}','2026-01-02 03:32:21.640','2026-01-02 03:32:21.640'),
('a60c1de5-e78b-11f0-9483-e768515de04d','ui_banner','en','{\"ui_breadcrumb_home\": \"Home\"}','2026-01-02 03:32:21.640','2026-01-02 03:32:21.640'),
('a60c1eea-e78b-11f0-9483-e768515de04d','ui_banner','de','{\"ui_breadcrumb_home\": \"Startseite\"}','2026-01-02 03:32:21.640','2026-01-02 03:32:21.640'),
('a60c5cb4-e78b-11f0-9483-e768515de04d','ui_contact','tr','{\"ui_contact_page_title\": \"İletişim\", \"ui_contact_subprefix\": \"İletişime\", \"ui_contact_sublabel\": \"geçin\", \"ui_contact_title_left\": \"Konuşalım\", \"ui_contact_tagline\": \"2009\'dan beri işletmeleri büyütüyoruz, sizin için de yapalım!\", \"ui_contact_quick_email_placeholder\": \"E-posta adresiniz\", \"ui_contact_quick_email_aria\": \"E-postayı forma aktar\", \"ui_contact_form_title\": \"Danışmanlık talebi oluşturun\", \"ui_contact_first_name\": \"Adınız*\", \"ui_contact_last_name\": \"Soyadınız\", \"ui_contact_company\": \"Firma adı\", \"ui_contact_website\": \"Web sitesi\", \"ui_contact_phone\": \"Telefon numarası\", \"ui_contact_email\": \"E-posta*\", \"ui_contact_select_label\": \"Hizmet türünü seçin\", \"ui_contact_service_cooling_towers\": \"Soğutma Kuleleri\", \"ui_contact_service_maintenance\": \"Bakım\", \"ui_contact_service_modernization\": \"Modernizasyon\", \"ui_contact_service_other\": \"Diğer\", \"ui_contact_terms_prefix\": \"Şunları kabul ediyorum:\", \"ui_contact_terms\": \"Şartlar\", \"ui_contact_conditions\": \"Koşullar\", \"ui_contact_subject_base\": \"Danışmanlık Talebi\", \"ui_contact_message_footer\": \"İletişim formundan gönderildi.\", \"ui_contact_submit\": \"Talebi Gönder\", \"ui_contact_sending\": \"Gönderiliyor...\", \"ui_contact_success\": \"Teşekkürler! Mesajınız başarılı şekilde iletildi.\", \"ui_contact_error_generic\": \"Gönderim başarısız oldu. Lütfen tekrar deneyin.\", \"ui_contact_map_title\": \"Konum\", \"ui_contact_meta_title\": \"Ensotek İletişim | Bize Ulaşın\", \"ui_contact_meta_description\": \"Ensotek su soğutma çözümleri hakkında bilgi almak için bizimle iletişime geçin.\"}','2026-01-02 03:32:21.641','2026-01-02 03:32:21.641'),
('a60c61a2-e78b-11f0-9483-e768515de04d','ui_contact','en','{\"ui_contact_page_title\": \"Contact\", \"ui_contact_subprefix\": \"Get\", \"ui_contact_sublabel\": \"in touch\", \"ui_contact_title_left\": \"Let\'s Talk\", \"ui_contact_tagline\": \"We\'ve been growing businesses since 2009, let us do it for you!\", \"ui_contact_quick_email_placeholder\": \"Your email address\", \"ui_contact_quick_email_aria\": \"Fill email\", \"ui_contact_form_title\": \"Request a Consultation\", \"ui_contact_first_name\": \"First Name*\", \"ui_contact_last_name\": \"Last Name\", \"ui_contact_company\": \"Company Name\", \"ui_contact_website\": \"Website\", \"ui_contact_phone\": \"Phone Number\", \"ui_contact_email\": \"Email*\", \"ui_contact_select_label\": \"Select a service\", \"ui_contact_service_cooling_towers\": \"Cooling Towers\", \"ui_contact_service_maintenance\": \"Maintenance\", \"ui_contact_service_modernization\": \"Modernization\", \"ui_contact_service_other\": \"Other\", \"ui_contact_terms_prefix\": \"I agree to the:\", \"ui_contact_terms\": \"Terms\", \"ui_contact_conditions\": \"Conditions\", \"ui_contact_subject_base\": \"Consultation Request\", \"ui_contact_message_footer\": \"Sent from contact form.\", \"ui_contact_submit\": \"Send Request\", \"ui_contact_sending\": \"Sending...\", \"ui_contact_success\": \"Thanks! Your message has been sent.\", \"ui_contact_error_generic\": \"Failed to send. Please try again.\", \"ui_contact_map_title\": \"Location\", \"ui_contact_meta_title\": \"Contact Ensotek | Get in Touch\", \"ui_contact_meta_description\": \"Contact Ensotek for industrial cooling tower solutions and technical support.\"}','2026-01-02 03:32:21.641','2026-01-02 03:32:21.641'),
('a60c6419-e78b-11f0-9483-e768515de04d','ui_contact','de','{\"ui_contact_page_title\": \"Kontakt\", \"ui_contact_subprefix\": \"Kontakt\", \"ui_contact_sublabel\": \"aufnehmen\", \"ui_contact_title_left\": \"Lassen Sie uns sprechen\", \"ui_contact_tagline\": \"Seit 2009 unterstützen wir Unternehmen beim Wachstum – gerne auch Ihres.\", \"ui_contact_quick_email_placeholder\": \"Ihre E-Mail-Adresse\", \"ui_contact_quick_email_aria\": \"E-Mail übernehmen\", \"ui_contact_form_title\": \"Beratungsanfrage senden\", \"ui_contact_first_name\": \"Vorname*\", \"ui_contact_last_name\": \"Nachname\", \"ui_contact_company\": \"Firmenname\", \"ui_contact_website\": \"Webseite\", \"ui_contact_phone\": \"Telefonnummer\", \"ui_contact_email\": \"E-Mail*\", \"ui_contact_select_label\": \"Wählen Sie eine Leistung\", \"ui_contact_service_cooling_towers\": \"Kühltürme\", \"ui_contact_service_maintenance\": \"Wartung\", \"ui_contact_service_modernization\": \"Modernisierung\", \"ui_contact_service_other\": \"Sonstiges\", \"ui_contact_terms_prefix\": \"Ich akzeptiere:\", \"ui_contact_terms\": \"Bedingungen\", \"ui_contact_conditions\": \"Konditionen\", \"ui_contact_subject_base\": \"Beratungsanfrage\", \"ui_contact_message_footer\": \"Über das Kontaktformular gesendet.\", \"ui_contact_submit\": \"Anfrage senden\", \"ui_contact_sending\": \"Wird gesendet...\", \"ui_contact_success\": \"Danke! Ihre Nachricht wurde gesendet.\", \"ui_contact_error_generic\": \"Senden fehlgeschlagen. Bitte erneut versuchen.\", \"ui_contact_map_title\": \"Standort\", \"ui_contact_meta_title\": \"Ensotek Kontakt | Kontaktieren Sie uns\", \"ui_contact_meta_description\": \"Kontaktieren Sie Ensotek für industrielle Kühlturmlösungen und technischen Support.\"}','2026-01-02 03:32:21.641','2026-01-02 03:32:21.641'),
('a60c8c50-e78b-11f0-9483-e768515de04d','contact_map','tr','{\"title\": \"Konum\", \"height\": 420, \"query\": \"Ensotek\", \"embed_url\": \"\"}','2026-01-02 03:32:21.642','2026-01-02 03:32:21.642'),
('a60c8f21-e78b-11f0-9483-e768515de04d','contact_map','en','{\"title\": \"Location\", \"height\": 420, \"query\": \"Ensotek\", \"embed_url\": \"\"}','2026-01-02 03:32:21.642','2026-01-02 03:32:21.642'),
('a60c9027-e78b-11f0-9483-e768515de04d','contact_map','de','{\"title\": \"Standort\", \"height\": 420, \"query\": \"Ensotek\", \"embed_url\": \"\"}','2026-01-02 03:32:21.642','2026-01-02 03:32:21.642'),
('a60d1041-e78b-11f0-9483-e768515de04d','ui_about_stats','tr','{\"ui_about_stats_suffix_letter\": \"\", \"ui_about_stats_suffix_plus\": \"+\", \"ui_about_stats_refs_value\": \"1500\", \"ui_about_stats_refs_title\": \"Sanayi Referansımız\", \"ui_about_stats_refs_label\": \"Referans müşteri & tesis\", \"ui_about_stats_projects_value\": \"5000\", \"ui_about_stats_projects_title\": \"Tamamlanan Proje\", \"ui_about_stats_projects_label\": \"Yurtiçi ve yurtdışı projeler\", \"ui_about_stats_years_value\": \"40\", \"ui_about_stats_years_title\": \"Yıllık Tecrübe\", \"ui_about_stats_years_label\": \"Su soğutma ve proses soğutma\"}','2026-01-02 03:32:21.646','2026-01-02 03:32:21.646'),
('a60d1474-e78b-11f0-9483-e768515de04d','ui_about_stats','en','{\"ui_about_stats_suffix_letter\": \"\", \"ui_about_stats_suffix_plus\": \"+\", \"ui_about_stats_refs_value\": \"1500\", \"ui_about_stats_refs_title\": \"Industrial References\", \"ui_about_stats_refs_label\": \"Reference customers & facilities\", \"ui_about_stats_projects_value\": \"5000\", \"ui_about_stats_projects_title\": \"Completed Projects\", \"ui_about_stats_projects_label\": \"Domestic and international projects\", \"ui_about_stats_years_value\": \"40\", \"ui_about_stats_years_title\": \"Years of Experience\", \"ui_about_stats_years_label\": \"Water cooling and process cooling\"}','2026-01-02 03:32:21.646','2026-01-02 03:32:21.646'),
('a60d1614-e78b-11f0-9483-e768515de04d','ui_about_stats','de','{\"ui_about_stats_suffix_letter\": \"\", \"ui_about_stats_suffix_plus\": \"+\", \"ui_about_stats_refs_value\": \"1500\", \"ui_about_stats_refs_title\": \"Industrie-Referenzen\", \"ui_about_stats_refs_label\": \"Referenzkunden & Anlagen\", \"ui_about_stats_projects_value\": \"5000\", \"ui_about_stats_projects_title\": \"Abgeschlossene Projekte\", \"ui_about_stats_projects_label\": \"Nationale und internationale Projekte\", \"ui_about_stats_years_value\": \"40\", \"ui_about_stats_years_title\": \"Jahre Erfahrung\", \"ui_about_stats_years_label\": \"Wasserkühlung und Prozesskühlung\"}','2026-01-02 03:32:21.646','2026-01-02 03:32:21.646'),
('a60de7bb-e78b-11f0-9483-e768515de04d','ui_auth','tr','{\"ui_auth_login_meta_title\": \"Giriş Yap | Ensotek\", \"ui_auth_login_meta_description\": \"Ensotek hesabınıza giriş yapın.\", \"ui_auth_register_meta_title\": \"Kayıt Ol | Ensotek\", \"ui_auth_register_meta_description\": \"Ensotek hesabı oluşturun.\", \"ui_auth_logout_meta_title\": \"Çıkış Yapılıyor | Ensotek\", \"ui_auth_logout_meta_description\": \"Ensotek hesabınızdan çıkış yapılıyor.\", \"login_meta_title\": \"Giriş Yap | Ensotek\", \"login_meta_desc\": \"Ensotek hesabınıza giriş yapın.\", \"register_meta_title\": \"Kayıt Ol | Ensotek\", \"register_meta_desc\": \"Ensotek hesabı oluşturun.\", \"logout_meta_title\": \"Çıkış Yapılıyor | Ensotek\", \"logout_meta_desc\": \"Ensotek hesabınızdan çıkış yapılıyor.\", \"login_title\": \"Giriş Yap\", \"login_lead\": \"Hesabınıza giriş yapın veya yeni hesap oluşturun.\", \"login_email_label\": \"E-posta\", \"login_email_placeholder\": \"ornek@ensotek.com\", \"login_password_label\": \"Şifre\", \"login_password_placeholder\": \"Şifreniz\", \"login_remember_me\": \"Beni hatırla\", \"login_submit\": \"Giriş Yap\", \"login_loading\": \"Giriş yapılıyor...\", \"login_or\": \"veya\", \"login_google_button\": \"Google ile devam et\", \"login_google_loading\": \"Google yönlendiriliyor...\", \"login_no_account\": \"Hesabın yok mu?\", \"login_register_link\": \"yeni hesap oluşturun\", \"login_register_cta\": \"Hemen kayıt ol\", \"login_error_required\": \"E-posta ve şifre zorunludur.\", \"login_error_google_generic\": \"Google ile giriş başlatılırken bir hata oluştu.\", \"register_title\": \"Kayıt Ol\", \"register_lead_has_account\": \"Zaten hesabın var mı?\", \"register_login_link\": \"Giriş yap\", \"register_fullname_label\": \"Ad Soyad\", \"register_fullname_placeholder\": \"Adınız Soyadınız\", \"register_phone_label\": \"Telefon\", \"register_phone_placeholder\": \"+90 5xx xxx xx xx\", \"register_email_label\": \"E-posta\", \"register_email_placeholder\": \"ornek@ensotek.com\", \"register_password_label\": \"Şifre\", \"register_password_placeholder\": \"Şifreniz\", \"register_password_again_label\": \"Şifre (Tekrar)\", \"register_password_again_placeholder\": \"Şifrenizi tekrar girin\", \"register_submit\": \"Kayıt Ol\", \"register_loading\": \"Kayıt olunuyor...\", \"register_or\": \"veya\", \"register_google_button\": \"Google ile devam et\", \"register_google_loading\": \"Google yönlendiriliyor...\", \"register_error_required\": \"E-posta ve şifre zorunludur.\", \"register_error_password_length\": \"Şifre en az 6 karakter olmalıdır.\", \"register_error_password_mismatch\": \"Şifreler eşleşmiyor.\", \"register_error_google_generic\": \"Google ile kayıt başlatılırken bir hata oluştu.\", \"logout_title\": \"Çıkış yapılıyor...\", \"logout_lead\": \"Lütfen bekleyin, birkaç saniye içinde giriş sayfasına yönlendirileceksiniz.\", \"logout_error\": \"Sunucudan çıkış yapılırken bir sorun oluştu, ancak yerel oturumunuz temizlendi.\"}','2026-01-02 03:32:21.651','2026-01-02 03:32:21.651'),
('a60ded44-e78b-11f0-9483-e768515de04d','ui_auth','en','{\"ui_auth_login_meta_title\": \"Sign In | Ensotek\", \"ui_auth_login_meta_description\": \"Sign in to your Ensotek account.\", \"ui_auth_register_meta_title\": \"Sign Up | Ensotek\", \"ui_auth_register_meta_description\": \"Create your Ensotek account.\", \"ui_auth_logout_meta_title\": \"Signing out | Ensotek\", \"ui_auth_logout_meta_description\": \"Signing you out of your Ensotek account.\", \"login_meta_title\": \"Sign In | Ensotek\", \"login_meta_desc\": \"Sign in to your Ensotek account.\", \"register_meta_title\": \"Sign Up | Ensotek\", \"register_meta_desc\": \"Create your Ensotek account.\", \"logout_meta_title\": \"Signing out | Ensotek\", \"logout_meta_desc\": \"Signing you out of your Ensotek account.\", \"login_title\": \"Sign In\", \"login_lead\": \"Sign in to your account or create a new one.\", \"login_email_label\": \"Email\", \"login_email_placeholder\": \"example@ensotek.com\", \"login_password_label\": \"Password\", \"login_password_placeholder\": \"Your password\", \"login_remember_me\": \"Remember me\", \"login_submit\": \"Sign In\", \"login_loading\": \"Signing in...\", \"login_or\": \"or\", \"login_google_button\": \"Continue with Google\", \"login_google_loading\": \"Redirecting to Google...\", \"login_no_account\": \"Don\'t have an account?\", \"login_register_link\": \"create a new account\", \"login_register_cta\": \"Sign up\", \"login_error_required\": \"Email and password are required.\", \"login_error_google_generic\": \"An error occurred while starting Google login.\", \"register_title\": \"Sign Up\", \"register_lead_has_account\": \"Already have an account?\", \"register_login_link\": \"Sign in\", \"register_fullname_label\": \"Full Name\", \"register_fullname_placeholder\": \"Your full name\", \"register_phone_label\": \"Phone\", \"register_phone_placeholder\": \"+90 5xx xxx xx xx\", \"register_email_label\": \"Email\", \"register_email_placeholder\": \"example@ensotek.com\", \"register_password_label\": \"Password\", \"register_password_placeholder\": \"Your password\", \"register_password_again_label\": \"Password (again)\", \"register_password_again_placeholder\": \"Re-enter your password\", \"register_submit\": \"Sign Up\", \"register_loading\": \"Creating account...\", \"register_or\": \"or\", \"register_google_button\": \"Continue with Google\", \"register_google_loading\": \"Redirecting to Google...\", \"register_error_required\": \"Email and password are required.\", \"register_error_password_length\": \"Password must be at least 6 characters.\", \"register_error_password_mismatch\": \"Passwords do not match.\", \"register_error_google_generic\": \"An error occurred while starting Google signup.\", \"logout_title\": \"Signing out...\", \"logout_lead\": \"Please wait, you will be redirected to the login page in a few seconds.\", \"logout_error\": \"There was a problem signing out from the server, but your local session has been cleared.\"}','2026-01-02 03:32:21.651','2026-01-02 03:32:21.651'),
('a60df0e2-e78b-11f0-9483-e768515de04d','ui_auth','de','{\"ui_auth_login_meta_title\": \"Anmelden | Ensotek\", \"ui_auth_login_meta_description\": \"Melden Sie sich bei Ihrem Ensotek-Konto an.\", \"ui_auth_register_meta_title\": \"Registrieren | Ensotek\", \"ui_auth_register_meta_description\": \"Erstellen Sie Ihr Ensotek-Konto.\", \"ui_auth_logout_meta_title\": \"Abmeldung | Ensotek\", \"ui_auth_logout_meta_description\": \"Sie werden von Ihrem Ensotek-Konto abgemeldet.\", \"login_meta_title\": \"Anmelden | Ensotek\", \"login_meta_desc\": \"Melden Sie sich bei Ihrem Ensotek-Konto an.\", \"register_meta_title\": \"Registrieren | Ensotek\", \"register_meta_desc\": \"Erstellen Sie Ihr Ensotek-Konto.\", \"logout_meta_title\": \"Abmeldung | Ensotek\", \"logout_meta_desc\": \"Sie werden von Ihrem Ensotek-Konto abgemeldet.\", \"login_title\": \"Anmelden\", \"login_lead\": \"Melden Sie sich an oder erstellen Sie ein neues Konto.\", \"login_email_label\": \"E-Mail\", \"login_email_placeholder\": \"beispiel@ensotek.com\", \"login_password_label\": \"Passwort\", \"login_password_placeholder\": \"Ihr Passwort\", \"login_remember_me\": \"Angemeldet bleiben\", \"login_submit\": \"Anmelden\", \"login_loading\": \"Anmeldung läuft...\", \"login_or\": \"oder\", \"login_google_button\": \"Mit Google fortfahren\", \"login_google_loading\": \"Weiterleitung zu Google...\", \"login_no_account\": \"Noch kein Konto?\", \"login_register_link\": \"Konto erstellen\", \"login_register_cta\": \"Jetzt registrieren\", \"login_error_required\": \"E-Mail und Passwort sind erforderlich.\", \"login_error_google_generic\": \"Beim Start der Google-Anmeldung ist ein Fehler aufgetreten.\", \"register_title\": \"Registrieren\", \"register_lead_has_account\": \"Sie haben bereits ein Konto?\", \"register_login_link\": \"Anmelden\", \"register_fullname_label\": \"Vor- und Nachname\", \"register_fullname_placeholder\": \"Ihr Name\", \"register_phone_label\": \"Telefon\", \"register_phone_placeholder\": \"+49 ...\", \"register_email_label\": \"E-Mail\", \"register_email_placeholder\": \"beispiel@ensotek.com\", \"register_password_label\": \"Passwort\", \"register_password_placeholder\": \"Ihr Passwort\", \"register_password_again_label\": \"Passwort (wiederholen)\", \"register_password_again_placeholder\": \"Passwort erneut eingeben\", \"register_submit\": \"Registrieren\", \"register_loading\": \"Konto wird erstellt...\", \"register_or\": \"oder\", \"register_google_button\": \"Mit Google fortfahren\", \"register_google_loading\": \"Weiterleitung zu Google...\", \"register_error_required\": \"E-Mail und Passwort sind erforderlich.\", \"register_error_password_length\": \"Das Passwort muss mindestens 6 Zeichen lang sein.\", \"register_error_password_mismatch\": \"Die Passwörter stimmen nicht überein.\", \"register_error_google_generic\": \"Beim Start der Google-Registrierung ist ein Fehler aufgetreten.\", \"logout_title\": \"Abmeldung läuft...\", \"logout_lead\": \"Bitte warten Sie. Sie werden in wenigen Sekunden zur Anmeldeseite weitergeleitet.\", \"logout_error\": \"Beim Abmelden vom Server ist ein Problem aufgetreten, aber Ihre lokale Sitzung wurde entfernt.\"}','2026-01-02 03:32:21.651','2026-01-02 03:32:21.651'),
('a60ecb31-e78b-11f0-9483-e768515de04d','ui_newsletter','tr','{\"ui_newsletter_section_aria\": \"Bülten aboneliği alanı\", \"ui_newsletter_title\": \"Güncel kalın\", \"ui_newsletter_desc\": \"Projelerimiz ve çözümlerimiz hakkında haberleri e-posta ile alın.\", \"ui_newsletter_placeholder\": \"E-posta adresiniz\", \"ui_newsletter_email_aria\": \"E-posta adresiniz\", \"ui_newsletter_cta\": \"Bültene abone ol\", \"ui_newsletter_ok\": \"Başarıyla abone oldunuz, teşekkürler!\", \"ui_newsletter_fail\": \"Abonelik işlemi sırasında bir hata oluştu. Lütfen daha sonra tekrar deneyin.\"}','2026-01-02 03:32:21.657','2026-01-02 03:32:21.657'),
('a60ecf73-e78b-11f0-9483-e768515de04d','ui_newsletter','en','{\"ui_newsletter_section_aria\": \"Newsletter subscription section\", \"ui_newsletter_title\": \"Stay updated\", \"ui_newsletter_desc\": \"Receive news about our projects and solutions by email.\", \"ui_newsletter_placeholder\": \"Your email address\", \"ui_newsletter_email_aria\": \"Your email address\", \"ui_newsletter_cta\": \"Subscribe to newsletter\", \"ui_newsletter_ok\": \"You have been subscribed. Thank you!\", \"ui_newsletter_fail\": \"An error occurred while subscribing. Please try again later.\"}','2026-01-02 03:32:21.657','2026-01-02 03:32:21.657'),
('a60ed0b9-e78b-11f0-9483-e768515de04d','ui_newsletter','de','{\"ui_newsletter_section_aria\": \"Bereich für Newsletter-Anmeldung\", \"ui_newsletter_title\": \"Bleiben Sie auf dem Laufenden\", \"ui_newsletter_desc\": \"Erhalten Sie Neuigkeiten zu unseren Projekten und Lösungen per E-Mail.\", \"ui_newsletter_placeholder\": \"Ihre E-Mail-Adresse\", \"ui_newsletter_email_aria\": \"Ihre E-Mail-Adresse\", \"ui_newsletter_cta\": \"Newsletter abonnieren\", \"ui_newsletter_ok\": \"Sie wurden erfolgreich abonniert. Vielen Dank!\", \"ui_newsletter_fail\": \"Beim Abonnieren ist ein Fehler aufgetreten. Bitte versuchen Sie es später erneut.\"}','2026-01-02 03:32:21.657','2026-01-02 03:32:21.657'),
('a6106d18-e78b-11f0-9483-e768515de04d','ui_library','tr','{\"ui_library_untitled\": \"Başlıksız içerik\", \"ui_library_sample_one\": \"Örnek içerik 1\", \"ui_library_sample_two\": \"Örnek içerik 2\", \"ui_library_subprefix\": \"Ensotek\", \"ui_library_sublabel\": \"Bilgi Merkezi\", \"ui_library_title_prefix\": \"Mühendislik ve\", \"ui_library_title_mark\": \"Dokümanlar\", \"ui_library_view_detail_aria\": \"detaylarını görüntüle\", \"ui_library_view_detail\": \"Detayları gör\", \"ui_library_view_all\": \"Tüm dokümanları görüntüle\", \"ui_library_cover_alt\": \"kütüphane kapak görseli\", \"ui_library_page_title\": \"Doküman Kütüphanesi\", \"ui_library_detail_page_title\": \"Teknik Doküman Detayı\", \"ui_library_meta_title\": \"Doküman Kütüphanesi\", \"ui_library_meta_description\": \"Teknik dokümanlar, hesaplayıcılar ve mühendislik içerikleri. Ensotek Bilgi Merkezi.\", \"ui_library_detail_loading\": \"Doküman yükleniyor...\", \"ui_library_detail_not_found\": \"Doküman bulunamadı\", \"ui_library_detail_not_found_desc\": \"İstediğiniz doküman bulunamadı veya yayında değil.\", \"ui_library_back_to_list\": \"Kütüphaneye geri dön\", \"ui_library_detail_subtitle\": \"Teknik doküman\", \"ui_library_published_at\": \"Yayın tarihi\", \"ui_library_files_title\": \"İndirilebilir dosyalar\", \"ui_library_files_loading\": \"Dosyalar yükleniyor...\", \"ui_library_more_title\": \"Diğer dokümanlar\", \"ui_library_more_loading\": \"Diğer dokümanlar yükleniyor...\", \"ui_library_more_subprefix\": \"Ensotek\", \"ui_library_more_sublabel\": \"Bilgi Merkezi\", \"ui_library_wb_temperature_label\": \"Hava Sıcaklığı (°C)\", \"ui_library_wb_humidity_label\": \"Nem Oranı (%)\", \"ui_library_wb_calculate_button\": \"Hesapla\", \"ui_library_wb_title\": \"Yaş Termometre Sıcaklığı Hesaplayıcı\", \"ui_library_wb_subtitle\": \"Hava sıcaklığı ve bağıl nemi girerek yaklaşık yaş termometre sıcaklığını hesaplayın.\", \"ui_library_wb_result_label\": \"Yaş termometre sıcaklığı:\", \"ui_library_wb_result_placeholder\": \"Sonuç burada görünecektir.\", \"ui_library_wb_temperature_placeholder\": \"Hava Sıcaklığı (°C)\", \"ui_library_wb_humidity_placeholder\": \"Nem Oranı (%)\", \"ui_library_wb_error_invalid_input\": \"Lütfen geçerli değerler girin.\", \"ui_library_wb_sublabel\": \"Psikrometrik Araçlar\", \"ui_library_wb_subtitle\": \"Hava sıcaklığı ve bağıl nemi girerek yaklaşık yaş termometre sıcaklığını hesaplayın.\", \"ui_library_gallery_title\": \"Resim Galerisi\", \"ui_library_share_title\": \"Dokümanı Paylaş\", \"ui_library_write_comment\": \"Yorum Yazın\", \"ui_library_sidebar_contact_title\": \"Bizimle İletişime Geçin\", \"ui_library_file_unnamed\": \"İlgili Dokümanlar\", \"ui_library_other_docs_title\": \"Diğer Dokümanlar\"}','2026-01-02 03:32:21.667','2026-01-02 03:32:21.667'),
('a610744f-e78b-11f0-9483-e768515de04d','ui_library','en','{\"ui_library_untitled\": \"Untitled content\", \"ui_library_sample_one\": \"Sample article 1\", \"ui_library_sample_two\": \"Sample article 2\", \"ui_library_subprefix\": \"Ensotek\", \"ui_library_sublabel\": \"Knowledge Hub\", \"ui_library_title_prefix\": \"Engineering and\", \"ui_library_title_mark\": \"Documents\", \"ui_library_view_detail_aria\": \"view details\", \"ui_library_view_detail\": \"View details\", \"ui_library_view_all\": \"View all documents\", \"ui_library_cover_alt\": \"library cover image\", \"ui_library_page_title\": \"Document Library\", \"ui_library_detail_page_title\": \"Technical Document Detail\", \"ui_library_meta_title\": \"Document Library\", \"ui_library_meta_description\": \"Technical documents, calculators, and engineering resources in the Ensotek Knowledge Hub.\", \"ui_library_detail_loading\": \"Loading document...\", \"ui_library_detail_not_found\": \"Document not found\", \"ui_library_detail_not_found_desc\": \"The requested document could not be found or is not available.\", \"ui_library_back_to_list\": \"Back to library\", \"ui_library_detail_subtitle\": \"Technical document\", \"ui_library_published_at\": \"Published\", \"ui_library_files_title\": \"Downloadable files\", \"ui_library_files_loading\": \"Loading files...\", \"ui_library_more_title\": \"More documents\", \"ui_library_more_loading\": \"Loading more documents...\", \"ui_library_more_subprefix\": \"Ensotek\", \"ui_library_more_sublabel\": \"Knowledge Hub\", \"ui_library_wb_temperature_label\": \"Air Temperature (°C)\", \"ui_library_wb_humidity_label\": \"Relative Humidity (%)\", \"ui_library_wb_calculate_button\": \"Calculate\", \"ui_library_wb_title\": \"Wet-Bulb Temperature Calculator\", \"ui_library_wb_subtitle\": \"Enter air temperature and relative humidity to estimate wet-bulb temperature.\", \"ui_library_wb_result_label\": \"Wet-bulb temperature:\", \"ui_library_wb_result_placeholder\": \"Result will be shown here.\", \"ui_library_wb_temperature_placeholder\": \"Air temperature (°C)\", \"ui_library_wb_humidity_placeholder\": \"Relative humidity (%)\", \"ui_library_wb_error_invalid_input\": \"Please enter valid values.\", \"ui_library_wb_sublabel\": \"Psychrometric Tools\", \"ui_library_wb_subtitle\": \"Enter air temperature and relative humidity to estimate wet-bulb temperature.\", \"ui_library_gallery_title\": \"Image Gallery\", \"ui_library_share_title\": \"Share Document\", \"ui_library_write_comment\": \"Write a Comment\", \"ui_library_sidebar_contact_title\": \"Contact Us\", \"ui_library_file_unnamed\": \"Related Documents\", \"ui_library_other_docs_title\": \"Other Documents\"}','2026-01-02 03:32:21.667','2026-01-02 03:32:21.667'),
('a61078e8-e78b-11f0-9483-e768515de04d','ui_library','de','{\"ui_library_untitled\": \"Inhalt ohne Titel\", \"ui_library_sample_one\": \"Beispielinhalt 1\", \"ui_library_sample_two\": \"Beispielinhalt 2\", \"ui_library_subprefix\": \"Ensotek\", \"ui_library_sublabel\": \"Wissenszentrum\", \"ui_library_title_prefix\": \"Engineering und\", \"ui_library_title_mark\": \"Dokumente\", \"ui_library_view_detail_aria\": \"Details anzeigen\", \"ui_library_view_detail\": \"Details ansehen\", \"ui_library_view_all\": \"Alle Dokumente anzeigen\", \"ui_library_cover_alt\": \"Titelbild der Bibliothek\", \"ui_library_page_title\": \"Dokumentenbibliothek\", \"ui_library_detail_page_title\": \"Technisches Dokument – Details\", \"ui_library_meta_title\": \"Dokumentenbibliothek\", \"ui_library_meta_description\": \"Technische Dokumente, Rechner und Engineering-Ressourcen im Ensotek Wissenszentrum.\", \"ui_library_detail_loading\": \"Dokument wird geladen...\", \"ui_library_detail_not_found\": \"Dokument nicht gefunden\", \"ui_library_detail_not_found_desc\": \"Das gewünschte Dokument wurde nicht gefunden oder ist nicht verfügbar.\", \"ui_library_back_to_list\": \"Zurück zur Bibliothek\", \"ui_library_detail_subtitle\": \"Technisches Dokument\", \"ui_library_published_at\": \"Veröffentlicht am\", \"ui_library_files_title\": \"Download-Dateien\", \"ui_library_files_loading\": \"Dateien werden geladen...\", \"ui_library_more_title\": \"Weitere Dokumente\", \"ui_library_more_loading\": \"Weitere Dokumente werden geladen...\", \"ui_library_more_subprefix\": \"Ensotek\", \"ui_library_more_sublabel\": \"Wissenszentrum\", \"ui_library_wb_temperature_label\": \"Lufttemperatur (°C)\", \"ui_library_wb_humidity_label\": \"Relative Luftfeuchte (%)\", \"ui_library_wb_calculate_button\": \"Berechnen\", \"ui_library_wb_title\": \"Feuchtkugeltemperatur-Rechner\", \"ui_library_wb_subtitle\": \"Geben Sie Lufttemperatur und relative Luftfeuchte ein, um die Feuchtkugeltemperatur näherungsweise zu berechnen.\", \"ui_library_wb_result_label\": \"Feuchtkugeltemperatur:\", \"ui_library_wb_result_placeholder\": \"Das Ergebnis wird hier angezeigt.\", \"ui_library_wb_temperature_placeholder\": \"Lufttemperatur (°C)\", \"ui_library_wb_humidity_placeholder\": \"Relative Luftfeuchte (%)\", \"ui_library_wb_error_invalid_input\": \"Bitte gültige Werte eingeben.\", \"ui_library_wb_sublabel\": \"Psychrometrische Tools\", \"ui_library_wb_subtitle\": \"Geben Sie Lufttemperatur und relative Luftfeuchte ein, um die Feuchtkugeltemperatur näherungsweise zu berechnen.\", \"ui_library_gallery_title\": \"Bildergalerie\", \"ui_library_share_title\": \"Dokument teilen\", \"ui_library_write_comment\": \"Einen Kommentar schreiben\", \"ui_library_sidebar_contact_title\": \"Kontaktieren Sie uns\", \"ui_library_file_unnamed\": \"Verwandte Dokumente\", \"ui_library_other_docs_title\": \"Weitere Dokumente\"}','2026-01-02 03:32:21.667','2026-01-02 03:32:21.667'),
('a618f8a6-e78b-11f0-9483-e768515de04d','ui_services','tr','{\"ui_services_page_title\": \"Hizmetler\", \"ui_services_detail_page_title\": \"Hizmet Detayı\", \"ui_services_meta_title\": \"Hizmetler | Ensotek\", \"ui_services_meta_description\": \"Ensotek hizmetleri: bakım, modernizasyon, yedek parça, mühendislik desteği ve daha fazlası. Size özel çözüm ve danışmanlık için iletişime geçin.\", \"ui_services_detail_meta_title\": \"Hizmet Detayı | Ensotek\", \"ui_services_detail_meta_description\": \"Hizmet detayları, kapsam ve teknik bilgiler. Size özel destek ve teklif için bizimle iletişime geçin.\", \"ui_services_subprefix\": \"Ensotek\", \"ui_services_sublabel\": \"Hizmetler\", \"ui_services_title\": \"Neler yapıyoruz\", \"ui_services_page_description\": \"Hizmetlerimizi ve çözümlerimizi inceleyin. Size özel destek ve danışmanlık için iletişime geçin.\", \"ui_services_placeholder_title\": \"Hizmetimiz\", \"ui_services_placeholder_summary\": \"Hizmet açıklaması yakında eklenecektir.\", \"ui_services_details_aria\": \"hizmet detaylarını görüntüle\", \"ui_services_more_subtitle\": \"Diğer hizmetlerimizi keşfedin\", \"ui_services_more_title\": \"İlginizi çekebilecek diğer hizmetler\", \"ui_services_detail_title\": \"Hizmet\", \"ui_services_not_found_title\": \"Hizmet bulunamadı\", \"ui_services_not_found_desc\": \"Aradığınız hizmet bulunamadı veya artık yayında değil.\", \"ui_services_back_to_list\": \"Hizmetlere geri dön\", \"ui_services_price_label\": \"Fiyat\", \"ui_services_includes_label\": \"Hizmet kapsamı\", \"ui_services_material_label\": \"Kullanılan malzeme\", \"ui_services_warranty_label\": \"Garanti\", \"ui_services_specs_title\": \"Hizmet özellikleri\", \"ui_services_area_label\": \"Alan\", \"ui_services_duration_label\": \"Süre\", \"ui_services_maintenance_label\": \"Bakım\", \"ui_services_season_label\": \"Mevsim\", \"ui_services_soil_type_label\": \"Toprak türü\", \"ui_services_thickness_label\": \"Kalınlık\", \"ui_services_equipment_label\": \"Ekipman\", \"ui_services_gallery_title\": \"Hizmet Galerisi\", \"ui_services_gallery_open\": \"Görseli büyüt\", \"ui_services_gallery_thumbs\": \"Galeri küçük resimleri\", \"ui_services_contact_title\": \"İletişim\", \"ui_services_contact_desc\": \"Detaylı bilgi ve teknik destek için bize ulaşın.\", \"ui_services_contact_phone\": \"Telefon\", \"ui_services_contact_whatsapp\": \"WhatsApp\", \"ui_services_contact_form\": \"İletişim Formu\", \"ui_services_sidebar_info_title\": \"Hizmet bilgileri\", \"ui_services_sidebar_type\": \"Hizmet tipi\", \"ui_services_sidebar_category\": \"Kategori\", \"ui_services_sidebar_status\": \"Durum\", \"ui_common_active\": \"Aktif\", \"ui_common_passive\": \"Pasif\", \"ui_services_sidebar_cta_title\": \"Detaylı bilgi ister misiniz?\", \"ui_services_sidebar_cta_desc\": \"Bu hizmet hakkında detaylı bilgi veya özel teklif almak için bizimle iletişime geçin.\", \"ui_services_sidebar_cta_button\": \"İletişime geçin\", \"ui_services_cta_more_info\": \"Bu hizmet ile ilgili detaylı bilgi ve teknik destek için ekibimizle iletişime geçebilirsiniz.\", \"ui_services_cta_whatsapp\": \"WhatsApp üzerinden yazın\", \"ui_services_cta_request_quote\": \"Bu hizmet için teklif iste\", \"ui_services_other_title\": \"Diğer Hizmetlerimiz\"}','2026-01-02 03:32:21.723','2026-01-02 03:32:21.723'),
('a619312d-e78b-11f0-9483-e768515de04d','ui_services','en','{\"ui_services_page_title\": \"Services\", \"ui_services_detail_page_title\": \"Service Detail\", \"ui_services_meta_title\": \"Services | Ensotek\", \"ui_services_meta_description\": \"Ensotek services: maintenance, modernization, spare parts, engineering support and more. Contact us for tailored solutions and consultation.\", \"ui_services_detail_meta_title\": \"Service Detail | Ensotek\", \"ui_services_detail_meta_description\": \"Service details, scope and technical information. Contact us for support and a custom quote.\", \"ui_services_subprefix\": \"Ensotek\", \"ui_services_sublabel\": \"Services\", \"ui_services_title\": \"What we do\", \"ui_services_page_description\": \"Explore our services and solutions. Contact us for tailored support and consultation.\", \"ui_services_placeholder_title\": \"Our service\", \"ui_services_placeholder_summary\": \"Service description is coming soon.\", \"ui_services_details_aria\": \"view service details\", \"ui_services_more_subtitle\": \"Discover our other services\", \"ui_services_more_title\": \"You may also be interested in\", \"ui_services_detail_title\": \"Service\", \"ui_services_not_found_title\": \"Service not found\", \"ui_services_not_found_desc\": \"The service you are looking for could not be found or is no longer available.\", \"ui_services_back_to_list\": \"Back to services\", \"ui_services_price_label\": \"Price\", \"ui_services_includes_label\": \"Service includes\", \"ui_services_material_label\": \"Material\", \"ui_services_warranty_label\": \"Warranty\", \"ui_services_specs_title\": \"Service specifications\", \"ui_services_area_label\": \"Area\", \"ui_services_duration_label\": \"Duration\", \"ui_services_maintenance_label\": \"Maintenance\", \"ui_services_season_label\": \"Season\", \"ui_services_soil_type_label\": \"Soil type\", \"ui_services_thickness_label\": \"Thickness\", \"ui_services_equipment_label\": \"Equipment\", \"ui_services_gallery_title\": \"Service Gallery\", \"ui_services_gallery_open\": \"Open image\", \"ui_services_gallery_thumbs\": \"Gallery thumbnails\", \"ui_services_contact_title\": \"Contact\", \"ui_services_contact_desc\": \"Reach out to us for detailed information and technical support.\", \"ui_services_contact_phone\": \"Phone\", \"ui_services_contact_whatsapp\": \"WhatsApp\", \"ui_services_contact_form\": \"Contact Form\", \"ui_services_sidebar_info_title\": \"Service info\", \"ui_services_sidebar_type\": \"Service type\", \"ui_services_sidebar_category\": \"Category\", \"ui_services_sidebar_status\": \"Status\", \"ui_common_active\": \"Active\", \"ui_common_passive\": \"Inactive\", \"ui_services_sidebar_cta_title\": \"Need more information?\", \"ui_services_sidebar_cta_desc\": \"Contact us to get a custom offer or detailed information about this service.\", \"ui_services_sidebar_cta_button\": \"Contact us\", \"ui_services_cta_more_info\": \"Contact our team for detailed information and technical support about this service.\", \"ui_services_cta_whatsapp\": \"Write on WhatsApp\", \"ui_services_cta_request_quote\": \"Request a quote for this service\", \"ui_services_other_title\": \"Other services\"}','2026-01-02 03:32:21.723','2026-01-02 03:32:21.723'),
('a61936eb-e78b-11f0-9483-e768515de04d','ui_services','de','{\"ui_services_page_title\": \"Leistungen\", \"ui_services_detail_page_title\": \"Leistungsdetails\", \"ui_services_meta_title\": \"Leistungen | Ensotek\", \"ui_services_meta_description\": \"Ensotek Leistungen: Wartung, Modernisierung, Ersatzteile, Engineering Support und mehr. Kontaktieren Sie uns für maßgeschneiderte Lösungen und Beratung.\", \"ui_services_detail_meta_title\": \"Leistungsdetails | Ensotek\", \"ui_services_detail_meta_description\": \"Leistungsdetails, Umfang und technische Informationen. Kontaktieren Sie uns für Support und ein individuelles Angebot.\", \"ui_services_subprefix\": \"Ensotek\", \"ui_services_sublabel\": \"Leistungen\", \"ui_services_title\": \"Was wir tun\", \"ui_services_page_description\": \"Entdecken Sie unsere Leistungen und Lösungen. Kontaktieren Sie uns für maßgeschneiderte Unterstützung und Beratung.\", \"ui_services_placeholder_title\": \"Unsere Leistung\", \"ui_services_placeholder_summary\": \"Eine Beschreibung der Leistung folgt in Kürze.\", \"ui_services_details_aria\": \"Leistungsdetails anzeigen\", \"ui_services_more_subtitle\": \"Entdecken Sie unsere weiteren Leistungen\", \"ui_services_more_title\": \"Weitere Leistungen, die Sie interessieren könnten\", \"ui_services_detail_title\": \"Leistung\", \"ui_services_not_found_title\": \"Leistung nicht gefunden\", \"ui_services_not_found_desc\": \"Die gesuchte Leistung wurde nicht gefunden oder ist nicht mehr verfügbar.\", \"ui_services_back_to_list\": \"Zurück zu den Leistungen\", \"ui_services_price_label\": \"Preis\", \"ui_services_includes_label\": \"Leistungsumfang\", \"ui_services_material_label\": \"Material\", \"ui_services_warranty_label\": \"Garantie\", \"ui_services_specs_title\": \"Leistungsmerkmale\", \"ui_services_area_label\": \"Bereich\", \"ui_services_duration_label\": \"Dauer\", \"ui_services_maintenance_label\": \"Wartung\", \"ui_services_season_label\": \"Saison\", \"ui_services_soil_type_label\": \"Bodentyp\", \"ui_services_thickness_label\": \"Dicke\", \"ui_services_equipment_label\": \"Ausrüstung\", \"ui_services_gallery_title\": \"Leistungsgalerie\", \"ui_services_gallery_open\": \"Bild öffnen\", \"ui_services_gallery_thumbs\": \"Galerie-Miniaturen\", \"ui_services_contact_title\": \"Kontakt\", \"ui_services_contact_desc\": \"Kontaktieren Sie uns für detaillierte Informationen und technischen Support.\", \"ui_services_contact_phone\": \"Telefon\", \"ui_services_contact_whatsapp\": \"WhatsApp\", \"ui_services_contact_form\": \"Kontaktformular\", \"ui_services_sidebar_info_title\": \"Leistungsinfo\", \"ui_services_sidebar_type\": \"Leistungstyp\", \"ui_services_sidebar_category\": \"Kategorie\", \"ui_services_sidebar_status\": \"Status\", \"ui_common_active\": \"Aktiv\", \"ui_common_passive\": \"Inaktiv\", \"ui_services_sidebar_cta_title\": \"Benötigen Sie weitere Informationen?\", \"ui_services_sidebar_cta_desc\": \"Kontaktieren Sie uns, um ein individuelles Angebot oder weitere Details zu dieser Leistung zu erhalten.\", \"ui_services_sidebar_cta_button\": \"Kontakt aufnehmen\", \"ui_services_cta_more_info\": \"Kontaktieren Sie unser Team für detaillierte Informationen und technischen Support zu dieser Leistung.\", \"ui_services_cta_whatsapp\": \"Per WhatsApp schreiben\", \"ui_services_cta_request_quote\": \"Angebot für diese Leistung anfordern\", \"ui_services_other_title\": \"Weitere Leistungen\"}','2026-01-02 03:32:21.723','2026-01-02 03:32:21.723'),
('a61a968e-e78b-11f0-9483-e768515de04d','ui_feedback','tr','{\"ui_feedback_subprefix\": \"Ensotek\", \"ui_feedback_sublabel\": \"Müşteri Yorumları\", \"ui_feedback_title\": \"Müşterilerimizin bizim hakkımızda söyledikleri\", \"ui_feedback_paragraph\": \"Müşteri geri bildirimleri, mühendislik ve hizmet kalitemizi sürekli geliştirmemize yardımcı oluyor.\", \"ui_feedback_role_customer\": \"Müşteri\", \"ui_feedback_prev\": \"Önceki yorum\", \"ui_feedback_next\": \"Sonraki yorum\", \"ui_feedback_placeholder_1\": \"B2B SaaS müşterimizin web sitesi trafiğini yalnızca 3 ayda %300\'ün üzerinde artırdık.\", \"ui_feedback_placeholder_2\": \"Hedefli içerik ve teknik SEO, tüm kanallarda düzenli ve bileşik bir büyüme sağladı.\", \"ui_feedback_placeholder_3\": \"Net raporlama ve öngörülebilir teslimat — ölçeklemek için tam olarak ihtiyacımız olan şey buydu.\", \"ui_feedback_write_button\": \"Yorum yaz\", \"ui_feedback_modal_title\": \"Yorum yaz\", \"ui_common_close\": \"Kapat\", \"ui_feedback_submit\": \"Gönder\", \"ui_feedback_sending\": \"Gönderiliyor...\", \"ui_feedback_field_name\": \"Ad Soyad *\", \"ui_feedback_field_email\": \"E-posta *\", \"ui_feedback_field_rating\": \"Puan *\", \"ui_feedback_field_comment\": \"Yorum *\", \"ui_feedback_error_name\": \"Ad Soyad zorunludur.\", \"ui_feedback_error_email\": \"Lütfen geçerli bir e-posta girin.\", \"ui_feedback_error_comment\": \"Yorum alanı zorunludur.\", \"ui_feedback_error_generic\": \"Yorum gönderilemedi. Lütfen tekrar deneyin.\", \"ui_feedback_success\": \"Teşekkürler! Yorumunuz gönderildi.\", \"ui_feedback_form_title\": \"Yorum bırakın\", \"ui_feedback_form_open\": \"Yorum yaz\", \"ui_feedback_form_close\": \"Kapat\", \"ui_feedback_form_name_label\": \"Adınız\", \"ui_feedback_form_email_label\": \"E-posta adresiniz\", \"ui_feedback_form_rating_label\": \"Puanınız\", \"ui_feedback_form_comment_label\": \"Yorumunuz\", \"ui_feedback_form_submit\": \"Yorumu Gönder\", \"ui_feedback_form_submitting\": \"Gönderiliyor...\", \"ui_feedback_form_success\": \"Yorumunuz alındı, teşekkürler.\", \"ui_feedback_form_error\": \"Yorum gönderilirken bir hata oluştu.\", \"ui_feedback_form_required\": \"Bu alan zorunludur.\", \"ui_feedback_list_title\": \"Müşteri Yorumları\", \"ui_feedback_list_no_reviews\": \"Bu içerik için henüz yorum yok.\", \"ui_feedback_list_avg_rating\": \"Ortalama Puan\", \"ui_feedback_list_reviews_suffix\": \"yorum\", \"ui_feedback_list_helpful\": \"Faydalı\", \"ui_feedback_list_like\": \"Faydalı buldum\", \"ui_feedback_list_liked\": \"Teşekkürler\", \"ui_feedback_list_error\": \"İşlem sırasında bir hata oluştu.\", \"ui_feedback_list_loading\": \"Yorumlar yükleniyor...\"}','2026-01-02 03:32:21.734','2026-01-02 03:32:21.734'),
('a61a9a98-e78b-11f0-9483-e768515de04d','ui_feedback','en','{\"ui_feedback_subprefix\": \"Ensotek\", \"ui_feedback_sublabel\": \"Customers\", \"ui_feedback_title\": \"What our customers say about us\", \"ui_feedback_paragraph\": \"Customer feedback helps us continuously improve our engineering and service quality.\", \"ui_feedback_role_customer\": \"Customer\", \"ui_feedback_prev\": \"Previous testimonial\", \"ui_feedback_next\": \"Next testimonial\", \"ui_feedback_placeholder_1\": \"We increased our B2B SaaS client\'s website traffic by over 300% in just 3 months.\", \"ui_feedback_placeholder_2\": \"Targeted content + technical SEO gave us consistent, compounding growth across all funnels.\", \"ui_feedback_placeholder_3\": \"Clear reporting and predictable delivery — exactly what we needed to scale.\", \"ui_feedback_write_button\": \"Write a review\", \"ui_feedback_modal_title\": \"Write a review\", \"ui_common_close\": \"Close\", \"ui_feedback_submit\": \"Submit\", \"ui_feedback_sending\": \"Sending...\", \"ui_feedback_field_name\": \"Full Name *\", \"ui_feedback_field_email\": \"Email *\", \"ui_feedback_field_rating\": \"Rating *\", \"ui_feedback_field_comment\": \"Comment *\", \"ui_feedback_error_name\": \"Name is required.\", \"ui_feedback_error_email\": \"Please enter a valid email.\", \"ui_feedback_error_comment\": \"Comment is required.\", \"ui_feedback_error_generic\": \"Could not submit your review. Please try again.\", \"ui_feedback_success\": \"Thank you! Your review has been submitted.\", \"ui_feedback_form_title\": \"Leave a review\", \"ui_feedback_form_open\": \"Write a review\", \"ui_feedback_form_close\": \"Close\", \"ui_feedback_form_name_label\": \"Your name\", \"ui_feedback_form_email_label\": \"Email address\", \"ui_feedback_form_rating_label\": \"Your rating\", \"ui_feedback_form_comment_label\": \"Your review\", \"ui_feedback_form_submit\": \"Submit review\", \"ui_feedback_form_submitting\": \"Submitting...\", \"ui_feedback_form_success\": \"Your review has been received. Thank you!\", \"ui_feedback_form_error\": \"An error occurred while submitting your review.\", \"ui_feedback_form_required\": \"This field is required.\", \"ui_feedback_list_title\": \"Customer Reviews\", \"ui_feedback_list_no_reviews\": \"There are no reviews for this item yet.\", \"ui_feedback_list_avg_rating\": \"Average Rating\", \"ui_feedback_list_reviews_suffix\": \"reviews\", \"ui_feedback_list_helpful\": \"Helpful\", \"ui_feedback_list_like\": \"Mark as helpful\", \"ui_feedback_list_liked\": \"Thanks\", \"ui_feedback_list_error\": \"An error occurred while processing your request.\", \"ui_feedback_list_loading\": \"Loading reviews...\"}','2026-01-02 03:32:21.734','2026-01-02 03:32:21.734'),
('a61a9c92-e78b-11f0-9483-e768515de04d','ui_feedback','de','{\"ui_feedback_subprefix\": \"Ensotek\", \"ui_feedback_sublabel\": \"Kundenstimmen\", \"ui_feedback_title\": \"Was unsere Kunden über uns sagen\", \"ui_feedback_paragraph\": \"Kundenfeedback hilft uns, unsere Engineering- und Servicequalität kontinuierlich zu verbessern.\", \"ui_feedback_role_customer\": \"Kunde\", \"ui_feedback_prev\": \"Vorherige Bewertung\", \"ui_feedback_next\": \"Nächste Bewertung\", \"ui_feedback_placeholder_1\": \"Wir haben den Website-Traffic unseres B2B-SaaS-Kunden in nur 3 Monaten um über 300% gesteigert.\", \"ui_feedback_placeholder_2\": \"Gezielter Content und technisches SEO sorgten für stetiges, kumulatives Wachstum über alle Kanäle.\", \"ui_feedback_placeholder_3\": \"Klare Reports und planbare Lieferung — genau das, was wir zum Skalieren brauchten.\", \"ui_feedback_write_button\": \"Bewertung schreiben\", \"ui_feedback_modal_title\": \"Bewertung schreiben\", \"ui_common_close\": \"Schließen\", \"ui_feedback_submit\": \"Senden\", \"ui_feedback_sending\": \"Wird gesendet...\", \"ui_feedback_field_name\": \"Vollständiger Name *\", \"ui_feedback_field_email\": \"E-Mail *\", \"ui_feedback_field_rating\": \"Bewertung *\", \"ui_feedback_field_comment\": \"Kommentar *\", \"ui_feedback_error_name\": \"Name ist erforderlich.\", \"ui_feedback_error_email\": \"Bitte geben Sie eine gültige E-Mail-Adresse ein.\", \"ui_feedback_error_comment\": \"Kommentar ist erforderlich.\", \"ui_feedback_error_generic\": \"Ihre Bewertung konnte nicht gesendet werden. Bitte versuchen Sie es erneut.\", \"ui_feedback_success\": \"Vielen Dank! Ihre Bewertung wurde gesendet.\", \"ui_feedback_form_title\": \"Bewertung abgeben\", \"ui_feedback_form_open\": \"Bewertung schreiben\", \"ui_feedback_form_close\": \"Schließen\", \"ui_feedback_form_name_label\": \"Ihr Name\", \"ui_feedback_form_email_label\": \"E-Mail-Adresse\", \"ui_feedback_form_rating_label\": \"Ihre Bewertung\", \"ui_feedback_form_comment_label\": \"Ihr Kommentar\", \"ui_feedback_form_submit\": \"Bewertung senden\", \"ui_feedback_form_submitting\": \"Wird gesendet...\", \"ui_feedback_form_success\": \"Ihre Bewertung wurde empfangen. Vielen Dank!\", \"ui_feedback_form_error\": \"Beim Senden der Bewertung ist ein Fehler aufgetreten.\", \"ui_feedback_form_required\": \"Dieses Feld ist erforderlich.\", \"ui_feedback_list_title\": \"Kundenbewertungen\", \"ui_feedback_list_no_reviews\": \"Für diesen Inhalt gibt es noch keine Bewertungen.\", \"ui_feedback_list_avg_rating\": \"Durchschnittliche Bewertung\", \"ui_feedback_list_reviews_suffix\": \"Bewertungen\", \"ui_feedback_list_helpful\": \"Hilfreich\", \"ui_feedback_list_like\": \"Als hilfreich markieren\", \"ui_feedback_list_liked\": \"Danke\", \"ui_feedback_list_error\": \"Bei der Verarbeitung ist ein Fehler aufgetreten.\", \"ui_feedback_list_loading\": \"Bewertungen werden geladen...\"}','2026-01-02 03:32:21.734','2026-01-02 03:32:21.734'),
('a61ed46d-e78b-11f0-9483-e768515de04d','ui_hero','tr','{\"ui_hero_kicker_prefix\": \"Ensotek\", \"ui_hero_kicker_brand\": \"Mühendislik\", \"ui_hero_title_fallback\": \"Endüstriyel su soğutma kulelerinde uzman çözüm ortağınız\", \"ui_hero_desc_fallback\": \"Enerji santralleri, endüstriyel tesisler ve ticari binalar için yüksek verimli su soğutma kulesi tasarım, imalat, montaj ve devreye alma hizmetleri sunuyoruz.\", \"ui_hero_cta\": \"Teklif Al\", \"ui_hero_prev\": \"Önceki görsel\", \"ui_hero_next\": \"Sonraki görsel\"}','2026-01-02 03:32:21.762','2026-01-02 03:32:21.762'),
('a61ed8d8-e78b-11f0-9483-e768515de04d','ui_hero','en','{\"ui_hero_kicker_prefix\": \"Ensotek\", \"ui_hero_kicker_brand\": \"Engineering\", \"ui_hero_title_fallback\": \"Your expert partner in industrial cooling tower solutions\", \"ui_hero_desc_fallback\": \"We design, manufacture, install, and commission high-efficiency cooling tower systems for power plants, industrial facilities, and commercial buildings.\", \"ui_hero_cta\": \"Request a quote\", \"ui_hero_prev\": \"Previous slide\", \"ui_hero_next\": \"Next slide\"}','2026-01-02 03:32:21.762','2026-01-02 03:32:21.762'),
('a61edac1-e78b-11f0-9483-e768515de04d','ui_hero','de','{\"ui_hero_kicker_prefix\": \"Ensotek\", \"ui_hero_kicker_brand\": \"Engineering\", \"ui_hero_title_fallback\": \"Ihr erfahrener Partner für industrielle Kühlturmlösungen\", \"ui_hero_desc_fallback\": \"Wir planen, fertigen, montieren und nehmen hocheffiziente Kühlturmsysteme für Kraftwerke, Industrieanlagen und Gewerbegebäude in Betrieb.\", \"ui_hero_cta\": \"Angebot anfordern\", \"ui_hero_prev\": \"Vorherige Folie\", \"ui_hero_next\": \"Nächste Folie\"}','2026-01-02 03:32:21.762','2026-01-02 03:32:21.762'),
('a61fa908-e78b-11f0-9483-e768515de04d','ui_about','tr','{\"ui_about_page_title\": \"Hakkımızda\", \"ui_about_subprefix\": \"Ensotek\", \"ui_about_sublabel\": \"Hakkımızda\", \"ui_about_page_lead\": \"Deneyim, üretim gücü ve kalite standartlarımızla projelerinize güvenilir çözümler sunuyoruz.\", \"ui_about_page_description\": \"Ensotek hakkında bilgi, kurumsal yaklaşımımız ve faaliyet alanlarımız.\", \"ui_about_meta_title\": \"Hakkımızda | Ensotek\", \"ui_about_meta_description\": \"Ensotek hakkında bilgi, kurumsal yaklaşımımız ve faaliyet alanlarımız.\", \"ui_about_fallback_title\": \"Ensotek\", \"ui_about_empty\": \"Hakkımızda içeriği bulunamadı.\", \"ui_about_error\": \"İçerik yüklenemedi.\", \"ui_about_empty_text\": \"Ensotek’in kurumsal yaklaşımı ve üretim gücü burada yayınlanacaktır.\", \"ui_about_view_all\": \"Tümünü Gör\", \"ui_about_read_more\": \"Devamı\", \"ui_about_bullet_1_title\": \"Üretim & Kalite\", \"ui_about_bullet_1_text\": \"Kalite standartlarımız ve üretim gücümüz.\", \"ui_about_bullet_2_title\": \"Süreç & Destek\", \"ui_about_bullet_2_text\": \"Proje süreci boyunca hızlı ve şeffaf iletişim.\", \"ui_about_bullet_3_title\": \"Ar-Ge & Gelişim\", \"ui_about_bullet_3_text\": \"Sürekli iyileştirme yaklaşımıyla ürün geliştirme.\", \"ui_about_bullet_4_title\": \"Global Referanslar\", \"ui_about_bullet_4_text\": \"Yurt içi ve yurt dışında binlerce proje tecrübesi.\", \"ui_about_what_title\": \"Ne Yapıyoruz?\", \"ui_about_what_item_count\": \"4\", \"ui_about_what_item_1\": \"Proje analizi ve doğru ürün seçimi\", \"ui_about_what_item_2\": \"Üretim, sevkiyat ve montaj koordinasyonu\", \"ui_about_what_item_3\": \"Devreye alma ve performans takibi\", \"ui_about_what_item_4\": \"Satış sonrası bakım ve teknik destek\", \"ui_about_why_title\": \"Neden Ensotek?\", \"ui_about_why_item_count\": \"4\", \"ui_about_why_item_1\": \"40+ yıllık deneyim ve kurumsal üretim altyapısı\", \"ui_about_why_item_2\": \"Kalite standartları ve dokümantasyon disiplini\", \"ui_about_why_item_3\": \"Hızlı geri dönüş ve süreç şeffaflığı\", \"ui_about_why_item_4\": \"Uzun vadeli iş ortaklığı yaklaşımı\", \"ui_about_goal_title\": \"Hedefimiz\", \"ui_about_goal_text\": \"Müşterilerimiz için verimli, sürdürülebilir ve güvenilir soğutma çözümleri sunarken; kaliteyi ölçülebilir hale getirip süreçleri sürekli iyileştirmektir.\", \"ui_about_breadcrumb_home\": \"Anasayfa\", \"ui_about_breadcrumb_about\": \"Hakkımızda\", \"ui_about_section_content\": \"Kurumsal İçerik\", \"ui_about_section_panels\": \"Öne Çıkanlar\"}','2026-01-02 03:32:21.767','2026-01-02 03:32:21.767'),
('a61faeef-e78b-11f0-9483-e768515de04d','ui_about','en','{\"ui_about_page_title\": \"About Us\", \"ui_about_subprefix\": \"Ensotek\", \"ui_about_sublabel\": \"About\", \"ui_about_page_lead\": \"With experience, manufacturing strength, and quality standards, we deliver reliable solutions for your projects.\", \"ui_about_page_description\": \"Information about Ensotek, our corporate approach and capabilities.\", \"ui_about_meta_title\": \"About Us | Ensotek\", \"ui_about_meta_description\": \"Information about Ensotek, our corporate approach and capabilities.\", \"ui_about_fallback_title\": \"Ensotek\", \"ui_about_empty\": \"About content not found.\", \"ui_about_error\": \"Failed to load content.\", \"ui_about_empty_text\": \"Ensotek’s corporate approach and manufacturing capabilities will be published here.\", \"ui_about_view_all\": \"View all\", \"ui_about_read_more\": \"Read more\", \"ui_about_bullet_1_title\": \"Manufacturing & Quality\", \"ui_about_bullet_1_text\": \"Our quality standards and production capability.\", \"ui_about_bullet_2_title\": \"Process & Support\", \"ui_about_bullet_2_text\": \"Fast and transparent communication throughout the project.\", \"ui_about_bullet_3_title\": \"R&D & Improvement\", \"ui_about_bullet_3_text\": \"Continuous product improvement driven by feedback.\", \"ui_about_bullet_4_title\": \"Global References\", \"ui_about_bullet_4_text\": \"Experience across thousands of projects worldwide.\", \"ui_about_what_title\": \"What do we do?\", \"ui_about_what_item_count\": \"4\", \"ui_about_what_item_1\": \"Project analysis and correct product selection\", \"ui_about_what_item_2\": \"Production, shipment and installation coordination\", \"ui_about_what_item_3\": \"Commissioning and performance monitoring\", \"ui_about_what_item_4\": \"After-sales maintenance and technical support\", \"ui_about_why_title\": \"Why Ensotek?\", \"ui_about_why_item_count\": \"4\", \"ui_about_why_item_1\": \"40+ years of experience and robust manufacturing infrastructure\", \"ui_about_why_item_2\": \"Quality standards and disciplined documentation\", \"ui_about_why_item_3\": \"Fast response and transparent processes\", \"ui_about_why_item_4\": \"Long-term partnership approach\", \"ui_about_goal_title\": \"Our Goal\", \"ui_about_goal_text\": \"To deliver efficient, sustainable and reliable cooling solutions; while making quality measurable and continuously improving processes.\", \"ui_about_breadcrumb_home\": \"Home\", \"ui_about_breadcrumb_about\": \"About\", \"ui_about_section_content\": \"Corporate Content\", \"ui_about_section_panels\": \"Highlights\"}','2026-01-02 03:32:21.767','2026-01-02 03:32:21.767'),
('a61fb39a-e78b-11f0-9483-e768515de04d','ui_about','de','{\"ui_about_page_title\": \"Über uns\", \"ui_about_subprefix\": \"Ensotek\", \"ui_about_sublabel\": \"Über uns\", \"ui_about_page_lead\": \"Mit Erfahrung, Fertigungsstärke und Qualitätsstandards liefern wir zuverlässige Lösungen für Ihre Projekte.\", \"ui_about_page_description\": \"Informationen über Ensotek, unseren Unternehmensansatz und unsere Kompetenzen.\", \"ui_about_meta_title\": \"Über uns | Ensotek\", \"ui_about_meta_description\": \"Informationen über Ensotek, unseren Unternehmensansatz und unsere Kompetenzen.\", \"ui_about_fallback_title\": \"Ensotek\", \"ui_about_empty\": \"Über-uns-Inhalt nicht gefunden.\", \"ui_about_error\": \"Inhalt konnte nicht geladen werden.\", \"ui_about_empty_text\": \"Der Unternehmensansatz und die Fertigungskompetenz von Ensotek werden hier veröffentlicht.\", \"ui_about_view_all\": \"Alle anzeigen\", \"ui_about_read_more\": \"Mehr lesen\", \"ui_about_bullet_1_title\": \"Fertigung & Qualität\", \"ui_about_bullet_1_text\": \"Unsere Qualitätsstandards und Fertigungsstärke.\", \"ui_about_bullet_2_title\": \"Prozess & Support\", \"ui_about_bullet_2_text\": \"Schnelle und transparente Kommunikation während des Projekts.\", \"ui_about_bullet_3_title\": \"F&E & Weiterentwicklung\", \"ui_about_bullet_3_text\": \"Kontinuierliche Verbesserung durch Feedback und Forschung.\", \"ui_about_bullet_4_title\": \"Globale Referenzen\", \"ui_about_bullet_4_text\": \"Erfahrung aus tausenden Projekten national und international.\", \"ui_about_what_title\": \"Was machen wir?\", \"ui_about_what_item_count\": \"4\", \"ui_about_what_item_1\": \"Projektanalyse und passende Produktauswahl\", \"ui_about_what_item_2\": \"Koordination von Produktion, Versand und Montage\", \"ui_about_what_item_3\": \"Inbetriebnahme und Performance-Überwachung\", \"ui_about_what_item_4\": \"After-Sales-Wartung und technischer Support\", \"ui_about_why_title\": \"Warum Ensotek?\", \"ui_about_why_item_count\": \"4\", \"ui_about_why_item_1\": \"40+ Jahre Erfahrung und starke Fertigungsinfrastruktur\", \"ui_about_why_item_2\": \"Qualitätsstandards und konsequente Dokumentation\", \"ui_about_why_item_3\": \"Schnelle Rückmeldung und transparente Prozesse\", \"ui_about_why_item_4\": \"Langfristiger Partnerschaftsansatz\", \"ui_about_goal_title\": \"Unser Ziel\", \"ui_about_goal_text\": \"Effiziente, nachhaltige und zuverlässige Kühllösungen zu liefern; Qualität messbar zu machen und Prozesse kontinuierlich zu verbessern.\", \"ui_about_breadcrumb_home\": \"Startseite\", \"ui_about_breadcrumb_about\": \"Über uns\", \"ui_about_section_content\": \"Unternehmensinhalt\", \"ui_about_section_panels\": \"Highlights\"}','2026-01-02 03:32:21.767','2026-01-02 03:32:21.767'),
('a6206244-e78b-11f0-9483-e768515de04d','ui_mission_vision','tr','{\"ui_mission_vision_subprefix\": \"Ensotek\", \"ui_mission_vision_sublabel\": \"Misyon & Vizyon\", \"ui_mission_vision_page_title\": \"Misyonumuz - Vizyonumuz\", \"ui_mission_vision_page_lead\": \"Ensotek olarak süreçleri daha anlaşılır, daha güvenli ve daha verimli hale getirmek için çalışıyoruz.\", \"ui_mission_vision_meta_title\": \"Misyonumuz - Vizyonumuz | Ensotek\", \"ui_mission_vision_meta_description\": \"Ensotek misyonu ve vizyonu: şeffaf süreç yönetimi, ölçülebilir kalite ve sürdürülebilir değer üretimi.\", \"ui_mission_vision_badge_mission\": \"Misyon\", \"ui_mission_vision_badge_vision\": \"Vizyon\", \"ui_mission_vision_mission_sub\": \"Süreç yönetimi, şeffaf iletişim ve ölçülebilir kalite.\", \"ui_mission_vision_vision_sub\": \"Sürdürülebilirlik, güven ve uzun vadeli değer üretimi.\", \"ui_mission_vision_empty\": \"Misyon/Vizyon içeriği bulunamadı.\", \"ui_mission_vision_values_kicker\": \"Değerler\", \"ui_mission_vision_values_title\": \"Yaklaşımımız\", \"ui_mission_vision_value_trust_icon\": \"🛡️\", \"ui_mission_vision_value_trust_title\": \"GÜVEN\", \"ui_mission_vision_value_trust_sub\": \"Şeffaf süreç\", \"ui_mission_vision_value_speed_icon\": \"⚡\", \"ui_mission_vision_value_speed_title\": \"HIZ\", \"ui_mission_vision_value_speed_sub\": \"Hızlı dönüş\", \"ui_mission_vision_value_expertise_icon\": \"🧭\", \"ui_mission_vision_value_expertise_title\": \"UZMANLIK\", \"ui_mission_vision_value_expertise_sub\": \"Doğru yönlendirme\", \"ui_mission_vision_value_support_icon\": \"🤝\", \"ui_mission_vision_value_support_title\": \"DESTEK\", \"ui_mission_vision_value_support_sub\": \"Süreç boyunca\", \"ui_mission_vision_principles_kicker\": \"İlkeler\", \"ui_mission_vision_principles_title\": \"Temel İlkelerimiz\", \"ui_mission_vision_principle_1_title\": \"Şeffaflık\", \"ui_mission_vision_principle_1_desc\": \"Net bilgi, net süreç.\", \"ui_mission_vision_principle_2_title\": \"Doğruluk\", \"ui_mission_vision_principle_2_desc\": \"Güncel ve teyitli veriler.\", \"ui_mission_vision_principle_3_title\": \"Hızlı İletişim\", \"ui_mission_vision_principle_3_desc\": \"Kısa sürede geri dönüş.\", \"ui_mission_vision_principle_4_title\": \"Müşteri Odaklılık\", \"ui_mission_vision_principle_4_desc\": \"İhtiyaca uygun çözüm.\", \"ui_mission_vision_info_title\": \"İletişim Bilgileri\", \"ui_mission_vision_info_desc\": \"Proje, teklif veya teknik danışmanlık için hızlıca ulaşın.\", \"ui_mission_vision_cta_phone\": \"Telefon\", \"ui_mission_vision_cta_whatsapp\": \"WhatsApp\", \"ui_mission_vision_cta_form\": \"İletişim Formu\"}','2026-01-02 03:32:21.772','2026-01-02 03:32:21.772'),
('a6206883-e78b-11f0-9483-e768515de04d','ui_mission_vision','en','{\"ui_mission_vision_subprefix\": \"Ensotek\", \"ui_mission_vision_sublabel\": \"Mission & Vision\", \"ui_mission_vision_page_title\": \"Our Mission - Our Vision\", \"ui_mission_vision_page_lead\": \"At Ensotek, we work to make processes clearer, safer, and more efficient.\", \"ui_mission_vision_meta_title\": \"Our Mission - Our Vision | Ensotek\", \"ui_mission_vision_meta_description\": \"Ensotek mission and vision: transparent process management, measurable quality, and sustainable value creation.\", \"ui_mission_vision_badge_mission\": \"Mission\", \"ui_mission_vision_badge_vision\": \"Vision\", \"ui_mission_vision_mission_sub\": \"Process management, transparent communication, measurable quality.\", \"ui_mission_vision_vision_sub\": \"Sustainability, trust, and long-term value creation.\", \"ui_mission_vision_empty\": \"Mission/Vision content not found.\", \"ui_mission_vision_values_kicker\": \"Values\", \"ui_mission_vision_values_title\": \"Our Approach\", \"ui_mission_vision_value_trust_icon\": \"🛡️\", \"ui_mission_vision_value_trust_title\": \"TRUST\", \"ui_mission_vision_value_trust_sub\": \"Transparent process\", \"ui_mission_vision_value_speed_icon\": \"⚡\", \"ui_mission_vision_value_speed_title\": \"SPEED\", \"ui_mission_vision_value_speed_sub\": \"Fast response\", \"ui_mission_vision_value_expertise_icon\": \"🧭\", \"ui_mission_vision_value_expertise_title\": \"EXPERTISE\", \"ui_mission_vision_value_expertise_sub\": \"Right guidance\", \"ui_mission_vision_value_support_icon\": \"🤝\", \"ui_mission_vision_value_support_title\": \"SUPPORT\", \"ui_mission_vision_value_support_sub\": \"Throughout the process\", \"ui_mission_vision_principles_kicker\": \"Principles\", \"ui_mission_vision_principles_title\": \"Our Core Principles\", \"ui_mission_vision_principle_1_title\": \"Transparency\", \"ui_mission_vision_principle_1_desc\": \"Clear information, clear process.\", \"ui_mission_vision_principle_2_title\": \"Accuracy\", \"ui_mission_vision_principle_2_desc\": \"Up-to-date and verified data.\", \"ui_mission_vision_principle_3_title\": \"Fast Communication\", \"ui_mission_vision_principle_3_desc\": \"Quick turnaround.\", \"ui_mission_vision_principle_4_title\": \"Customer Focus\", \"ui_mission_vision_principle_4_desc\": \"Solution tailored to needs.\", \"ui_mission_vision_info_title\": \"Contact Information\", \"ui_mission_vision_info_desc\": \"Reach us quickly for projects, quotes, or technical consulting.\", \"ui_mission_vision_cta_phone\": \"Phone\", \"ui_mission_vision_cta_whatsapp\": \"WhatsApp\", \"ui_mission_vision_cta_form\": \"Contact Form\"}','2026-01-02 03:32:21.772','2026-01-02 03:32:21.772'),
('a620a065-e78b-11f0-9483-e768515de04d','ui_mission_vision','de','{\"ui_mission_vision_subprefix\": \"Ensotek\", \"ui_mission_vision_sublabel\": \"Mission & Vision\", \"ui_mission_vision_page_title\": \"Unsere Mission - Unsere Vision\", \"ui_mission_vision_page_lead\": \"Bei Ensotek arbeiten wir daran, Prozesse verständlicher, sicherer und effizienter zu machen.\", \"ui_mission_vision_meta_title\": \"Unsere Mission - Unsere Vision | Ensotek\", \"ui_mission_vision_meta_description\": \"Ensotek Mission und Vision: transparentes Prozessmanagement, messbare Qualität und nachhaltige Wertschöpfung.\", \"ui_mission_vision_badge_mission\": \"Mission\", \"ui_mission_vision_badge_vision\": \"Vision\", \"ui_mission_vision_mission_sub\": \"Prozessmanagement, transparente Kommunikation, messbare Qualität.\", \"ui_mission_vision_vision_sub\": \"Nachhaltigkeit, Vertrauen und langfristige Wertschöpfung.\", \"ui_mission_vision_empty\": \"Mission/Vision-Inhalt nicht gefunden.\", \"ui_mission_vision_values_kicker\": \"Werte\", \"ui_mission_vision_values_title\": \"Unser Ansatz\", \"ui_mission_vision_value_trust_icon\": \"🛡️\", \"ui_mission_vision_value_trust_title\": \"VERTRAUEN\", \"ui_mission_vision_value_trust_sub\": \"Transparenter Prozess\", \"ui_mission_vision_value_speed_icon\": \"⚡\", \"ui_mission_vision_value_speed_title\": \"SCHNELLIGKEIT\", \"ui_mission_vision_value_speed_sub\": \"Schnelle Rückmeldung\", \"ui_mission_vision_value_expertise_icon\": \"🧭\", \"ui_mission_vision_value_expertise_title\": \"KOMPETENZ\", \"ui_mission_vision_value_expertise_sub\": \"Richtige Einordnung\", \"ui_mission_vision_value_support_icon\": \"🤝\", \"ui_mission_vision_value_support_title\": \"SUPPORT\", \"ui_mission_vision_value_support_sub\": \"Während des Prozesses\", \"ui_mission_vision_principles_kicker\": \"Prinzipien\", \"ui_mission_vision_principles_title\": \"Unsere Grundprinzipien\", \"ui_mission_vision_principle_1_title\": \"Transparenz\", \"ui_mission_vision_principle_1_desc\": \"Klare Informationen, klarer Prozess.\", \"ui_mission_vision_principle_2_title\": \"Genauigkeit\", \"ui_mission_vision_principle_2_desc\": \"Aktuelle und verifizierte Daten.\", \"ui_mission_vision_principle_3_title\": \"Schnelle Kommunikation\", \"ui_mission_vision_principle_3_desc\": \"Rasche Rückmeldung.\", \"ui_mission_vision_principle_4_title\": \"Kundenorientierung\", \"ui_mission_vision_principle_4_desc\": \"Lösung passend zum Bedarf.\", \"ui_mission_vision_info_title\": \"Kontaktinformationen\", \"ui_mission_vision_info_desc\": \"Kontaktieren Sie uns schnell für Projekte, Angebote oder technische Beratung.\", \"ui_mission_vision_cta_phone\": \"Telefon\", \"ui_mission_vision_cta_whatsapp\": \"WhatsApp\", \"ui_mission_vision_cta_form\": \"Kontaktformular\"}','2026-01-02 03:32:21.772','2026-01-02 03:32:21.772'),
('a620d8ff-e78b-11f0-9483-e768515de04d','ui_mission','tr','{\"ui_mission_fallback_title\": \"Misyonumuz\", \"ui_mission_empty_text\": \"Misyon içeriği yakında burada yayınlanacaktır.\"}','2026-01-02 03:32:21.775','2026-01-02 03:32:21.775'),
('a620db86-e78b-11f0-9483-e768515de04d','ui_mission','en','{\"ui_mission_fallback_title\": \"Our Mission\", \"ui_mission_empty_text\": \"Mission content will be published here soon.\"}','2026-01-02 03:32:21.775','2026-01-02 03:32:21.775'),
('a620dc83-e78b-11f0-9483-e768515de04d','ui_mission','de','{\"ui_mission_fallback_title\": \"Unsere Mission\", \"ui_mission_empty_text\": \"Der Mission-Inhalt wird hier in Kürze veröffentlicht.\"}','2026-01-02 03:32:21.775','2026-01-02 03:32:21.775'),
('a62100ad-e78b-11f0-9483-e768515de04d','ui_vision','tr','{\"ui_vision_fallback_title\": \"Vizyonumuz\", \"ui_vision_empty_text\": \"Vizyon içeriği yakında burada yayınlanacaktır.\"}','2026-01-02 03:32:21.776','2026-01-02 03:32:21.776'),
('a621032d-e78b-11f0-9483-e768515de04d','ui_vision','en','{\"ui_vision_fallback_title\": \"Our Vision\", \"ui_vision_empty_text\": \"Vision content will be published here soon.\"}','2026-01-02 03:32:21.776','2026-01-02 03:32:21.776'),
('a62104ae-e78b-11f0-9483-e768515de04d','ui_vision','de','{\"ui_vision_fallback_title\": \"Unsere Vision\", \"ui_vision_empty_text\": \"Der Vision-Inhalt wird hier in Kürze veröffentlicht.\"}','2026-01-02 03:32:21.776','2026-01-02 03:32:21.776'),
('a621d62b-e78b-11f0-9483-e768515de04d','ui_quality','tr','{\"ui_quality_page_title\": \"Kalite\", \"ui_quality_page_description\": \"Ensotek kalite belgeleri ve kalite standartları hakkında bilgiler.\", \"ui_quality_meta_title\": \"Kalite Belgelerimiz & Kalite Standartlarımız | Ensotek\", \"ui_quality_meta_description\": \"Ensotek kalite belgeleri, kalite yönetim yaklaşımı ve standartlara uyum süreçleri hakkında bilgiler.\", \"ui_quality_title\": \"Kalite\", \"ui_quality_empty\": \"Kalite içeriği bulunamadı.\", \"ui_quality_error\": \"İçerik yüklenemedi.\", \"ui_quality_no_certificates\": \"Sertifika görseli bulunamadı.\", \"ui_quality_certificates_kicker\": \"Belgeler\", \"ui_quality_certificates_heading\": \"Sertifikalarımız\", \"ui_quality_certificates_desc\": \"Görselleri büyütmek için üzerine tıklayın.\", \"ui_quality_certificate_label\": \"Sertifika\", \"ui_quality_certificate_open\": \"Büyüt\", \"ui_quality_metrics_title\": \"Kalite Metrikleri\", \"ui_quality_metric_satisfaction\": \"Müşteri Memnuniyeti\", \"ui_quality_metric_satisfaction_desc\": \"Geri bildirim ortalaması\", \"ui_quality_metric_ontime\": \"Zamanında Teslimat\", \"ui_quality_metric_ontime_desc\": \"Planlanan termin\", \"ui_quality_metric_control\": \"Kalite Kontrol\", \"ui_quality_metric_control_desc\": \"Her işte kontrol\", \"ui_quality_metric_experience\": \"Deneyim\", \"ui_quality_metric_experience_desc\": \"Sektör tecrübesi\", \"ui_quality_metric_satisfaction_value\": \"98%\", \"ui_quality_metric_ontime_value\": \"95%\", \"ui_quality_metric_control_value\": \"100%\", \"ui_quality_metric_experience_value\": \"40+Yıl\", \"ui_quality_metric_count\": \"4\", \"ui_quality_metric_1_title\": \"Müşteri Memnuniyeti\", \"ui_quality_metric_1_desc\": \"Geri bildirim ortalaması\", \"ui_quality_metric_1_value\": \"98%\", \"ui_quality_metric_2_title\": \"Zamanında Teslimat\", \"ui_quality_metric_2_desc\": \"Planlanan termin\", \"ui_quality_metric_2_value\": \"95%\", \"ui_quality_metric_3_title\": \"Kalite Kontrol\", \"ui_quality_metric_3_desc\": \"Her işte kontrol\", \"ui_quality_metric_3_value\": \"100%\", \"ui_quality_metric_4_title\": \"Deneyim\", \"ui_quality_metric_4_desc\": \"Sektör tecrübesi\", \"ui_quality_metric_4_value\": \"40+Yıl\", \"ui_year\": \"40+Yıl\", \"ui_quality_intro_title\": \"Kalite Belgelerimiz & Kalite Standartlarımız\", \"ui_quality_intro_text\": \"Ensotek, ürün ve hizmet kalitesini uluslararası standartlar ile doğrular. Sertifikasyonlarımız; güvenilirlik, verimlilik ve sürdürülebilirlik odağımızın somut göstergesidir.\", \"ui_quality_standards_title\": \"Standartlarımız\", \"ui_quality_standards_lead\": \"Uyguladığımız kalite yönetim yaklaşımı; süreçlerin ölçülebilir yönetimini, risklerin kontrolünü ve sürekli iyileştirmeyi esas alır.\", \"ui_quality_commitment_title\": \"Kalite Taahhüdümüz\", \"ui_quality_commitment_text\": \"Ensotek; tasarım, üretim ve saha süreçlerinde standartlara uyum, izlenebilirlik ve sürekli iyileştirme yaklaşımıyla müşterilerine güvenilir çözümler sunmayı taahhüt eder.\", \"ui_quality_std_iso9001\": \"Kalite Yönetim Sistemi\", \"ui_quality_std_iso14001\": \"Çevre Yönetim Sistemi\", \"ui_quality_std_iso45001\": \"İş Sağlığı ve Güvenliği yaklaşımı\", \"ui_quality_std_compliance_title\": \"Uygunluk & standartlara uyum\", \"ui_quality_std_compliance_desc\": \"Ürün güvenliği ve dokümantasyon disiplinleri\", \"ui_quality_std_trace_title\": \"İzlenebilirlik\", \"ui_quality_std_trace_desc\": \"Malzeme/komponent takibi, üretim kayıtları ve kalite kontrol raporları\", \"ui_quality_std_capa_title\": \"Sürekli iyileştirme\", \"ui_quality_std_capa_desc\": \"Denetimler, DÖF/CAPA ve geri bildirim yönetimi\", \"ui_quality_std_item_count\": \"6\", \"ui_quality_std_item_1_strong\": \"ISO 9001\", \"ui_quality_std_item_1_title\": \"\", \"ui_quality_std_item_1_text\": \"Kalite Yönetim Sistemi\", \"ui_quality_std_item_2_strong\": \"ISO 14001\", \"ui_quality_std_item_2_title\": \"\", \"ui_quality_std_item_2_text\": \"Çevre Yönetim Sistemi\", \"ui_quality_std_item_3_strong\": \"ISO 45001 / OHSAS\", \"ui_quality_std_item_3_title\": \"\", \"ui_quality_std_item_3_text\": \"İş Sağlığı ve Güvenliği yaklaşımı\", \"ui_quality_std_item_4_strong\": \"Uygunluk & standartlara uyum\", \"ui_quality_std_item_4_title\": \"\", \"ui_quality_std_item_4_text\": \"Ürün güvenliği ve dokümantasyon disiplinleri\", \"ui_quality_std_item_5_strong\": \"İzlenebilirlik\", \"ui_quality_std_item_5_title\": \"\", \"ui_quality_std_item_5_text\": \"Malzeme/komponent takibi, üretim kayıtları ve kalite kontrol raporları\", \"ui_quality_std_item_6_strong\": \"Sürekli iyileştirme\", \"ui_quality_std_item_6_title\": \"\", \"ui_quality_std_item_6_text\": \"Denetimler, DÖF/CAPA ve geri bildirim yönetimi\", \"ui_quality_info_title\": \"İletişim Bilgileri\", \"ui_quality_info_desc\": \"Kalite belgeleri, proses yaklaşımı ve dokümantasyon hakkında bilgi almak için bize ulaşın.\", \"ui_phone\": \"Telefon\", \"ui_contact_form\": \"İletişim Formu\"}','2026-01-02 03:32:21.781','2026-01-02 03:32:21.781'),
('a621de98-e78b-11f0-9483-e768515de04d','ui_quality','en','{\"ui_quality_page_title\": \"Quality\", \"ui_quality_page_description\": \"Information about Ensotek quality certificates and quality standards.\", \"ui_quality_meta_title\": \"Quality Certificates & Standards | Ensotek\", \"ui_quality_meta_description\": \"Information about Ensotek quality certificates, quality management approach, and compliance with standards.\", \"ui_quality_title\": \"Quality\", \"ui_quality_empty\": \"Quality content not found.\", \"ui_quality_error\": \"Failed to load content.\", \"ui_quality_no_certificates\": \"No certificate images found.\", \"ui_quality_certificates_kicker\": \"Documents\", \"ui_quality_certificates_heading\": \"Our Certificates\", \"ui_quality_certificates_desc\": \"Click an image to enlarge.\", \"ui_quality_certificate_label\": \"Certificate\", \"ui_quality_certificate_open\": \"Open\", \"ui_quality_metrics_title\": \"Quality Metrics\", \"ui_quality_metric_satisfaction\": \"Customer Satisfaction\", \"ui_quality_metric_satisfaction_desc\": \"Average feedback score\", \"ui_quality_metric_ontime\": \"On-time Delivery\", \"ui_quality_metric_ontime_desc\": \"Planned deadline\", \"ui_quality_metric_control\": \"Quality Control\", \"ui_quality_metric_control_desc\": \"Checked on every job\", \"ui_quality_metric_experience\": \"Experience\", \"ui_quality_metric_experience_desc\": \"Industry expertise\", \"ui_quality_metric_satisfaction_value\": \"98%\", \"ui_quality_metric_ontime_value\": \"95%\", \"ui_quality_metric_control_value\": \"100%\", \"ui_quality_metric_experience_value\": \"40+Years\", \"ui_quality_metric_count\": \"4\", \"ui_quality_metric_1_title\": \"Customer Satisfaction\", \"ui_quality_metric_1_desc\": \"Average feedback score\", \"ui_quality_metric_1_value\": \"98%\", \"ui_quality_metric_2_title\": \"On-time Delivery\", \"ui_quality_metric_2_desc\": \"Planned deadline\", \"ui_quality_metric_2_value\": \"95%\", \"ui_quality_metric_3_title\": \"Quality Control\", \"ui_quality_metric_3_desc\": \"Checked on every job\", \"ui_quality_metric_3_value\": \"100%\", \"ui_quality_metric_4_title\": \"Experience\", \"ui_quality_metric_4_desc\": \"Industry expertise\", \"ui_quality_metric_4_value\": \"40+Years\", \"ui_year\": \"40+Years\", \"ui_quality_intro_title\": \"Our Quality Certificates & Standards\", \"ui_quality_intro_text\": \"Ensotek validates product and service quality with international standards. Our certifications are tangible proof of our focus on reliability, efficiency, and sustainability.\", \"ui_quality_standards_title\": \"Our Standards\", \"ui_quality_standards_lead\": \"Our quality management approach is based on measurable process control, risk management, and continuous improvement.\", \"ui_quality_commitment_title\": \"Our Quality Commitment\", \"ui_quality_commitment_text\": \"Ensotek commits to reliable solutions through standards compliance, traceability, and continuous improvement across design, production, and on-site processes.\", \"ui_quality_std_iso9001\": \"Quality Management System\", \"ui_quality_std_iso14001\": \"Environmental Management System\", \"ui_quality_std_iso45001\": \"Occupational Health & Safety approach\", \"ui_quality_std_compliance_title\": \"Compliance & adherence to standards\", \"ui_quality_std_compliance_desc\": \"Product safety and disciplined documentation\", \"ui_quality_std_trace_title\": \"Traceability\", \"ui_quality_std_trace_desc\": \"Material/component tracking, production records, and quality inspection reports\", \"ui_quality_std_capa_title\": \"Continuous improvement\", \"ui_quality_std_capa_desc\": \"Audits, CAPA management, and feedback handling\", \"ui_quality_std_item_count\": \"6\", \"ui_quality_std_item_1_strong\": \"ISO 9001\", \"ui_quality_std_item_1_title\": \"\", \"ui_quality_std_item_1_text\": \"Quality Management System\", \"ui_quality_std_item_2_strong\": \"ISO 14001\", \"ui_quality_std_item_2_title\": \"\", \"ui_quality_std_item_2_text\": \"Environmental Management System\", \"ui_quality_std_item_3_strong\": \"ISO 45001 / OHSAS\", \"ui_quality_std_item_3_title\": \"\", \"ui_quality_std_item_3_text\": \"Occupational Health & Safety approach\", \"ui_quality_std_item_4_strong\": \"Compliance & adherence to standards\", \"ui_quality_std_item_4_title\": \"\", \"ui_quality_std_item_4_text\": \"Product safety and disciplined documentation\", \"ui_quality_std_item_5_strong\": \"Traceability\", \"ui_quality_std_item_5_title\": \"\", \"ui_quality_std_item_5_text\": \"Material/component tracking, production records, and quality inspection reports\", \"ui_quality_std_item_6_strong\": \"Continuous improvement\", \"ui_quality_std_item_6_title\": \"\", \"ui_quality_std_item_6_text\": \"Audits, CAPA management, and feedback handling\", \"ui_quality_info_title\": \"Contact Information\", \"ui_quality_info_desc\": \"Contact us for details about quality documents, process approach, and documentation.\", \"ui_phone\": \"Phone\", \"ui_contact_form\": \"Contact Form\"}','2026-01-02 03:32:21.781','2026-01-02 03:32:21.781'),
('a62210ec-e78b-11f0-9483-e768515de04d','ui_quality','de','{\"ui_quality_page_title\": \"Qualität\", \"ui_quality_page_description\": \"Informationen zu Ensotek Qualitätszertifikaten und Qualitätsstandards.\", \"ui_quality_meta_title\": \"Zertifikate & Qualitätsstandards | Ensotek\", \"ui_quality_meta_description\": \"Informationen zu Ensotek Qualitätszertifikaten, Qualitätsmanagement und zur Einhaltung von Standards.\", \"ui_quality_title\": \"Qualität\", \"ui_quality_empty\": \"Qualitätsinhalt nicht gefunden.\", \"ui_quality_error\": \"Inhalt konnte nicht geladen werden.\", \"ui_quality_no_certificates\": \"Keine Zertifikatsbilder gefunden.\", \"ui_quality_certificates_kicker\": \"Dokumente\", \"ui_quality_certificates_heading\": \"Unsere Zertifikate\", \"ui_quality_certificates_desc\": \"Klicken Sie auf ein Bild, um es zu vergrößern.\", \"ui_quality_certificate_label\": \"Zertifikat\", \"ui_quality_certificate_open\": \"Öffnen\", \"ui_quality_metrics_title\": \"Qualitätsmetriken\", \"ui_quality_metric_satisfaction\": \"Kundenzufriedenheit\", \"ui_quality_metric_satisfaction_desc\": \"Durchschnittliches Feedback\", \"ui_quality_metric_ontime\": \"Termintreue\", \"ui_quality_metric_ontime_desc\": \"Geplanter Termin\", \"ui_quality_metric_control\": \"Qualitätskontrolle\", \"ui_quality_metric_control_desc\": \"Kontrolle bei jedem Auftrag\", \"ui_quality_metric_experience\": \"Erfahrung\", \"ui_quality_metric_experience_desc\": \"Branchenerfahrung\", \"ui_quality_metric_satisfaction_value\": \"98%\", \"ui_quality_metric_ontime_value\": \"95%\", \"ui_quality_metric_control_value\": \"100%\", \"ui_quality_metric_experience_value\": \"40+Jahre\", \"ui_quality_metric_count\": \"4\", \"ui_quality_metric_1_title\": \"Kundenzufriedenheit\", \"ui_quality_metric_1_desc\": \"Durchschnittliches Feedback\", \"ui_quality_metric_1_value\": \"98%\", \"ui_quality_metric_2_title\": \"Termintreue\", \"ui_quality_metric_2_desc\": \"Geplanter Termin\", \"ui_quality_metric_2_value\": \"95%\", \"ui_quality_metric_3_title\": \"Qualitätskontrolle\", \"ui_quality_metric_3_desc\": \"Kontrolle bei jedem Auftrag\", \"ui_quality_metric_3_value\": \"100%\", \"ui_quality_metric_4_title\": \"Erfahrung\", \"ui_quality_metric_4_desc\": \"Branchenerfahrung\", \"ui_quality_metric_4_value\": \"40+Jahre\", \"ui_year\": \"40+Jahre\", \"ui_quality_intro_title\": \"Unsere Qualitätszertifikate & Standards\", \"ui_quality_intro_text\": \"Ensotek bestätigt Produkt- und Servicequalität durch internationale Standards. Unsere Zertifizierungen sind ein konkreter Nachweis für Zuverlässigkeit, Effizienz und Nachhaltigkeit.\", \"ui_quality_standards_title\": \"Unsere Standards\", \"ui_quality_standards_lead\": \"Unser Qualitätsmanagement basiert auf messbarer Prozesssteuerung, Risikokontrolle und kontinuierlicher Verbesserung.\", \"ui_quality_commitment_title\": \"Unser Qualitätsversprechen\", \"ui_quality_commitment_text\": \"Ensotek verpflichtet sich zu zuverlässigen Lösungen durch Normkonformität, Rückverfolgbarkeit und kontinuierliche Verbesserung in Design-, Produktions- und Vor-Ort-Prozessen.\", \"ui_quality_std_iso9001\": \"Qualitätsmanagementsystem\", \"ui_quality_std_iso14001\": \"Umweltmanagementsystem\", \"ui_quality_std_iso45001\": \"Arbeitsschutz-Ansatz\", \"ui_quality_std_compliance_title\": \"Konformität & Normeinhaltung\", \"ui_quality_std_compliance_desc\": \"Produktsicherheit und konsequente Dokumentation\", \"ui_quality_std_trace_title\": \"Rückverfolgbarkeit\", \"ui_quality_std_trace_desc\": \"Material-/Komponentenverfolgung, Produktionsaufzeichnungen und Prüfberichte\", \"ui_quality_std_capa_title\": \"Kontinuierliche Verbesserung\", \"ui_quality_std_capa_desc\": \"Audits, CAPA-Maßnahmen und Feedback-Management\", \"ui_quality_std_item_count\": \"6\", \"ui_quality_std_item_1_strong\": \"ISO 9001\", \"ui_quality_std_item_1_title\": \"\", \"ui_quality_std_item_1_text\": \"Qualitätsmanagementsystem\", \"ui_quality_std_item_2_strong\": \"ISO 14001\", \"ui_quality_std_item_2_title\": \"\", \"ui_quality_std_item_2_text\": \"Umweltmanagementsystem\", \"ui_quality_std_item_3_strong\": \"ISO 45001 / OHSAS\", \"ui_quality_std_item_3_title\": \"\", \"ui_quality_std_item_3_text\": \"Arbeitsschutz-Ansatz\", \"ui_quality_std_item_4_strong\": \"Konformität & Normeinhaltung\", \"ui_quality_std_item_4_title\": \"\", \"ui_quality_std_item_4_text\": \"Produktsicherheit und konsequente Dokumentation\", \"ui_quality_std_item_5_strong\": \"Rückverfolgbarkeit\", \"ui_quality_std_item_5_title\": \"\", \"ui_quality_std_item_5_text\": \"Material-/Komponentenverfolgung, Produktionsaufzeichnungen und Prüfberichte\", \"ui_quality_std_item_6_strong\": \"Kontinuierliche Verbesserung\", \"ui_quality_std_item_6_title\": \"\", \"ui_quality_std_item_6_text\": \"Audits, CAPA-Maßnahmen und Feedback-Management\", \"ui_quality_info_title\": \"Kontaktinformationen\", \"ui_quality_info_desc\": \"Kontaktieren Sie uns für Informationen zu Qualitätsdokumenten, Prozessansatz und Dokumentation.\", \"ui_phone\": \"Telefon\", \"ui_contact_form\": \"Kontaktformular\"}','2026-01-02 03:32:21.781','2026-01-02 03:32:21.781'),
('a6233144-e78b-11f0-9483-e768515de04d','ui_kvkk','tr','{\"ui_kvkk_page_title\": \"KVKK\", \"ui_kvkk_fallback_title\": \"KVKK\", \"ui_kvkk_empty\": \"KVKK içeriği bulunamadı.\", \"ui_kvkk_empty_text\": \"KVKK içeriği yakında yayınlanacaktır.\", \"ui_kvkk_page_description\": \"Ensotek KVKK bilgilendirmesi: kişisel verilerin işlenmesi, hukuki sebepler, güvenlik önlemleri ve başvuru hakları.\", \"ui_kvkk_meta_title\": \"KVKK | Ensotek\", \"ui_kvkk_meta_description\": \"Ensotek KVKK bilgilendirmesi: kişisel verilerin işlenmesi, hukuki sebepler, güvenlik önlemleri ve başvuru hakları.\"}','2026-01-02 03:32:21.791','2026-01-02 03:32:21.791'),
('a62335c3-e78b-11f0-9483-e768515de04d','ui_kvkk','en','{\"ui_kvkk_page_title\": \"Privacy (KVKK)\", \"ui_kvkk_fallback_title\": \"Privacy (KVKK)\", \"ui_kvkk_empty\": \"KVKK content not found.\", \"ui_kvkk_empty_text\": \"The KVKK content will be published here soon.\", \"ui_kvkk_page_description\": \"Ensotek privacy notice: processing of personal data, legal bases, security measures, and data subject rights.\", \"ui_kvkk_meta_title\": \"Privacy (KVKK) | Ensotek\", \"ui_kvkk_meta_description\": \"Ensotek privacy notice: processing of personal data, legal bases, security measures, and data subject rights.\"}','2026-01-02 03:32:21.791','2026-01-02 03:32:21.791'),
('a62337c3-e78b-11f0-9483-e768515de04d','ui_kvkk','de','{\"ui_kvkk_page_title\": \"Datenschutz (KVKK)\", \"ui_kvkk_fallback_title\": \"Datenschutz (KVKK)\", \"ui_kvkk_empty\": \"KVKK-Inhalt nicht gefunden.\", \"ui_kvkk_empty_text\": \"Der KVKK-Inhalt wird hier in Kürze veröffentlicht.\", \"ui_kvkk_page_description\": \"Ensotek Datenschutzhinweis: Verarbeitung personenbezogener Daten, Rechtsgrundlagen, Sicherheitsmaßnahmen und Betroffenenrechte.\", \"ui_kvkk_meta_title\": \"Datenschutz (KVKK) | Ensotek\", \"ui_kvkk_meta_description\": \"Ensotek Datenschutzhinweis: Verarbeitung personenbezogener Daten, Rechtsgrundlagen, Sicherheitsmaßnahmen und Betroffenenrechte.\"}','2026-01-02 03:32:21.791','2026-01-02 03:32:21.791'),
('a624a91b-e78b-11f0-9483-e768515de04d','ui_legal_notice','tr','{\"ui_legal_notice_page_title\": \"Yasal Bilgilendirme\", \"ui_legal_notice_fallback_title\": \"Yasal Bilgilendirme\", \"ui_legal_notice_empty\": \"Yasal bilgilendirme içeriği bulunamadı.\", \"ui_legal_notice_empty_text\": \"Yasal bilgilendirme içeriği yakında yayınlanacaktır.\", \"ui_legal_notice_page_description\": \"Ensotek yasal bilgilendirme metni: sorumluluk reddi, harici bağlantılar, fikri mülkiyet ve sorumluluk sınırları.\", \"ui_legal_notice_meta_title\": \"Yasal Bilgilendirme | Ensotek\", \"ui_legal_notice_meta_description\": \"Ensotek yasal bilgilendirme metni: sorumluluk reddi, harici bağlantılar, fikri mülkiyet ve sorumluluk sınırları.\"}','2026-01-02 03:32:21.800','2026-01-02 03:32:21.800'),
('a624ad45-e78b-11f0-9483-e768515de04d','ui_legal_notice','en','{\"ui_legal_notice_page_title\": \"Legal Notice\", \"ui_legal_notice_fallback_title\": \"Legal Notice\", \"ui_legal_notice_empty\": \"Legal notice content not found.\", \"ui_legal_notice_empty_text\": \"The legal notice content will be published here soon.\", \"ui_legal_notice_page_description\": \"Ensotek legal notice: disclaimers, external links, intellectual property, and limitation of liability.\", \"ui_legal_notice_meta_title\": \"Legal Notice | Ensotek\", \"ui_legal_notice_meta_description\": \"Ensotek legal notice: disclaimers, external links, intellectual property, and limitation of liability.\"}','2026-01-02 03:32:21.800','2026-01-02 03:32:21.800'),
('a624af02-e78b-11f0-9483-e768515de04d','ui_legal_notice','de','{\"ui_legal_notice_page_title\": \"Impressum & Rechtliches\", \"ui_legal_notice_fallback_title\": \"Impressum & Rechtliches\", \"ui_legal_notice_empty\": \"Rechtlicher Hinweis nicht gefunden.\", \"ui_legal_notice_empty_text\": \"Der rechtliche Hinweis wird hier in Kürze veröffentlicht.\", \"ui_legal_notice_page_description\": \"Ensotek rechtlicher Hinweis: Haftungsausschluss, externe Links, geistiges Eigentum und Haftungsbeschränkung.\", \"ui_legal_notice_meta_title\": \"Impressum & Rechtliches | Ensotek\", \"ui_legal_notice_meta_description\": \"Ensotek rechtlicher Hinweis: Haftungsausschluss, externe Links, geistiges Eigentum und Haftungsbeschränkung.\"}','2026-01-02 03:32:21.800','2026-01-02 03:32:21.800'),
('a6266139-e78b-11f0-9483-e768515de04d','ui_privacy_notice','tr','{\"ui_privacy_notice_page_title\": \"Aydınlatma Metni\", \"ui_privacy_notice_fallback_title\": \"Aydınlatma Metni\", \"ui_privacy_notice_empty\": \"Aydınlatma metni içeriği bulunamadı.\", \"ui_privacy_notice_empty_text\": \"Aydınlatma metni içeriği yakında yayınlanacaktır.\", \"ui_privacy_notice_page_description\": \"Ensotek aydınlatma metni: veri sorumlusu, işleme amaçları, hukuki sebepler, aktarım ve ilgili kişi hakları.\", \"ui_privacy_notice_meta_title\": \"Aydınlatma Metni | Ensotek\", \"ui_privacy_notice_meta_description\": \"Ensotek aydınlatma metni: veri sorumlusu, işleme amaçları, hukuki sebepler, aktarım ve ilgili kişi hakları.\"}','2026-01-02 03:32:21.812','2026-01-02 03:32:21.812'),
('a6266541-e78b-11f0-9483-e768515de04d','ui_privacy_notice','en','{\"ui_privacy_notice_page_title\": \"Privacy Notice\", \"ui_privacy_notice_fallback_title\": \"Privacy Notice\", \"ui_privacy_notice_empty\": \"Privacy notice content not found.\", \"ui_privacy_notice_empty_text\": \"The privacy notice content will be published here soon.\", \"ui_privacy_notice_page_description\": \"Ensotek privacy notice: controller, purposes, legal grounds, transfers, retention, and data subject rights.\", \"ui_privacy_notice_meta_title\": \"Privacy Notice | Ensotek\", \"ui_privacy_notice_meta_description\": \"Ensotek privacy notice: controller, purposes, legal grounds, transfers, retention, and data subject rights.\"}','2026-01-02 03:32:21.812','2026-01-02 03:32:21.812'),
('a626670f-e78b-11f0-9483-e768515de04d','ui_privacy_notice','de','{\"ui_privacy_notice_page_title\": \"Datenschutzhinweis\", \"ui_privacy_notice_fallback_title\": \"Datenschutzhinweis\", \"ui_privacy_notice_empty\": \"Datenschutzhinweis nicht gefunden.\", \"ui_privacy_notice_empty_text\": \"Der Datenschutzhinweis wird hier in Kürze veröffentlicht.\", \"ui_privacy_notice_page_description\": \"Ensotek Datenschutzhinweis: Verantwortlicher, Zwecke, Rechtsgrundlagen, Übermittlungen, Aufbewahrung und Betroffenenrechte.\", \"ui_privacy_notice_meta_title\": \"Datenschutzhinweis | Ensotek\", \"ui_privacy_notice_meta_description\": \"Ensotek Datenschutzhinweis: Verantwortlicher, Zwecke, Rechtsgrundlagen, Übermittlungen, Aufbewahrung und Betroffenenrechte.\"}','2026-01-02 03:32:21.812','2026-01-02 03:32:21.812'),
('a628c0f7-e78b-11f0-9483-e768515de04d','ui_privacy_policy','tr','{\"ui_privacy_policy_page_title\": \"Gizlilik Politikası\", \"ui_privacy_policy_fallback_title\": \"Gizlilik Politikası\", \"ui_privacy_policy_empty\": \"Gizlilik politikası içeriği bulunamadı.\", \"ui_privacy_policy_empty_text\": \"Gizlilik politikası içeriği yakında yayınlanacaktır.\", \"ui_privacy_policy_page_description\": \"Ensotek gizlilik politikası: hangi verileri topluyoruz, hangi amaçlarla işliyoruz, saklama süreleri, güvenlik önlemleri ve haklarınız.\", \"ui_privacy_policy_meta_title\": \"Gizlilik Politikası | Ensotek\", \"ui_privacy_policy_meta_description\": \"Ensotek gizlilik politikası: hangi verileri topluyoruz, hangi amaçlarla işliyoruz, saklama süreleri, güvenlik önlemleri ve haklarınız.\"}','2026-01-02 03:32:21.827','2026-01-02 03:32:21.827'),
('a628c4a4-e78b-11f0-9483-e768515de04d','ui_privacy_policy','en','{\"ui_privacy_policy_page_title\": \"Privacy Policy\", \"ui_privacy_policy_fallback_title\": \"Privacy Policy\", \"ui_privacy_policy_empty\": \"Privacy policy content not found.\", \"ui_privacy_policy_empty_text\": \"The privacy policy content will be published here soon.\", \"ui_privacy_policy_page_description\": \"Ensotek privacy policy: what data we collect, purposes of processing, retention periods, security measures, and your rights.\", \"ui_privacy_policy_meta_title\": \"Privacy Policy | Ensotek\", \"ui_privacy_policy_meta_description\": \"Ensotek privacy policy: what data we collect, purposes of processing, retention periods, security measures, and your rights.\"}','2026-01-02 03:32:21.827','2026-01-02 03:32:21.827'),
('a628c63b-e78b-11f0-9483-e768515de04d','ui_privacy_policy','de','{\"ui_privacy_policy_page_title\": \"Datenschutzerklärung\", \"ui_privacy_policy_fallback_title\": \"Datenschutzerklärung\", \"ui_privacy_policy_empty\": \"Datenschutzerklärung nicht gefunden.\", \"ui_privacy_policy_empty_text\": \"Die Datenschutzerklärung wird hier in Kürze veröffentlicht.\", \"ui_privacy_policy_page_description\": \"Ensotek Datenschutzerklärung: welche Daten wir erheben, Zwecke der Verarbeitung, Speicherdauer, Sicherheitsmaßnahmen und Ihre Rechte.\", \"ui_privacy_policy_meta_title\": \"Datenschutzerklärung | Ensotek\", \"ui_privacy_policy_meta_description\": \"Ensotek Datenschutzerklärung: welche Daten wir erheben, Zwecke der Verarbeitung, Speicherdauer, Sicherheitsmaßnahmen und Ihre Rechte.\"}','2026-01-02 03:32:21.827','2026-01-02 03:32:21.827'),
('a6294c14-e78b-11f0-9483-e768515de04d','ui_terms','tr','{\"ui_terms_page_title\": \"Kullanım Koşulları\", \"ui_terms_fallback_title\": \"Kullanım Koşulları\", \"ui_terms_empty\": \"Kullanım koşulları içeriği bulunamadı.\", \"ui_terms_empty_text\": \"Kullanım koşulları içeriği yakında yayınlanacaktır.\", \"ui_terms_page_description\": \"Ensotek kullanım koşulları: site kullanımı, içerik hakları, sorumluluk sınırlamaları, dış bağlantılar ve güncellemeler.\", \"ui_terms_meta_title\": \"Kullanım Koşulları | Ensotek\", \"ui_terms_meta_description\": \"Ensotek kullanım koşulları: site kullanımı, içerik hakları, sorumluluk sınırlamaları, dış bağlantılar ve güncellemeler.\"}','2026-01-02 03:32:21.831','2026-01-02 03:32:21.831'),
('a6295052-e78b-11f0-9483-e768515de04d','ui_terms','en','{\"ui_terms_page_title\": \"Terms of Use\", \"ui_terms_fallback_title\": \"Terms of Use\", \"ui_terms_empty\": \"Terms content not found.\", \"ui_terms_empty_text\": \"The terms content will be published here soon.\", \"ui_terms_page_description\": \"Ensotek terms of use: website usage, content rights, limitation of liability, external links, and updates.\", \"ui_terms_meta_title\": \"Terms of Use | Ensotek\", \"ui_terms_meta_description\": \"Ensotek terms of use: website usage, content rights, limitation of liability, external links, and updates.\"}','2026-01-02 03:32:21.831','2026-01-02 03:32:21.831'),
('a62951f9-e78b-11f0-9483-e768515de04d','ui_terms','de','{\"ui_terms_page_title\": \"Nutzungsbedingungen\", \"ui_terms_fallback_title\": \"Nutzungsbedingungen\", \"ui_terms_empty\": \"Nutzungsbedingungen nicht gefunden.\", \"ui_terms_empty_text\": \"Die Nutzungsbedingungen werden hier in Kürze veröffentlicht.\", \"ui_terms_page_description\": \"Ensotek Nutzungsbedingungen: Nutzung der Website, Inhaltsrechte, Haftungsbeschränkung, externe Links und Aktualisierungen.\", \"ui_terms_meta_title\": \"Nutzungsbedingungen | Ensotek\", \"ui_terms_meta_description\": \"Ensotek Nutzungsbedingungen: Nutzung der Website, Inhaltsrechte, Haftungsbeschränkung, externe Links und Aktualisierungen.\"}','2026-01-02 03:32:21.831','2026-01-02 03:32:21.831'),
('a629c155-e78b-11f0-9483-e768515de04d','ui_cookie','tr','{\"cc_banner_title\": \"Çerez Tercihleri\", \"cc_banner_desc\": \"Sitemizin doğru şekilde çalışmasını sağlamak ve isteğe bağlı analiz yapmak için çerezler kullanıyoruz. Tercihlerinizi yönetebilirsiniz.\", \"cc_banner_link_policy\": \"Çerez Politikası\", \"cc_banner_btn_settings\": \"Çerez Ayarları\", \"cc_banner_btn_reject\": \"Tümünü Reddet\", \"cc_banner_btn_accept\": \"Tümünü Kabul Et\", \"cc_banner_aria_close\": \"Kapat\", \"cc_title\": \"Çerez Ayarları\", \"cc_description\": \"Hangi çerez kategorilerine izin verdiğinizi seçebilirsiniz. Gerekli çerezler her zaman açıktır.\", \"cc_label_necessary\": \"Gerekli\", \"cc_desc_necessary\": \"Sitenin temel işlevleri (oturum, güvenlik, dil tercihi gibi) için zorunludur.\", \"cc_label_analytics\": \"Analitik\", \"cc_desc_analytics\": \"Site trafiğini ve performansı anlamamıza yardımcı olur (ör. sayfa görüntüleme).\", \"cc_btn_cancel\": \"Vazgeç\", \"cc_btn_save\": \"Kaydet\", \"cc_aria_close\": \"Kapat\"}','2026-01-02 03:32:21.834','2026-01-02 03:32:21.834'),
('a629c4a7-e78b-11f0-9483-e768515de04d','ui_cookie','en','{\"cc_banner_title\": \"Cookie Preferences\", \"cc_banner_desc\": \"We use cookies to ensure the site works properly and to optionally analyze traffic. You can manage your preferences.\", \"cc_banner_link_policy\": \"Cookie Policy\", \"cc_banner_btn_settings\": \"Cookie Settings\", \"cc_banner_btn_reject\": \"Reject All\", \"cc_banner_btn_accept\": \"Accept All\", \"cc_banner_aria_close\": \"Close\", \"cc_title\": \"Cookie Settings\", \"cc_description\": \"You can choose which cookie categories you allow. Necessary cookies are always enabled.\", \"cc_label_necessary\": \"Necessary\", \"cc_desc_necessary\": \"Required for core functions (session, security, language preference, etc.).\", \"cc_label_analytics\": \"Analytics\", \"cc_desc_analytics\": \"Helps us understand traffic and performance (e.g., page views).\", \"cc_btn_cancel\": \"Cancel\", \"cc_btn_save\": \"Save\", \"cc_aria_close\": \"Close\"}','2026-01-02 03:32:21.834','2026-01-02 03:32:21.834'),
('a629c5e1-e78b-11f0-9483-e768515de04d','ui_cookie','de','{\"cc_banner_title\": \"Cookie-Einstellungen\", \"cc_banner_desc\": \"Wir verwenden Cookies, um die Website korrekt zu betreiben und optional den Traffic zu analysieren. Sie können Ihre Einstellungen verwalten.\", \"cc_banner_link_policy\": \"Cookie-Richtlinie\", \"cc_banner_btn_settings\": \"Cookie-Einstellungen\", \"cc_banner_btn_reject\": \"Alle ablehnen\", \"cc_banner_btn_accept\": \"Alle akzeptieren\", \"cc_banner_aria_close\": \"Schließen\", \"cc_title\": \"Cookie-Einstellungen\", \"cc_description\": \"Wählen Sie aus, welche Cookie-Kategorien Sie zulassen. Notwendige Cookies sind immer aktiv.\", \"cc_label_necessary\": \"Notwendig\", \"cc_desc_necessary\": \"Erforderlich für Kernfunktionen (Sitzung, Sicherheit, Spracheinstellungen usw.).\", \"cc_label_analytics\": \"Analyse\", \"cc_desc_analytics\": \"Hilft uns, Traffic und Performance zu verstehen (z. B. Seitenaufrufe).\", \"cc_btn_cancel\": \"Abbrechen\", \"cc_btn_save\": \"Speichern\", \"cc_aria_close\": \"Schließen\"}','2026-01-02 03:32:21.834','2026-01-02 03:32:21.834'),
('a629df56-e78b-11f0-9483-e768515de04d','ui_cookie_policy','tr','{\"ui_cookie_policy_page_title\": \"Çerez Politikası\", \"ui_cookie_policy_meta_title\": \"Çerez Politikası | Ensotek\", \"ui_cookie_policy_meta_description\": \"Ensotek çerez politikası: çerez kategorileri, amaçları ve tercih yönetimi.\", \"ui_cookie_policy_page_description\": \"Çerez kullanımımız ve tercihlerinizi nasıl yönetebileceğiniz hakkında bilgi edinin.\", \"ui_cookie_policy_fallback_title\": \"Çerez Politikası\", \"ui_cookie_policy_empty\": \"Çerez politikası içeriği bulunamadı.\", \"ui_cookie_policy_empty_text\": \"Çerez politikası içeriği yakında yayınlanacaktır.\"}','2026-01-02 03:32:21.834','2026-01-02 03:32:21.834'),
('a629e197-e78b-11f0-9483-e768515de04d','ui_cookie_policy','en','{\"ui_cookie_policy_page_title\": \"Cookie Policy\", \"ui_cookie_policy_meta_title\": \"Cookie Policy | Ensotek\", \"ui_cookie_policy_meta_description\": \"Ensotek cookie policy: cookie categories, purposes, and preference management.\", \"ui_cookie_policy_page_description\": \"Learn how we use cookies and how you can manage your preferences.\", \"ui_cookie_policy_fallback_title\": \"Cookie Policy\", \"ui_cookie_policy_empty\": \"Cookie policy content not found.\", \"ui_cookie_policy_empty_text\": \"Cookie policy content will be published soon.\"}','2026-01-02 03:32:21.834','2026-01-02 03:32:21.834'),
('a629e328-e78b-11f0-9483-e768515de04d','ui_cookie_policy','de','{\"ui_cookie_policy_page_title\": \"Cookie-Richtlinie\", \"ui_cookie_policy_meta_title\": \"Cookie-Richtlinie | Ensotek\", \"ui_cookie_policy_meta_description\": \"Ensotek Cookie-Richtlinie: Kategorien, Zwecke und Verwaltung Ihrer Einstellungen.\", \"ui_cookie_policy_page_description\": \"Erfahren Sie, wie wir Cookies verwenden und wie Sie Ihre Einstellungen verwalten können.\", \"ui_cookie_policy_fallback_title\": \"Cookie-Richtlinie\", \"ui_cookie_policy_empty\": \"Cookie-Richtlinie-Inhalt nicht gefunden.\", \"ui_cookie_policy_empty_text\": \"Der Inhalt der Cookie-Richtlinie wird bald veröffentlicht.\"}','2026-01-02 03:32:21.834','2026-01-02 03:32:21.834'),
('a62a6477-e78b-11f0-9483-e768515de04d','ui_references','tr','{\"ui_references_page_title\": \"Referanslarımız\", \"ui_references_title\": \"Referanslarımız\", \"ui_references_subprefix\": \"Ensotek\", \"ui_references_sublabel\": \"Referanslar\", \"ui_references_page_intro\": \"Yurt içi ve yurt dışında tamamladığımız projelerden seçili referanslarımız.\", \"ui_references_view_all\": \"Tüm Referanslar\", \"ui_references_prev\": \"Önceki\", \"ui_references_next\": \"Sonraki\", \"ui_references_tab_all\": \"Tümü\", \"ui_references_subtab_all\": \"Tümü\", \"ui_references_tab_fallback\": \"Kategori\", \"ui_references_subtab_fallback\": \"Alt Kategori\", \"ui_references_tab_other\": \"Diğer Projeler\", \"ui_references_empty\": \"Şu anda görüntülenecek referans bulunmamaktadır.\", \"ui_references_meta_line\": \"{total} kayıt · Sayfa {page} / {pages}\", \"ui_references_meta_single\": \"{total} kayıt görüntüleniyor\", \"ui_references_meta_title\": \"\", \"ui_references_meta_description\": \"\", \"ui_references_page_description\": \"\"}','2026-01-02 03:32:21.838','2026-01-02 03:32:21.838'),
('a62a69e5-e78b-11f0-9483-e768515de04d','ui_references','en','{\"ui_references_page_title\": \"Our References\", \"ui_references_title\": \"Our References\", \"ui_references_subprefix\": \"Ensotek\", \"ui_references_sublabel\": \"References\", \"ui_references_page_intro\": \"Selected references from our completed projects in Turkey and abroad.\", \"ui_references_view_all\": \"View all references\", \"ui_references_prev\": \"Previous\", \"ui_references_next\": \"Next\", \"ui_references_tab_all\": \"All\", \"ui_references_subtab_all\": \"All\", \"ui_references_tab_fallback\": \"Category\", \"ui_references_subtab_fallback\": \"Subcategory\", \"ui_references_tab_other\": \"Other Projects\", \"ui_references_empty\": \"There are no references to display at the moment.\", \"ui_references_meta_line\": \"{total} records · Page {page} of {pages}\", \"ui_references_meta_single\": \"{total} records displayed\", \"ui_references_meta_title\": \"\", \"ui_references_meta_description\": \"\", \"ui_references_page_description\": \"\"}','2026-01-02 03:32:21.838','2026-01-02 03:32:21.838'),
('a62a6be2-e78b-11f0-9483-e768515de04d','ui_references','de','{\"ui_references_page_title\": \"Unsere Referenzen\", \"ui_references_title\": \"Unsere Referenzen\", \"ui_references_subprefix\": \"Ensotek\", \"ui_references_sublabel\": \"Referenzen\", \"ui_references_page_intro\": \"Ausgewählte Referenzen aus unseren abgeschlossenen Projekten im In- und Ausland.\", \"ui_references_view_all\": \"Alle Referenzen anzeigen\", \"ui_references_prev\": \"Zurück\", \"ui_references_next\": \"Weiter\", \"ui_references_tab_all\": \"Alle\", \"ui_references_subtab_all\": \"Alle\", \"ui_references_tab_fallback\": \"Kategorie\", \"ui_references_subtab_fallback\": \"Unterkategorie\", \"ui_references_tab_other\": \"Weitere Projekte\", \"ui_references_empty\": \"Derzeit sind keine Referenzen verfügbar.\", \"ui_references_meta_line\": \"{total} Einträge · Seite {page} von {pages}\", \"ui_references_meta_single\": \"{total} Einträge angezeigt\", \"ui_references_meta_title\": \"\", \"ui_references_meta_description\": \"\", \"ui_references_page_description\": \"\"}','2026-01-02 03:32:21.838','2026-01-02 03:32:21.838'),
('a62b1afd-e78b-11f0-9483-e768515de04d','ui_news','tr','{\"ui_news_page_title\": \"Haberler\", \"ui_news_detail_page_title\": \"Haber Detayı\", \"ui_news_subprefix\": \"Ensotek\", \"ui_news_sublabel\": \"Haberler\", \"ui_news_title_prefix\": \"Güncel\", \"ui_news_title_mark\": \"Haberler\", \"ui_news_page_intro\": \"Ensotek ile ilgili güncel haberler, duyurular ve basın paylaşımlarımız.\", \"ui_news_read_more\": \"Devamını oku\", \"ui_news_read_more_aria\": \"haberin detayını görüntüle\", \"ui_news_view_all\": \"Tüm Haberler\", \"ui_news_untitled\": \"Başlıksız haber\", \"ui_news_empty\": \"Şu anda görüntülenecek haber bulunmamaktadır.\", \"ui_news_load_more\": \"Daha fazla yükle\", \"ui_news_back_to_list\": \"Tüm haberlere dön\", \"ui_news_loading\": \"Haber yükleniyor...\", \"ui_news_not_found\": \"Haber bulunamadı.\", \"ui_news_more_title\": \"Diğer Haberler\", \"ui_news_more_read_more\": \"Devamını oku\", \"ui_news_more_image_alt\": \"haber görseli\", \"ui_news_view_news\": \"Habere git\", \"ui_news_gallery_title\": \"Galeri\", \"ui_news_share_title\": \"Paylaş\", \"ui_news_sidebar_contact_title\": \"İletişim Bilgileri\", \"ui_news_reviews_title\": \"Yorumlar\", \"ui_news_write_comment\": \"Yorum Gönder\", \"ui_news_meta_title\": \"Haberler\", \"ui_news_meta_description\": \"Ensotek ile ilgili haberler, duyurular ve basın paylaşımları.\", \"ui_news_filter_all\": \"Tümü\", \"ui_news_other_title\": \"Diğer Haberler\"}','2026-01-02 03:32:21.842','2026-01-02 03:32:21.842'),
('a62b2088-e78b-11f0-9483-e768515de04d','ui_news','en','{\"ui_news_page_title\": \"News\", \"ui_news_detail_page_title\": \"News Detail\", \"ui_news_subprefix\": \"Ensotek\", \"ui_news_sublabel\": \"News\", \"ui_news_title_prefix\": \"Latest\", \"ui_news_title_mark\": \"News\", \"ui_news_page_intro\": \"Latest news, announcements and press releases about Ensotek.\", \"ui_news_read_more\": \"Read more\", \"ui_news_read_more_aria\": \"view news details\", \"ui_news_view_all\": \"All news\", \"ui_news_untitled\": \"Untitled news\", \"ui_news_empty\": \"There are no news items to display at the moment.\", \"ui_news_load_more\": \"Load more\", \"ui_news_back_to_list\": \"Back to all news\", \"ui_news_loading\": \"Loading news...\", \"ui_news_not_found\": \"News not found.\", \"ui_news_more_title\": \"More News\", \"ui_news_more_read_more\": \"Read more\", \"ui_news_more_image_alt\": \"news image\", \"ui_news_view_news\": \"View news\", \"ui_news_gallery_title\": \"Gallery\", \"ui_news_share_title\": \"Share\", \"ui_news_sidebar_contact_title\": \"Contact Info\", \"ui_news_reviews_title\": \"Reviews\", \"ui_news_write_comment\": \"Write a review\", \"ui_news_meta_title\": \"News\", \"ui_news_meta_description\": \"News, announcements and press releases about Ensotek.\", \"ui_news_filter_all\": \"All\", \"ui_news_other_title\": \"More News\"}','2026-01-02 03:32:21.842','2026-01-02 03:32:21.842'),
('a62b4f6a-e78b-11f0-9483-e768515de04d','ui_news','de','{\"ui_news_page_title\": \"Neuigkeiten\", \"ui_news_detail_page_title\": \"News-Detail\", \"ui_news_subprefix\": \"Ensotek\", \"ui_news_sublabel\": \"Neuigkeiten\", \"ui_news_title_prefix\": \"Aktuelle\", \"ui_news_title_mark\": \"Neuigkeiten\", \"ui_news_page_intro\": \"Aktuelle Neuigkeiten, Ankündigungen und Pressemitteilungen über Ensotek.\", \"ui_news_read_more\": \"Weiterlesen\", \"ui_news_read_more_aria\": \"News-Details anzeigen\", \"ui_news_view_all\": \"Alle News\", \"ui_news_untitled\": \"News ohne Titel\", \"ui_news_empty\": \"Derzeit sind keine News verfügbar.\", \"ui_news_load_more\": \"Mehr laden\", \"ui_news_back_to_list\": \"Zurück zu allen News\", \"ui_news_loading\": \"News werden geladen...\", \"ui_news_not_found\": \"News nicht gefunden.\", \"ui_news_more_title\": \"Weitere News\", \"ui_news_more_read_more\": \"Weiterlesen\", \"ui_news_more_image_alt\": \"News-Bild\", \"ui_news_view_news\": \"Zur News\", \"ui_news_gallery_title\": \"Galerie\", \"ui_news_share_title\": \"Teilen\", \"ui_news_sidebar_contact_title\": \"Kontaktinfo\", \"ui_news_reviews_title\": \"Bewertungen\", \"ui_news_write_comment\": \"Bewertung schreiben\", \"ui_news_meta_title\": \"Neuigkeiten\", \"ui_news_meta_description\": \"Neuigkeiten, Ankündigungen und Pressemitteilungen über Ensotek.\", \"ui_news_filter_all\": \"Alle\", \"ui_news_other_title\": \"Weitere News\"}','2026-01-02 03:32:21.842','2026-01-02 03:32:21.842'),
('a62bec53-e78b-11f0-9483-e768515de04d','ui_products','tr','{\"ui_products_kicker_prefix\": \"Ensotek\", \"ui_products_kicker_label\": \"Ürünlerimiz\", \"ui_products_section_title\": \"Ürünlerimiz\", \"ui_products_prev\": \"Önceki\", \"ui_products_next\": \"Sonraki\", \"ui_products_read_more\": \"Detayları görüntüle\", \"ui_products_read_more_aria\": \"ürün detayını görüntüle\", \"ui_products_view_all\": \"Tüm Ürünler\", \"ui_products_empty\": \"Şu anda görüntülenecek ürün bulunmamaktadır.\", \"ui_products_title_prefix\": \"Su Soğutma\", \"ui_products_title_mark\": \"Kuleleri\", \"ui_products_price_label\": \"Başlangıç fiyatı\", \"ui_products_page_title\": \"Ürünlerimiz\", \"ui_products_page_intro\": \"Endüstriyel su soğutma kuleleri ve tamamlayıcı ekipmanlara ait seçili ürünler.\", \"ui_products_meta_title\": \"Ürünlerimiz\", \"ui_products_meta_description\": \"Ensotek ürünleri: endüstriyel su soğutma kuleleri ve tamamlayıcı ekipmanlar. Teknik detaylar ve ürün seçenekleri.\", \"ui_products_detail_page_title\": \"Ürün\", \"ui_products_back_to_list\": \"Tüm ürünlere dön\", \"ui_products_loading\": \"Ürün yükleniyor...\", \"ui_products_not_found\": \"Ürün bulunamadı.\", \"ui_products_specs_title\": \"Teknik Özellikler\", \"ui_products_tags_title\": \"Etiketler\", \"ui_products_faqs_title\": \"Sık Sorulan Sorular\", \"ui_products_reviews_title\": \"Müşteri Yorumları\", \"ui_products_faqs_empty\": \"Bu ürün için kayıtlı SSS bulunmamaktadır.\", \"ui_products_reviews_empty\": \"Bu ürün için henüz yorum yapılmamıştır.\", \"ui_products_request_quote\": \"Teklif isteyiniz\", \"ui_products_gallery_title\": \"Galeri\", \"ui_products_share_title\": \"Paylaş\", \"ui_products_write_comment\": \"Yorum yaz\", \"ui_products_other_title\": \"Diğer Ürünler\", \"ui_products_sidebar_contact_title\": \"İletişim Bilgileri\", \"ui_products_detail_meta_title\": \"Ürün Detayı\", \"ui_products_detail_meta_description\": \"Ürün detayları, teknik özellikler ve teklif talebi için inceleyiniz.\", \"ui_products_more_title\": \"Diğer Ürünler\", \"ui_products_go_to_item\": \"Ürünü görüntüle\", \"ui_product_reviews_word\": \"yorum\", \"ui_product_review_customer_fallback\": \"Müşteri\", \"ui_product_review_prev_aria\": \"Önceki yorum\", \"ui_product_review_next_aria\": \"Sonraki yorum\", \"ui_product_review_summary_tpl\": \"{avg} / 5 · {count} {word}\"}','2026-01-02 03:32:21.847','2026-01-02 03:32:21.847'),
('a62bf24a-e78b-11f0-9483-e768515de04d','ui_products','en','{\"ui_products_kicker_prefix\": \"Ensotek\", \"ui_products_kicker_label\": \"Our Products\", \"ui_products_section_title\": \"Our Products\", \"ui_products_prev\": \"Previous\", \"ui_products_next\": \"Next\", \"ui_products_read_more\": \"View details\", \"ui_products_read_more_aria\": \"view product details\", \"ui_products_view_all\": \"All products\", \"ui_products_empty\": \"There are no products to display at the moment.\", \"ui_products_title_prefix\": \"Cooling\", \"ui_products_title_mark\": \"Towers\", \"ui_products_price_label\": \"Starting from\", \"ui_products_page_title\": \"Products\", \"ui_products_page_intro\": \"Selected products for industrial cooling towers and related equipment.\", \"ui_products_meta_title\": \"Products\", \"ui_products_meta_description\": \"Ensotek products: industrial cooling towers and related equipment. Explore technical details and product options.\", \"ui_products_detail_page_title\": \"Product\", \"ui_products_back_to_list\": \"Back to all products\", \"ui_products_loading\": \"Loading product...\", \"ui_products_not_found\": \"Product not found.\", \"ui_products_specs_title\": \"Technical Specifications\", \"ui_products_tags_title\": \"Tags\", \"ui_products_faqs_title\": \"Frequently Asked Questions\", \"ui_products_reviews_title\": \"Customer Reviews\", \"ui_products_faqs_empty\": \"There are no FAQs for this product yet.\", \"ui_products_reviews_empty\": \"There are no reviews for this product yet.\", \"ui_products_request_quote\": \"Request a quote\", \"ui_products_gallery_title\": \"Gallery\", \"ui_products_share_title\": \"Share\", \"ui_products_write_comment\": \"Write a review\", \"ui_products_other_title\": \"Other products\", \"ui_products_sidebar_contact_title\": \"Contact Info\", \"ui_products_detail_meta_title\": \"Product Detail\", \"ui_products_detail_meta_description\": \"View product details, technical specifications, and request a quote.\", \"ui_products_more_title\": \"More Products\", \"ui_products_go_to_item\": \"View product\", \"ui_product_reviews_word\": \"reviews\", \"ui_product_review_customer_fallback\": \"Customer\", \"ui_product_review_prev_aria\": \"Previous review\", \"ui_product_review_next_aria\": \"Next review\", \"ui_product_review_summary_tpl\": \"{avg} / 5 · {count} {word}\"}','2026-01-02 03:32:21.847','2026-01-02 03:32:21.847'),
('a62bf577-e78b-11f0-9483-e768515de04d','ui_products','de','{\"ui_products_kicker_prefix\": \"Ensotek\", \"ui_products_kicker_label\": \"Unsere Produkte\", \"ui_products_section_title\": \"Unsere Produkte\", \"ui_products_prev\": \"Zurück\", \"ui_products_next\": \"Weiter\", \"ui_products_read_more\": \"Details anzeigen\", \"ui_products_read_more_aria\": \"Produktdetails anzeigen\", \"ui_products_view_all\": \"Alle Produkte\", \"ui_products_empty\": \"Derzeit sind keine Produkte verfügbar.\", \"ui_products_title_prefix\": \"Kühl\", \"ui_products_title_mark\": \"Türme\", \"ui_products_price_label\": \"Ab\", \"ui_products_page_title\": \"Produkte\", \"ui_products_page_intro\": \"Ausgewählte Produkte für industrielle Kühltürme und zugehörige Ausrüstung.\", \"ui_products_meta_title\": \"Produkte\", \"ui_products_meta_description\": \"Ensotek Produkte: industrielle Kühltürme und zugehörige Ausrüstung. Technische Details und Produktoptionen entdecken.\", \"ui_products_detail_page_title\": \"Produkt\", \"ui_products_back_to_list\": \"Zurück zu allen Produkten\", \"ui_products_loading\": \"Produkt wird geladen...\", \"ui_products_not_found\": \"Produkt nicht gefunden.\", \"ui_products_specs_title\": \"Technische Spezifikationen\", \"ui_products_tags_title\": \"Tags\", \"ui_products_faqs_title\": \"Häufig gestellte Fragen\", \"ui_products_reviews_title\": \"Kundenbewertungen\", \"ui_products_faqs_empty\": \"Für dieses Produkt sind noch keine FAQs vorhanden.\", \"ui_products_reviews_empty\": \"Für dieses Produkt gibt es noch keine Bewertungen.\", \"ui_products_request_quote\": \"Angebot anfordern\", \"ui_products_gallery_title\": \"Galerie\", \"ui_products_share_title\": \"Teilen\", \"ui_products_write_comment\": \"Bewertung schreiben\", \"ui_products_other_title\": \"Weitere Produkte\", \"ui_products_sidebar_contact_title\": \"Kontaktinfo\", \"ui_products_detail_meta_title\": \"Produktdetails\", \"ui_products_detail_meta_description\": \"Produktdetails, technische Spezifikationen ansehen und ein Angebot anfordern.\", \"ui_products_more_title\": \"Weitere Produkte\", \"ui_products_go_to_item\": \"Produkt ansehen\", \"ui_product_reviews_word\": \"Bewertungen\", \"ui_product_review_customer_fallback\": \"Kunde\", \"ui_product_review_prev_aria\": \"Vorherige Bewertung\", \"ui_product_review_next_aria\": \"Nächste Bewertung\", \"ui_product_review_summary_tpl\": \"{avg} / 5 · {count} {word}\"}','2026-01-02 03:32:21.847','2026-01-02 03:32:21.847'),
('a62d7b1a-e78b-11f0-9483-e768515de04d','ui_spareparts','tr','{\"ui_spareparts_kicker_prefix\": \"Ensotek\", \"ui_spareparts_kicker_label\": \"Yedek Parçalar\", \"ui_spareparts_page_title\": \"Yedek Parçalar\", \"ui_spareparts_page_intro\": \"Su soğutma kuleleri için seçili yedek parçalar ve bakım bileşenleri.\", \"ui_spareparts_empty\": \"Şu anda görüntülenecek yedek parça bulunmamaktadır.\", \"ui_spareparts_detail_page_title\": \"Yedek Parça\", \"ui_spareparts_back_to_list\": \"Tüm yedek parçalara dön\", \"ui_spareparts_loading\": \"Yedek parça yükleniyor...\", \"ui_spareparts_not_found\": \"Yedek parça bulunamadı.\", \"ui_spareparts_specs_title\": \"Teknik Özellikler\", \"ui_spareparts_tags_title\": \"Etiketler\", \"ui_spareparts_faqs_title\": \"Sık Sorulan Sorular\", \"ui_spareparts_faqs_empty\": \"Bu yedek parça için kayıtlı SSS bulunmamaktadır.\", \"ui_spareparts_request_quote\": \"Teklif isteyiniz\", \"ui_spareparts_gallery_title\": \"Galeri\", \"ui_spareparts_share_title\": \"Paylaş\", \"ui_spareparts_write_comment\": \"Yorum yaz\", \"ui_spareparts_other_title\": \"Diğer Yedek Parçalar\", \"ui_spareparts_sidebar_contact_title\": \"İletişim Bilgileri\", \"ui_spareparts_detail_meta_title\": \"Yedek Parça Detayı\", \"ui_spareparts_detail_meta_description\": \"Yedek parça detayları, teknik özellikler ve teklif talebi için inceleyiniz.\", \"ui_spareparts_more_title\": \"Diğer Yedek Parçalar\", \"ui_spareparts_go_to_item\": \"Yedek parçayı görüntüle\", \"ui_spareparts_meta_title\": \"Yedek Parçalar\", \"ui_spareparts_meta_description\": \"Su soğutma kuleleri için yedek parçalar ve bakım bileşenleri.\"}','2026-01-02 03:32:21.858','2026-01-02 03:32:21.858'),
('a62d80c8-e78b-11f0-9483-e768515de04d','ui_spareparts','en','{\"ui_spareparts_kicker_prefix\": \"Ensotek\", \"ui_spareparts_kicker_label\": \"Spare Parts\", \"ui_spareparts_page_title\": \"Spare Parts\", \"ui_spareparts_page_intro\": \"Selected spare parts and maintenance components for cooling towers.\", \"ui_spareparts_empty\": \"There are no spare parts to display at the moment.\", \"ui_spareparts_detail_page_title\": \"Spare Part\", \"ui_spareparts_back_to_list\": \"Back to all spare parts\", \"ui_spareparts_loading\": \"Loading spare part...\", \"ui_spareparts_not_found\": \"Spare part not found.\", \"ui_spareparts_specs_title\": \"Technical Specifications\", \"ui_spareparts_tags_title\": \"Tags\", \"ui_spareparts_faqs_title\": \"Frequently Asked Questions\", \"ui_spareparts_faqs_empty\": \"There are no FAQs for this item yet.\", \"ui_spareparts_request_quote\": \"Request a quote\", \"ui_spareparts_gallery_title\": \"Gallery\", \"ui_spareparts_share_title\": \"Share\", \"ui_spareparts_write_comment\": \"Write a review\", \"ui_spareparts_other_title\": \"Other spare parts\", \"ui_spareparts_sidebar_contact_title\": \"Contact Info\", \"ui_spareparts_detail_meta_title\": \"Spare Part Detail\", \"ui_spareparts_detail_meta_description\": \"View spare part details, technical specifications, and request a quote.\", \"ui_spareparts_more_title\": \"More Spare Parts\", \"ui_spareparts_go_to_item\": \"View spare part\", \"ui_spareparts_meta_title\": \"Spare Parts\", \"ui_spareparts_meta_description\": \"Spare parts and maintenance components for cooling towers.\"}','2026-01-02 03:32:21.858','2026-01-02 03:32:21.858'),
('a62d8330-e78b-11f0-9483-e768515de04d','ui_spareparts','de','{\"ui_spareparts_kicker_prefix\": \"Ensotek\", \"ui_spareparts_kicker_label\": \"Ersatzteile\", \"ui_spareparts_page_title\": \"Ersatzteile\", \"ui_spareparts_page_intro\": \"Ausgewählte Ersatzteile und Wartungskomponenten für Kühltürme.\", \"ui_spareparts_empty\": \"Derzeit sind keine Ersatzteile verfügbar.\", \"ui_spareparts_detail_page_title\": \"Ersatzteil\", \"ui_spareparts_back_to_list\": \"Zurück zu allen Ersatzteilen\", \"ui_spareparts_loading\": \"Ersatzteil wird geladen...\", \"ui_spareparts_not_found\": \"Ersatzteil nicht gefunden.\", \"ui_spareparts_specs_title\": \"Technische Spezifikationen\", \"ui_spareparts_tags_title\": \"Tags\", \"ui_spareparts_faqs_title\": \"Häufig gestellte Fragen\", \"ui_spareparts_faqs_empty\": \"Für diesen Artikel sind noch keine FAQs vorhanden.\", \"ui_spareparts_request_quote\": \"Angebot anfordern\", \"ui_spareparts_gallery_title\": \"Galerie\", \"ui_spareparts_share_title\": \"Teilen\", \"ui_spareparts_write_comment\": \"Bewertung schreiben\", \"ui_spareparts_other_title\": \"Weitere Ersatzteile\", \"ui_spareparts_sidebar_contact_title\": \"Kontaktinfo\", \"ui_spareparts_detail_meta_title\": \"Ersatzteil-Details\", \"ui_spareparts_detail_meta_description\": \"Ersatzteil-Details ansehen, technische Spezifikationen prüfen und ein Angebot anfordern.\", \"ui_spareparts_more_title\": \"Weitere Ersatzteile\", \"ui_spareparts_go_to_item\": \"Ersatzteil ansehen\", \"ui_spareparts_meta_title\": \"Ersatzteile\", \"ui_spareparts_meta_description\": \"Ersatzteile und Wartungskomponenten für Kühltürme.\"}','2026-01-02 03:32:21.858','2026-01-02 03:32:21.858'),
('a62ed273-e78b-11f0-9483-e768515de04d','ui_faqs','tr','{\"ui_faqs_subprefix\": \"Ensotek\", \"ui_faqs_sublabel\": \"Sıkça Sorulan Sorular\", \"ui_faqs_title_prefix\": \"Müşterilerimizden gelen\", \"ui_faqs_title_mark\": \"sorular\", \"ui_faqs_sample_one_q\": \"Örnek soru 1 nedir?\", \"ui_faqs_sample_one_a\": \"Bu bir örnek SSS içeriğidir.\", \"ui_faqs_sample_two_q\": \"Örnek soru 2 nedir?\", \"ui_faqs_sample_two_a\": \"İçerik girilene kadar bu alan placeholder olarak kullanılır.\", \"ui_faqs_cover_alt\": \"SSS kapak görseli\", \"ui_faqs_view_detail_aria\": \"SSS detayını görüntüle\", \"ui_faqs_view_detail\": \"Detayları görüntüle\", \"ui_faqs_view_all\": \"Tüm soruları görüntüle\", \"ui_faqs_page_title\": \"Sıkça Sorulan Sorular\", \"ui_faqs_kicker_prefix\": \"Ensotek\", \"ui_faqs_kicker_label\": \"Sıkça Sorulan Sorular\", \"ui_faqs_empty\": \"Şu anda görüntülenecek soru bulunmamaktadır.\", \"ui_faqs_intro\": \"Ensotek ürünleri, hizmetleri ve süreçleri hakkında sıkça sorulan soruların yanıtlarını burada bulabilirsiniz.\", \"ui_faqs_untitled\": \"Başlıksız soru\", \"ui_faqs_no_answer\": \"Bu soru için henüz cevap girilmemiştir.\", \"ui_faqs_footer_note\": \"Aradığınız cevabı bulamadıysanız lütfen bizimle iletişime geçin.\", \"ui_faqs_page_title_prefix\": \"Merak edilen\", \"ui_faqs_page_title_mark\": \"sorular\", \"ui_faqs_page_description\": \"Ensotek hakkında sıkça sorulan sorular ve cevapları.\", \"ui_faqs_meta_title\": \"Sıkça Sorulan Sorular\", \"ui_faqs_meta_description\": \"Ensotek hakkında sıkça sorulan sorular ve cevapları.\"}','2026-01-02 03:32:21.866','2026-01-02 03:32:21.866'),
('a630a6fa-e78b-11f0-9483-e768515de04d','ui_faqs','en','{\"ui_faqs_subprefix\": \"Ensotek\", \"ui_faqs_sublabel\": \"Frequently Asked Questions\", \"ui_faqs_title_prefix\": \"Frequently asked\", \"ui_faqs_title_mark\": \"questions\", \"ui_faqs_sample_one_q\": \"What is sample question 1?\", \"ui_faqs_sample_one_a\": \"This is a sample FAQ entry.\", \"ui_faqs_sample_two_q\": \"What is sample question 2?\", \"ui_faqs_sample_two_a\": \"Placeholder content until real FAQs are added.\", \"ui_faqs_cover_alt\": \"FAQ cover image\", \"ui_faqs_view_detail_aria\": \"view details\", \"ui_faqs_view_detail\": \"View details\", \"ui_faqs_view_all\": \"View all questions\", \"ui_faqs_page_title\": \"FAQs\", \"ui_faqs_kicker_prefix\": \"Ensotek\", \"ui_faqs_kicker_label\": \"Frequently Asked Questions\", \"ui_faqs_empty\": \"There are no FAQs to display at the moment.\", \"ui_faqs_intro\": \"Find answers to the most common questions about Ensotek products, services and processes.\", \"ui_faqs_untitled\": \"Untitled question\", \"ui_faqs_no_answer\": \"No answer has been provided for this question yet.\", \"ui_faqs_footer_note\": \"If you cannot find the answer you are looking for, please contact us.\", \"ui_faqs_page_title_prefix\": \"Common\", \"ui_faqs_page_title_mark\": \"questions\", \"ui_faqs_page_description\": \"Frequently asked questions and answers about Ensotek.\", \"ui_faqs_meta_title\": \"FAQs\", \"ui_faqs_meta_description\": \"Frequently asked questions and answers about Ensotek.\"}','2026-01-02 03:32:21.866','2026-01-02 03:32:21.866'),
('a630aa38-e78b-11f0-9483-e768515de04d','ui_faqs','de','{\"ui_faqs_subprefix\": \"Ensotek\", \"ui_faqs_sublabel\": \"Häufig gestellte Fragen\", \"ui_faqs_title_prefix\": \"Häufig gestellte\", \"ui_faqs_title_mark\": \"Fragen\", \"ui_faqs_sample_one_q\": \"Was ist Beispiel-Frage 1?\", \"ui_faqs_sample_one_a\": \"Dies ist ein Beispiel für einen FAQ-Eintrag.\", \"ui_faqs_sample_two_q\": \"Was ist Beispiel-Frage 2?\", \"ui_faqs_sample_two_a\": \"Platzhalterinhalt, bis echte FAQs hinzugefügt werden.\", \"ui_faqs_cover_alt\": \"FAQ-Titelbild\", \"ui_faqs_view_detail_aria\": \"Details anzeigen\", \"ui_faqs_view_detail\": \"Details anzeigen\", \"ui_faqs_view_all\": \"Alle Fragen anzeigen\", \"ui_faqs_page_title\": \"FAQs\", \"ui_faqs_kicker_prefix\": \"Ensotek\", \"ui_faqs_kicker_label\": \"Häufig gestellte Fragen\", \"ui_faqs_empty\": \"Derzeit sind keine FAQs verfügbar.\", \"ui_faqs_intro\": \"Hier finden Sie Antworten auf die häufigsten Fragen zu Ensotek Produkten, Dienstleistungen und Prozessen.\", \"ui_faqs_untitled\": \"Frage ohne Titel\", \"ui_faqs_no_answer\": \"Für diese Frage wurde noch keine Antwort hinterlegt.\", \"ui_faqs_footer_note\": \"Wenn Sie die gesuchte Antwort nicht finden, kontaktieren Sie uns bitte.\", \"ui_faqs_page_title_prefix\": \"Häufige\", \"ui_faqs_page_title_mark\": \"Fragen\", \"ui_faqs_page_description\": \"Häufig gestellte Fragen und Antworten über Ensotek.\", \"ui_faqs_meta_title\": \"FAQs\", \"ui_faqs_meta_description\": \"Häufig gestellte Fragen und Antworten über Ensotek.\"}','2026-01-02 03:32:21.866','2026-01-02 03:32:21.866'),
('a6315dc3-e78b-11f0-9483-e768515de04d','ui_team','tr','{\"ui_team_subprefix\": \"Ensotek\", \"ui_team_sublabel\": \"Uzman ekibimiz\", \"ui_team_title\": \"Mühendislik ekibimizle tanışın\", \"ui_team_read_more\": \"Detayları görüntüle\", \"ui_team_read_more_aria\": \"ekip üyesi detayını görüntüle\", \"ui_team_empty\": \"Şu anda görüntülenecek ekip üyesi bulunmamaktadır.\", \"ui_team_untitled\": \"İsimsiz ekip üyesi\", \"ui_team_role_fallback\": \"Uzman mühendis\", \"ui_team_page_title\": \"Ekibimiz\", \"ui_team_detail_page_title\": \"Ekip Üyesi\", \"ui_team_detail_back\": \"Ekibe geri dön\", \"ui_team_detail_back_aria\": \"ekip listesine geri dön\", \"ui_team_detail_empty\": \"Ekip üyesi bulunamadı.\", \"ui_team_detail_subprefix\": \"Ensotek\", \"ui_team_detail_sublabel\": \"Yönetim ekibimiz\", \"ui_team_detail_no_content\": \"Bu ekip üyesi için henüz ek bilgi girilmemiştir.\", \"ui_team_home_subtitle\": \"Uzman ekibimiz\", \"ui_team_home_title\": \"Uzman ekibimizle iş birliği yapalım\", \"ui_team_home_view_all\": \"Tümünü Gör\", \"ui_team_group_mgmt_title\": \"Yönetim ve Kurucu Ortaklar\", \"ui_team_group_eng_title\": \"Mühendislik Ekibi\", \"ui_team_group_service_title\": \"Saha ve Servis Ekibi\", \"ui_team_group_ft_title\": \"Dış Ticaret\", \"ui_team_nav_prev\": \"Önceki\", \"ui_team_nav_next\": \"Sonraki\"}','2026-01-02 03:32:21.884','2026-01-02 03:32:21.884'),
('a631626e-e78b-11f0-9483-e768515de04d','ui_team','en','{\"ui_team_subprefix\": \"Ensotek\", \"ui_team_sublabel\": \"Our expert team\", \"ui_team_title\": \"Meet our engineering team\", \"ui_team_read_more\": \"View details\", \"ui_team_read_more_aria\": \"view team member details\", \"ui_team_empty\": \"There are no team members to display at the moment.\", \"ui_team_untitled\": \"Unnamed team member\", \"ui_team_role_fallback\": \"Expert engineer\", \"ui_team_page_title\": \"Our Team\", \"ui_team_detail_page_title\": \"Team Member\", \"ui_team_detail_back\": \"Back to team\", \"ui_team_detail_back_aria\": \"back to team list\", \"ui_team_detail_empty\": \"Team member could not be found.\", \"ui_team_detail_subprefix\": \"Ensotek\", \"ui_team_detail_sublabel\": \"Management team\", \"ui_team_detail_no_content\": \"No additional information has been provided yet.\", \"ui_team_home_subtitle\": \"Our expert team\", \"ui_team_home_title\": \"Let\'s Collaborate With Our Expert Team\", \"ui_team_home_view_all\": \"View All\", \"ui_team_group_mgmt_title\": \"Management & Founders\", \"ui_team_group_eng_title\": \"Engineering Team\", \"ui_team_group_service_title\": \"Field & Service Team\", \"ui_team_group_ft_title\": \"Foreign Trade\", \"ui_team_nav_prev\": \"Previous\", \"ui_team_nav_next\": \"Next\"}','2026-01-02 03:32:21.884','2026-01-02 03:32:21.884'),
('a631653e-e78b-11f0-9483-e768515de04d','ui_team','de','{\"ui_team_subprefix\": \"Ensotek\", \"ui_team_sublabel\": \"Unser Expertenteam\", \"ui_team_title\": \"Lernen Sie unser Ingenieurteam kennen\", \"ui_team_read_more\": \"Details anzeigen\", \"ui_team_read_more_aria\": \"Details zum Teammitglied anzeigen\", \"ui_team_empty\": \"Derzeit sind keine Teammitglieder verfügbar.\", \"ui_team_untitled\": \"Teammitglied ohne Namen\", \"ui_team_role_fallback\": \"Fachingenieur\", \"ui_team_page_title\": \"Unser Team\", \"ui_team_detail_page_title\": \"Teammitglied\", \"ui_team_detail_back\": \"Zurück zum Team\", \"ui_team_detail_back_aria\": \"zurück zur Teamliste\", \"ui_team_detail_empty\": \"Teammitglied wurde nicht gefunden.\", \"ui_team_detail_subprefix\": \"Ensotek\", \"ui_team_detail_sublabel\": \"Management-Team\", \"ui_team_detail_no_content\": \"Es wurden noch keine zusätzlichen Informationen hinterlegt.\", \"ui_team_home_subtitle\": \"Unser Expertenteam\", \"ui_team_home_title\": \"Lassen Sie uns mit unserem Expertenteam zusammenarbeiten\", \"ui_team_home_view_all\": \"Alle ansehen\", \"ui_team_group_mgmt_title\": \"Management & Gründer\", \"ui_team_group_eng_title\": \"Ingenieurteam\", \"ui_team_group_service_title\": \"Außendienst & Service\", \"ui_team_group_ft_title\": \"Außenhandel\", \"ui_team_nav_prev\": \"Zurück\", \"ui_team_nav_next\": \"Weiter\"}','2026-01-02 03:32:21.884','2026-01-02 03:32:21.884'),
('a63230a1-e78b-11f0-9483-e768515de04d','ui_offer','tr','{\"ui_offer_page_title\": \"Teklif Talep Formu\", \"ui_offer_subprefix\": \"Ensotek\", \"ui_offer_section_label\": \"Teknik Teklifler\", \"ui_offer_heading_general\": \"Teklif Talep Formu\", \"ui_offer_subtitle\": \"İhtiyacınıza özel soğutma çözümleri ve teknik danışmanlık.\", \"ui_offer_description\": \"Formu doldurun, satış ekibimiz en kısa sürede sizinle iletişime geçsin.\", \"ui_offer_meta_title\": \"Teklif Talep Formu\", \"ui_offer_meta_description\": \"Teklif talep formunu doldurun; satış ekibimiz en kısa sürede sizinle iletişime geçsin.\", \"ui_offer_heading_product\": \"Bu ürün için teklif isteyin\", \"ui_offer_heading_service\": \"Bu hizmet için teklif isteyin\", \"ui_offer_intro_product\": \"Bu ürün için özel teklif talebi oluşturabilirsiniz.\", \"ui_offer_intro_service\": \"Bu hizmet için özel teklif talebi oluşturabilirsiniz.\", \"ui_offer_intro_general\": \"İhtiyaçlarınıza özel teklif talep edebilirsiniz.\", \"ui_offer_button_product\": \"Teklif sayfasına git\", \"ui_offer_button_service\": \"Teklif sayfasına git\", \"ui_offer_button_general\": \"Teklif iste\", \"ui_offer_form_heading\": \"Teklif Talep Formu\", \"ui_offer_form_intro\": \"Firmanız ve talebiniz ile ilgili bilgileri paylaşın; en kısa sürede size özel teklif ile dönüş yapalım.\", \"ui_offer_country_help\": \"Opsiyonel. Boş bırakabilir veya ISO-2 kodu (örn. TR, DE) girebilirsiniz. Daha uzun bir değer yazarsanız detaylarda yine kaydedilecektir.\", \"ui_offer_form_radio_general\": \"Genel teklif\", \"ui_offer_form_radio_product\": \"Ürün / Yedek Parça\", \"ui_offer_form_radio_service\": \"Hizmet (Mühendislik / Revizyon)\", \"ui_offer_form_general_text\": \"Genel teklif talebinizi kısaca açıklayınız.\", \"ui_offer_form_product_text\": \"İhtiyaç duyduğunuz kule ile ilgili teknik bilgileri doldurunuz.\", \"ui_offer_form_service_text\": \"Talep ettiğiniz hizmet ile ilgili bilgileri doldurunuz.\", \"ui_offer_form_error\": \"Teklif talebi gönderilirken bir hata oluştu. Lütfen daha sonra tekrar deneyin.\", \"ui_offer_form_success\": \"Teklif talebiniz alındı. Referans numarası: \", \"ui_offer_form_submit\": \"Teklif Talep Et\", \"ui_offer_form_submitting\": \"Gönderiliyor...\", \"ui_offer_form_kvkk_label\": \"KVKK / gizlilik politikası ve kullanım şartlarını okudum, kabul ediyorum. (zorunlu)\", \"ui_offer_form_marketing_label\": \"Kampanya ve bilgilendirme e-postaları almak istiyorum. (opsiyonel)\", \"ui_offer_form_kvkk_alert\": \"Lütfen KVKK / şartlar onayını işaretleyin.\", \"ui_offer_ph_company\": \"Firma *\", \"ui_offer_ph_contact_person\": \"İlgili Kişi *\", \"ui_offer_ph_position\": \"Pozisyon *\", \"ui_offer_ph_email\": \"E-posta *\", \"ui_offer_ph_phone\": \"Telefon *\", \"ui_offer_ph_country_code\": \"Ülke (opsiyonel)\", \"ui_offer_ph_locale\": \"Dil\", \"ui_offer_ph_general_notes\": \"İstenen ürün/hizmet, adet, detaylar...\", \"ui_offer_ph_product_select\": \"Lütfen bir ürün / yedek parça seçin\", \"ui_offer_ph_service_select\": \"Lütfen bir hizmet seçin\", \"ui_offer_ph_tower_process\": \"Kulenin kullanılacağı proses\", \"ui_offer_ph_city\": \"Şehir\", \"ui_offer_ph_district\": \"İlçe\", \"ui_offer_ph_water_flow\": \"Su Debisi (m³/h)\", \"ui_offer_ph_inlet_temp\": \"Giriş Sıcaklığı (°C)\", \"ui_offer_ph_outlet_temp\": \"Çıkış Sıcaklığı (°C)\", \"ui_offer_ph_wet_bulb\": \"Yaş Termometre Sıcaklığı (°C)\", \"ui_offer_ph_capacity\": \"Kapasite (kcal/h, kW)\", \"ui_offer_ph_water_quality\": \"Su Kalitesi\", \"ui_offer_ph_pool_type\": \"Havuz (FRP / beton vb.)\", \"ui_offer_ph_tower_location\": \"Kule Konumu (çelik şase / beton kaide)\", \"ui_offer_ph_existing_tower\": \"Mevcut kule var mı? (varsa model/yıl)\", \"ui_offer_ph_referral\": \"Bizi nereden duydunuz?\", \"ui_offer_ph_extra_notes\": \"Ek Notlar / Yorumlar\", \"ui_offer_ph_service_expectations\": \"Beklentileriniz, planlanan tarih, diğer notlar...\", \"ui_offer_products_loading\": \"Yükleniyor...\", \"ui_offer_products_error\": \"Ürün listesi yüklenemedi.\", \"ui_offer_services_loading\": \"Yükleniyor...\", \"ui_offer_services_error\": \"Hizmet listesi yüklenemedi.\", \"ui_offer_default_subject\": \"Teklif talebi\", \"ui_offer_whatsapp_default_message\": \"Merhaba, hizmetleriniz hakkında bilgi ve fiyat teklifi almak istiyorum.\", \"ui_offer_whatsapp_button_label\": \"WhatsApp ile yazın\", \"ui_offer_cta_title\": \"Soğutma kuleleriniz için en uygun çözümü birlikte planlayalım.\", \"ui_offer_cta_text\": \"Sisteminizi kısaca anlatın, mühendislik ekibimiz performans ve verimlilik odaklı bir çözüm önersin.\", \"ui_offer_cta_button\": \"Teklif iste\"}','2026-01-02 03:32:21.888','2026-01-02 03:32:21.888'),
('a6323def-e78b-11f0-9483-e768515de04d','ui_offer','en','{\"ui_offer_page_title\": \"Request an Offer\", \"ui_offer_subprefix\": \"Ensotek\", \"ui_offer_section_label\": \"Technical Offers\", \"ui_offer_heading_general\": \"Request an Offer\", \"ui_offer_subtitle\": \"Tailored cooling solutions and technical consulting.\", \"ui_offer_description\": \"Fill in the form and our sales team will contact you as soon as possible.\", \"ui_offer_meta_title\": \"Request an Offer\", \"ui_offer_meta_description\": \"Fill in the offer request form and our sales team will contact you as soon as possible.\", \"ui_offer_heading_product\": \"Request a quote for this product\", \"ui_offer_heading_service\": \"Request a quote for this service\", \"ui_offer_intro_product\": \"Fill in the form to request a tailored quotation for this product.\", \"ui_offer_intro_service\": \"Fill in the form to request a tailored quotation for this service.\", \"ui_offer_intro_general\": \"Request a tailored quotation for your needs.\", \"ui_offer_button_product\": \"Go to offer page\", \"ui_offer_button_service\": \"Go to offer page\", \"ui_offer_button_general\": \"Request an offer\", \"ui_offer_form_heading\": \"Request an Offer\", \"ui_offer_form_intro\": \"Share details about your company and request; we will get back to you with a tailored quotation.\", \"ui_offer_country_help\": \"Optional. You can leave this blank or enter ISO-2 (e.g., TR, DE). If you type a longer value, we will still keep it in the message details.\", \"ui_offer_form_radio_general\": \"General quote\", \"ui_offer_form_radio_product\": \"Product / Spare Part\", \"ui_offer_form_radio_service\": \"Service (Engineering / Retrofit)\", \"ui_offer_form_general_text\": \"Please describe your general quotation request.\", \"ui_offer_form_product_text\": \"Please fill in the technical details.\", \"ui_offer_form_service_text\": \"Please fill in the details for the requested service.\", \"ui_offer_form_error\": \"An error occurred while submitting your request. Please try again later.\", \"ui_offer_form_success\": \"Your request has been received. Reference no: \", \"ui_offer_form_submit\": \"Request an Offer\", \"ui_offer_form_submitting\": \"Submitting...\", \"ui_offer_form_kvkk_label\": \"I have read and accept the privacy policy and terms of use (mandatory).\", \"ui_offer_form_marketing_label\": \"I would like to receive promotional and information e-mails (optional).\", \"ui_offer_form_kvkk_alert\": \"Please accept the privacy terms.\", \"ui_offer_ph_company\": \"Company *\", \"ui_offer_ph_contact_person\": \"Contact Person *\", \"ui_offer_ph_position\": \"Position *\", \"ui_offer_ph_email\": \"E-mail *\", \"ui_offer_ph_phone\": \"Phone *\", \"ui_offer_ph_country_code\": \"Country (optional)\", \"ui_offer_ph_locale\": \"Locale\", \"ui_offer_ph_general_notes\": \"Requested product/service, quantity, details...\", \"ui_offer_ph_product_select\": \"Please select a product / spare part\", \"ui_offer_ph_service_select\": \"Please select a service\", \"ui_offer_ph_tower_process\": \"Process where the tower will be used\", \"ui_offer_ph_city\": \"City\", \"ui_offer_ph_district\": \"District\", \"ui_offer_ph_water_flow\": \"Water Flow Rate (m³/h)\", \"ui_offer_ph_inlet_temp\": \"Inlet Temperature (°C)\", \"ui_offer_ph_outlet_temp\": \"Outlet Temperature (°C)\", \"ui_offer_ph_wet_bulb\": \"Wet Bulb Temperature (°C)\", \"ui_offer_ph_capacity\": \"Capacity (kcal/h, kW)\", \"ui_offer_ph_water_quality\": \"Water Quality\", \"ui_offer_ph_pool_type\": \"Pool (FRP basin / concrete etc.)\", \"ui_offer_ph_tower_location\": \"Tower Location (steel frame / concrete base)\", \"ui_offer_ph_existing_tower\": \"Existing tower? (model/year if any)\", \"ui_offer_ph_referral\": \"How did you hear about us?\", \"ui_offer_ph_extra_notes\": \"Additional Notes / Comments\", \"ui_offer_ph_service_expectations\": \"Your expectations, planned date, other notes...\", \"ui_offer_products_loading\": \"Loading...\", \"ui_offer_products_error\": \"Failed to load product list.\", \"ui_offer_services_loading\": \"Loading...\", \"ui_offer_services_error\": \"Failed to load service list.\", \"ui_offer_default_subject\": \"Quotation request\", \"ui_offer_whatsapp_default_message\": \"Hello, I would like to get more information and a quotation about your services.\", \"ui_offer_whatsapp_button_label\": \"Write via WhatsApp\", \"ui_offer_cta_title\": \"Let’s design the most suitable cooling solution for your plant.\", \"ui_offer_cta_text\": \"Tell us briefly about your system and our engineering team will propose a performance-focused solution.\", \"ui_offer_cta_button\": \"Request a quote\"}','2026-01-02 03:32:21.888','2026-01-02 03:32:21.888'),
('a632965c-e78b-11f0-9483-e768515de04d','ui_offer','de','{\"ui_offer_page_title\": \"Angebot anfordern\", \"ui_offer_subprefix\": \"Ensotek\", \"ui_offer_section_label\": \"Technische Angebote\", \"ui_offer_heading_general\": \"Angebot anfordern\", \"ui_offer_subtitle\": \"Maßgeschneiderte Kühllösungen und technische Beratung.\", \"ui_offer_description\": \"Füllen Sie das Formular aus – unser Vertriebsteam meldet sich schnellstmöglich bei Ihnen.\", \"ui_offer_meta_title\": \"Angebot anfordern\", \"ui_offer_meta_description\": \"Füllen Sie das Angebotsformular aus – unser Vertriebsteam meldet sich schnellstmöglich bei Ihnen.\", \"ui_offer_heading_product\": \"Angebot für dieses Produkt anfordern\", \"ui_offer_heading_service\": \"Angebot für diese Dienstleistung anfordern\", \"ui_offer_intro_product\": \"Sie können ein individuelles Angebot für dieses Produkt anfordern.\", \"ui_offer_intro_service\": \"Sie können ein individuelles Angebot für diese Dienstleistung anfordern.\", \"ui_offer_intro_general\": \"Fordern Sie ein individuelles Angebot passend zu Ihren Anforderungen an.\", \"ui_offer_button_product\": \"Zur Angebotsseite\", \"ui_offer_button_service\": \"Zur Angebotsseite\", \"ui_offer_button_general\": \"Angebot anfordern\", \"ui_offer_form_heading\": \"Angebot anfordern\", \"ui_offer_form_intro\": \"Teilen Sie Informationen zu Ihrem Unternehmen und Ihrer Anfrage – wir melden uns zeitnah mit einem individuellen Angebot.\", \"ui_offer_country_help\": \"Optional. Sie können das Feld leer lassen oder einen ISO-2 Code (z. B. TR, DE) eingeben. Wenn Sie einen längeren Wert eingeben, wird dieser dennoch in den Details gespeichert.\", \"ui_offer_form_radio_general\": \"Allgemeines Angebot\", \"ui_offer_form_radio_product\": \"Produkt / Ersatzteil\", \"ui_offer_form_radio_service\": \"Service (Engineering / Retrofit)\", \"ui_offer_form_general_text\": \"Bitte beschreiben Sie Ihre allgemeine Angebotsanfrage kurz.\", \"ui_offer_form_product_text\": \"Bitte füllen Sie die technischen Details aus.\", \"ui_offer_form_service_text\": \"Bitte tragen Sie die Details zur gewünschten Dienstleistung ein.\", \"ui_offer_form_error\": \"Beim Senden Ihrer Anfrage ist ein Fehler aufgetreten. Bitte versuchen Sie es später erneut.\", \"ui_offer_form_success\": \"Ihre Anfrage wurde erhalten. Referenznummer: \", \"ui_offer_form_submit\": \"Angebot anfordern\", \"ui_offer_form_submitting\": \"Wird gesendet...\", \"ui_offer_form_kvkk_label\": \"Ich habe die Datenschutzrichtlinie und Nutzungsbedingungen gelesen und akzeptiere sie (erforderlich).\", \"ui_offer_form_marketing_label\": \"Ich möchte Aktions- und Informations-E-Mails erhalten (optional).\", \"ui_offer_form_kvkk_alert\": \"Bitte akzeptieren Sie die Datenschutz-/Nutzungsbedingungen.\", \"ui_offer_ph_company\": \"Unternehmen *\", \"ui_offer_ph_contact_person\": \"Ansprechpartner *\", \"ui_offer_ph_position\": \"Position *\", \"ui_offer_ph_email\": \"E-Mail *\", \"ui_offer_ph_phone\": \"Telefon *\", \"ui_offer_ph_country_code\": \"Land (optional)\", \"ui_offer_ph_locale\": \"Sprache\", \"ui_offer_ph_general_notes\": \"Gewünschtes Produkt/Service, Menge, Details...\", \"ui_offer_ph_product_select\": \"Bitte wählen Sie ein Produkt / Ersatzteil\", \"ui_offer_ph_service_select\": \"Bitte wählen Sie eine Dienstleistung\", \"ui_offer_ph_tower_process\": \"Prozess, in dem der Kühlturm eingesetzt wird\", \"ui_offer_ph_city\": \"Stadt\", \"ui_offer_ph_district\": \"Bezirk\", \"ui_offer_ph_water_flow\": \"Wasserdurchfluss (m³/h)\", \"ui_offer_ph_inlet_temp\": \"Eintrittstemperatur (°C)\", \"ui_offer_ph_outlet_temp\": \"Austrittstemperatur (°C)\", \"ui_offer_ph_wet_bulb\": \"Feuchtkugeltemperatur (°C)\", \"ui_offer_ph_capacity\": \"Leistung (kcal/h, kW)\", \"ui_offer_ph_water_quality\": \"Wasserqualität\", \"ui_offer_ph_pool_type\": \"Becken (GFK / Beton usw.)\", \"ui_offer_ph_tower_location\": \"Aufstellort (Stahlrahmen / Betonfundament)\", \"ui_offer_ph_existing_tower\": \"Bestehender Kühlturm? (Modell/Jahr falls vorhanden)\", \"ui_offer_ph_referral\": \"Wie haben Sie von uns erfahren?\", \"ui_offer_ph_extra_notes\": \"Zusätzliche Notizen / Kommentare\", \"ui_offer_ph_service_expectations\": \"Ihre Erwartungen, geplanter Termin, weitere Hinweise...\", \"ui_offer_products_loading\": \"Wird geladen...\", \"ui_offer_products_error\": \"Produktliste konnte nicht geladen werden.\", \"ui_offer_services_loading\": \"Wird geladen...\", \"ui_offer_services_error\": \"Dienstleistungsliste konnte nicht geladen werden.\", \"ui_offer_default_subject\": \"Angebotsanfrage\", \"ui_offer_whatsapp_default_message\": \"Hallo, ich möchte gerne mehr Informationen und ein Angebot zu Ihren Leistungen erhalten.\", \"ui_offer_whatsapp_button_label\": \"Per WhatsApp schreiben\", \"ui_offer_cta_title\": \"Lassen Sie uns gemeinsam die optimale Lösung für Ihre Kühltürme planen.\", \"ui_offer_cta_text\": \"Beschreiben Sie Ihr System kurz – unser Engineering-Team schlägt Ihnen eine leistungs- und effizienzorientierte Lösung vor.\", \"ui_offer_cta_button\": \"Angebot anfordern\"}','2026-01-02 03:32:21.888','2026-01-02 03:32:21.888'),
('a6335178-e78b-11f0-9483-e768515de04d','ui_catalog','tr','{\"ui_catalog_default_country_code\": \"TR\", \"ui_catalog_cta_title\": \"Katalog Talep Formu\", \"ui_catalog_cta_text\": \"Ürün kataloğunu talep edin. Talebiniz yöneticilere iletilecektir. (Müşteriye mail, admin panelden gönderilir.)\", \"ui_catalog_cta_button\": \"Katalog Talep Et\", \"ui_catalog_modal_title\": \"Katalog Talebi\", \"ui_catalog_submit_button\": \"Talebi Gönder\", \"ui_catalog_sending\": \"Gönderiliyor...\", \"ui_common_close\": \"Kapat\", \"ui_catalog_field_name\": \"Ad Soyad *\", \"ui_catalog_field_company\": \"Firma (opsiyonel)\", \"ui_catalog_field_email\": \"E-posta *\", \"ui_catalog_field_phone\": \"Telefon (opsiyonel)\", \"ui_catalog_field_country\": \"Ülke Kodu (opsiyonel)\", \"ui_catalog_field_message\": \"Mesaj (opsiyonel)\", \"ui_catalog_consent_terms\": \"KVKK / Şartlar’ı kabul ediyorum. *\", \"ui_catalog_consent_marketing\": \"Kampanya e-postaları almak istiyorum.\", \"ui_catalog_error_name_required\": \"Ad Soyad zorunludur.\", \"ui_catalog_error_email_invalid\": \"Geçerli bir e-posta girin.\", \"ui_catalog_error_terms_required\": \"Devam etmek için KVKK/Şartlar onayı zorunludur.\", \"ui_catalog_error_generic\": \"Talep gönderilemedi. Lütfen tekrar deneyin.\", \"ui_catalog_success_received\": \"Talebiniz alındı.\", \"ui_catalog_success_id\": \"Talep ID:\", \"ui_catalog_icon_alt\": \"Katalog talebi\", \"ui_catalog_close_aria\": \"Kapat\"}','2026-01-02 03:32:21.896','2026-01-02 03:32:21.896'),
('a63355de-e78b-11f0-9483-e768515de04d','ui_catalog','en','{\"ui_catalog_default_country_code\": \"DE\", \"ui_catalog_cta_title\": \"Catalog Request\", \"ui_catalog_cta_text\": \"Request the product catalog. Your request will be forwarded to admins. (Customer email is sent from the admin panel.)\", \"ui_catalog_cta_button\": \"Request Catalog\", \"ui_catalog_modal_title\": \"Catalog Request\", \"ui_catalog_submit_button\": \"Submit Request\", \"ui_catalog_sending\": \"Sending...\", \"ui_common_close\": \"Close\", \"ui_catalog_field_name\": \"Full Name *\", \"ui_catalog_field_company\": \"Company (optional)\", \"ui_catalog_field_email\": \"Email *\", \"ui_catalog_field_phone\": \"Phone (optional)\", \"ui_catalog_field_country\": \"Country Code (optional)\", \"ui_catalog_field_message\": \"Message (optional)\", \"ui_catalog_consent_terms\": \"I accept the terms/privacy policy. *\", \"ui_catalog_consent_marketing\": \"I want to receive marketing emails.\", \"ui_catalog_error_name_required\": \"Full name is required.\", \"ui_catalog_error_email_invalid\": \"Please enter a valid email.\", \"ui_catalog_error_terms_required\": \"You must accept the terms to continue.\", \"ui_catalog_error_generic\": \"Request failed. Please try again.\", \"ui_catalog_success_received\": \"Your request has been received.\", \"ui_catalog_success_id\": \"Request ID:\", \"ui_catalog_icon_alt\": \"Catalog request\", \"ui_catalog_close_aria\": \"Close\"}','2026-01-02 03:32:21.896','2026-01-02 03:32:21.896'),
('a63358b9-e78b-11f0-9483-e768515de04d','ui_catalog','de','{\"ui_catalog_default_country_code\": \"DE\", \"ui_catalog_cta_title\": \"Katalog anfordern\", \"ui_catalog_cta_text\": \"Fordern Sie den Produktkatalog an. Ihre Anfrage wird an die Administratoren weitergeleitet. (Die E-Mail an den Kunden wird im Admin-Panel versendet.)\", \"ui_catalog_cta_button\": \"Katalog anfordern\", \"ui_catalog_modal_title\": \"Kataloganfrage\", \"ui_catalog_submit_button\": \"Anfrage senden\", \"ui_catalog_sending\": \"Wird gesendet...\", \"ui_common_close\": \"Schließen\", \"ui_catalog_field_name\": \"Vor- und Nachname *\", \"ui_catalog_field_company\": \"Firma (optional)\", \"ui_catalog_field_email\": \"E-Mail *\", \"ui_catalog_field_phone\": \"Telefon (optional)\", \"ui_catalog_field_country\": \"Ländercode (optional)\", \"ui_catalog_field_message\": \"Nachricht (optional)\", \"ui_catalog_consent_terms\": \"Ich akzeptiere Datenschutz/AGB. *\", \"ui_catalog_consent_marketing\": \"Ich möchte Marketing-E-Mails erhalten.\", \"ui_catalog_error_name_required\": \"Vor- und Nachname ist erforderlich.\", \"ui_catalog_error_email_invalid\": \"Bitte geben Sie eine gültige E-Mail-Adresse ein.\", \"ui_catalog_error_terms_required\": \"Bitte akzeptieren Sie die Bedingungen, um fortzufahren.\", \"ui_catalog_error_generic\": \"Anfrage fehlgeschlagen. Bitte versuchen Sie es erneut.\", \"ui_catalog_success_received\": \"Ihre Anfrage wurde erhalten.\", \"ui_catalog_success_id\": \"Anfrage-ID:\", \"ui_catalog_icon_alt\": \"Kataloganfrage\", \"ui_catalog_close_aria\": \"Schließen\"}','2026-01-02 03:32:21.896','2026-01-02 03:32:21.896'),
('a633b5b2-e78b-11f0-9483-e768515de04d','ui_blog','tr','{\"ui_blog_loading\": \"Blog yükleniyor...\", \"ui_blog_not_found\": \"Blog yazısı bulunamadı.\", \"ui_blog_untitled\": \"Başlıksız içerik\", \"ui_blog_empty\": \"Şu anda görüntülenecek blog yazısı bulunmuyor.\", \"ui_blog_back_to_list\": \"Tüm blog yazılarına dön\", \"ui_blog_page_title\": \"Blog\", \"ui_blog_detail_page_title\": \"Blog Detayı\", \"ui_blog_subprefix\": \"Ensotek\", \"ui_blog_sublabel\": \"Blog\", \"ui_blog_page_intro\": \"Ensotek blog yazıları: teknik içerikler, duyurular ve güncellemeler.\", \"ui_blog_read_more\": \"Devamını oku\", \"ui_blog_read_more_aria\": \"blog detayını görüntüle\", \"ui_blog_share_title\": \"Paylaş\", \"ui_blog_write_comment\": \"Yorum yaz\", \"ui_blog_tags\": \"Etiketler\", \"ui_blog_other_blogs_title\": \"Diğer yazılar\", \"ui_blog_sidebar_contact_title\": \"İletişim Bilgileri\", \"ui_blog_sidebar_item_1\": \"\", \"ui_blog_sidebar_item_2\": \"\", \"ui_blog_sidebar_item_3\": \"\", \"ui_blog_sidebar_items\": [\"Teknik Bilgiler\", \"Ürün Notları\", \"Bakım Önerileri\", \"Verimlilik\", \"Saha Uygulamaları\"], \"ui_blog_accordion_items\": [{\"title\": \"Bu içerik ne anlatıyor?\", \"body\": \"Bu yazıda ele alınan konunun kapsamını, özetini ve pratikte nasıl uygulanacağını bulabilirsiniz.\"}, {\"title\": \"Uygulamada nelere dikkat edilmeli?\", \"body\": \"Kurulum/uygulama sırasında güvenlik, bakım ve performans açısından dikkat edilmesi gereken temel noktaları inceleyin.\"}, {\"title\": \"Sık sorulan sorular\", \"body\": \"Bu konu hakkında en çok merak edilen soruların kısa yanıtlarını burada bulabilirsiniz.\"}], \"ui_blog_meta_title\": \"Blog | Ensotek\", \"ui_blog_meta_description\": \"Ensotek blog: teknik içerikler, ürün duyuruları, bakım önerileri ve sektör güncellemeleri.\"}','2026-01-02 03:32:21.899','2026-01-02 03:32:21.927'),
('a633ba57-e78b-11f0-9483-e768515de04d','ui_blog','en','{\"ui_blog_loading\": \"Loading blog...\", \"ui_blog_not_found\": \"Blog post not found.\", \"ui_blog_untitled\": \"Untitled post\", \"ui_blog_empty\": \"There are no blog posts to display at the moment.\", \"ui_blog_back_to_list\": \"Back to all blog posts\", \"ui_blog_page_title\": \"Blog\", \"ui_blog_detail_page_title\": \"Blog Detail\", \"ui_blog_subprefix\": \"Ensotek\", \"ui_blog_sublabel\": \"Blog\", \"ui_blog_page_intro\": \"Ensotek blog posts, technical content, announcements and updates.\", \"ui_blog_read_more\": \"Read more\", \"ui_blog_read_more_aria\": \"view blog details\", \"ui_blog_share_title\": \"Share\", \"ui_blog_write_comment\": \"Write a review\", \"ui_blog_tags\": \"Tags\", \"ui_blog_other_blogs_title\": \"Other blogs\", \"ui_blog_sidebar_contact_title\": \"Contact Info\", \"ui_blog_sidebar_item_1\": \"\", \"ui_blog_sidebar_item_2\": \"\", \"ui_blog_sidebar_item_3\": \"\", \"ui_blog_sidebar_items\": [\"Technical Notes\", \"Product Updates\", \"Maintenance Tips\", \"Efficiency\", \"Field Practices\"], \"ui_blog_accordion_items\": [{\"title\": \"What is this post about?\", \"body\": \"You can find the scope, a short summary, and how to apply the topic in practice.\"}, {\"title\": \"What to consider in implementation?\", \"body\": \"Review the key points regarding safety, maintenance and performance during installation and operation.\"}, {\"title\": \"Frequently asked questions\", \"body\": \"Short answers to the most common questions about this topic.\"}], \"ui_blog_meta_title\": \"Blog | Ensotek\", \"ui_blog_meta_description\": \"Ensotek blog: technical content, product announcements, maintenance recommendations and industry updates.\"}','2026-01-02 03:32:21.899','2026-01-02 03:32:21.927'),
('a633bc8e-e78b-11f0-9483-e768515de04d','ui_blog','de','{\"ui_blog_loading\": \"Blog wird geladen...\", \"ui_blog_not_found\": \"Blogbeitrag nicht gefunden.\", \"ui_blog_untitled\": \"Ohne Titel\", \"ui_blog_empty\": \"Derzeit sind keine Blogbeiträge verfügbar.\", \"ui_blog_back_to_list\": \"Zurück zu allen Blogbeiträgen\", \"ui_blog_page_title\": \"Blog\", \"ui_blog_detail_page_title\": \"Blog-Details\", \"ui_blog_subprefix\": \"Ensotek\", \"ui_blog_sublabel\": \"Blog\", \"ui_blog_page_intro\": \"Ensotek Blogbeiträge: technische Inhalte, Ankündigungen und Updates.\", \"ui_blog_read_more\": \"Mehr lesen\", \"ui_blog_read_more_aria\": \"Blogdetails anzeigen\", \"ui_blog_share_title\": \"Teilen\", \"ui_blog_write_comment\": \"Bewertung schreiben\", \"ui_blog_tags\": \"Tags\", \"ui_blog_other_blogs_title\": \"Weitere Beiträge\", \"ui_blog_sidebar_contact_title\": \"Kontaktinformationen\", \"ui_blog_sidebar_item_1\": \"\", \"ui_blog_sidebar_item_2\": \"\", \"ui_blog_sidebar_item_3\": \"\", \"ui_blog_sidebar_items\": [\"Technische Hinweise\", \"Produkt-Updates\", \"Wartungstipps\", \"Effizienz\", \"Praxisbeispiele\"], \"ui_blog_accordion_items\": [{\"title\": \"Worum geht es in diesem Beitrag?\", \"body\": \"Hier finden Sie den Umfang, eine kurze Zusammenfassung und die praktische Anwendung des Themas.\"}, {\"title\": \"Worauf sollte man bei der Umsetzung achten?\", \"body\": \"Wichtige Punkte zu Sicherheit, Wartung und Leistung bei Installation und Betrieb.\"}, {\"title\": \"Häufig gestellte Fragen\", \"body\": \"Kurze Antworten auf die häufigsten Fragen zu diesem Thema.\"}], \"ui_blog_meta_title\": \"Blog | Ensotek\", \"ui_blog_meta_description\": \"Ensotek Blog: technische Inhalte, Produktankündigungen, Wartungsempfehlungen und Branchen-Updates.\"}','2026-01-02 03:32:21.899','2026-01-02 03:32:21.927'),
('a6353b80-e78b-11f0-9483-e768515de04d','ui_home','tr','{\"ui_home_h1\": \"Ensotek Su Soğutma Kuleleri ve Proses Soğutma Çözümleri\"}','2026-01-02 03:32:21.909','2026-01-02 03:32:21.909'),
('a6353e91-e78b-11f0-9483-e768515de04d','ui_home','en','{\"ui_home_h1\": \"Ensotek Cooling Towers and Process Cooling Solutions\"}','2026-01-02 03:32:21.909','2026-01-02 03:32:21.909'),
('a6353f94-e78b-11f0-9483-e768515de04d','ui_home','de','{\"ui_home_h1\": \"Ensotek Kühltürme und Prozesskühlung\"}','2026-01-02 03:32:21.909','2026-01-02 03:32:21.909'),
('a636cfce-e78b-11f0-9483-e768515de04d','ui_errors','tr','{\"ui_404_title\": \"Sayfa Bulunamadı\", \"ui_404_subtitle\": \"Aradığınız sayfa bulunamadı veya taşınmış olabilir.\", \"ui_404_back_home\": \"Ana Sayfaya Dön\", \"ui_500_title\": \"Bir Hata Oluştu\", \"ui_500_subtitle\": \"Beklenmeyen bir hata oluştu. Lütfen daha sonra tekrar deneyin.\", \"ui_500_try_again\": \"Tekrar Dene\", \"ui_generic_error\": \"Bir hata oluştu.\", \"ui_loading\": \"Yükleniyor...\"}','2026-01-02 03:32:21.919','2026-01-02 03:32:21.919'),
('a636d39c-e78b-11f0-9483-e768515de04d','ui_errors','en','{\"ui_404_title\": \"Page Not Found\", \"ui_404_subtitle\": \"The page you are looking for may have been moved or does not exist.\", \"ui_404_back_home\": \"Back To Home\", \"ui_500_title\": \"Something Went Wrong\", \"ui_500_subtitle\": \"An unexpected error occurred. Please try again later.\", \"ui_500_try_again\": \"Try Again\", \"ui_generic_error\": \"An error occurred.\", \"ui_loading\": \"Loading...\"}','2026-01-02 03:32:21.919','2026-01-02 03:32:21.919'),
('a636d4f6-e78b-11f0-9483-e768515de04d','ui_errors','de','{\"ui_404_title\": \"Seite nicht gefunden\", \"ui_404_subtitle\": \"Die gesuchte Seite wurde möglicherweise verschoben oder existiert nicht.\", \"ui_404_back_home\": \"Zur Startseite\", \"ui_500_title\": \"Ein Fehler ist aufgetreten\", \"ui_500_subtitle\": \"Ein unerwarteter Fehler ist aufgetreten. Bitte versuchen Sie es später erneut.\", \"ui_500_try_again\": \"Erneut versuchen\", \"ui_generic_error\": \"Ein Fehler ist aufgetreten.\", \"ui_loading\": \"Wird geladen...\"}','2026-01-02 03:32:21.919','2026-01-02 03:32:21.919'),
('a639f96c-e78b-11f0-9483-e768515de04d','ui_solutions','tr','{\"ui_solutions_loading\": \"Çözümler yükleniyor...\", \"ui_solutions_not_found\": \"Çözümler bulunamadı.\", \"ui_solutions_empty\": \"Çözümler içeriği yakında eklenecektir.\", \"ui_solutions_untitled\": \"Başlıksız içerik\", \"ui_solutions_back_to_list\": \"Çözümlere dön\", \"ui_solutions_page_title\": \"Çözümler\", \"ui_solutions_kicker\": \"SOĞUTMA KULESİ ÇÖZÜMLERİ\", \"ui_solutions_page_h1\": \"Çözümler\", \"ui_solutions_page_lead\": \"İhtiyacınıza özel soğutma kulesi çözümleri.\", \"ui_solutions_page_lead_fallback\": \"İhtiyacınıza özel soğutma kulesi çözümleri.\", \"ui_solutions_page_description\": \"Ensotek çözümleri: endüstriyel, HVAC ve proses uygulamalarına yönelik soğutma kulesi çözümleri.\", \"ui_solutions_cta_offer\": \"Teklif Al\", \"ui_solutions_cta_services\": \"Hizmetleri İncele\", \"ui_solutions_other_title\": \"Diğer çözümler\", \"ui_solutions_share_title\": \"Paylaş\", \"ui_solutions_write_comment\": \"Yorum yaz\", \"ui_solutions_gallery_title\": \"Galeri\", \"ui_solutions_sidebar_contact_title\": \"İletişim Bilgileri\", \"ui_solutions_card_more\": \"Detayları Gör\", \"ui_solutions_card_1_title\": \"Endüstriyel Soğutma Çözümleri\", \"ui_solutions_card_1_desc\": \"Tesisler, enerji üretimi ve zorlu çevre koşulları için yüksek verimli kule çözümleri.\", \"ui_solutions_card_2_title\": \"HVAC Soğutma Çözümleri\", \"ui_solutions_card_2_desc\": \"Ticari HVAC sistemlerinde stabil yaklaşım sıcaklığı ve enerji optimizasyonu.\", \"ui_solutions_card_3_title\": \"Proses Soğutma Çözümleri\", \"ui_solutions_card_3_desc\": \"Proses kritik su kalitesi için açık/kapalı devre seçimi ve yardımcı ekipmanlar.\", \"ui_solutions_meta_title\": \"Çözümler | Ensotek\", \"ui_solutions_meta_description\": \"Ensotek çözümleri: endüstriyel, HVAC ve proses uygulamalarına yönelik soğutma kulesi çözümleri.\", \"ui_solutions_detail_meta_description\": \"Çözüm detaylarını inceleyin ve ihtiyacınıza özel destek ve danışmanlık için bizimle iletişime geçin.\"}','2026-01-02 03:32:21.939','2026-01-02 03:32:21.939'),
('a639ff81-e78b-11f0-9483-e768515de04d','ui_solutions','en','{\"ui_solutions_loading\": \"Loading solutions...\", \"ui_solutions_not_found\": \"Solutions not found.\", \"ui_solutions_empty\": \"Solutions content will be available soon.\", \"ui_solutions_untitled\": \"Untitled content\", \"ui_solutions_back_to_list\": \"Back to solutions\", \"ui_solutions_page_title\": \"Solutions\", \"ui_solutions_kicker\": \"COOLING TOWER SOLUTIONS\", \"ui_solutions_page_h1\": \"Solutions\", \"ui_solutions_page_lead\": \"Cooling tower solutions tailored to your needs.\", \"ui_solutions_page_lead_fallback\": \"Cooling tower solutions tailored to your needs.\", \"ui_solutions_page_description\": \"Ensotek solutions: cooling tower solutions for industrial, HVAC, and process applications.\", \"ui_solutions_cta_offer\": \"Get a Quote\", \"ui_solutions_cta_services\": \"Explore Services\", \"ui_solutions_other_title\": \"Other solutions\", \"ui_solutions_share_title\": \"Share\", \"ui_solutions_write_comment\": \"Write a review\", \"ui_solutions_gallery_title\": \"Gallery\", \"ui_solutions_sidebar_contact_title\": \"Contact Info\", \"ui_solutions_card_more\": \"View Details\", \"ui_solutions_card_1_title\": \"Industrial Cooling Solutions\", \"ui_solutions_card_1_desc\": \"High-efficiency tower solutions for plants, power generation and demanding environments.\", \"ui_solutions_card_2_title\": \"HVAC Cooling Solutions\", \"ui_solutions_card_2_desc\": \"Stable approach temperature and energy optimization for commercial HVAC systems.\", \"ui_solutions_card_3_title\": \"Process Cooling Solutions\", \"ui_solutions_card_3_desc\": \"Open/closed circuit selection and auxiliary components for process-critical water quality.\", \"ui_solutions_meta_title\": \"Solutions | Ensotek\", \"ui_solutions_meta_description\": \"Ensotek solutions: cooling tower solutions for industrial, HVAC and process applications.\", \"ui_solutions_detail_meta_description\": \"Explore the solution details and contact us for tailored support and consultation.\"}','2026-01-02 03:32:21.939','2026-01-02 03:32:21.939'),
('a63a028b-e78b-11f0-9483-e768515de04d','ui_solutions','de','{\"ui_solutions_loading\": \"Lösungen werden geladen...\", \"ui_solutions_not_found\": \"Lösungen nicht gefunden.\", \"ui_solutions_empty\": \"Inhalte zu Lösungen sind bald verfügbar.\", \"ui_solutions_untitled\": \"Ohne Titel\", \"ui_solutions_back_to_list\": \"Zurück zu den Lösungen\", \"ui_solutions_page_title\": \"Lösungen\", \"ui_solutions_kicker\": \"KÜHLTURM-LÖSUNGEN\", \"ui_solutions_page_h1\": \"Lösungen\", \"ui_solutions_page_lead\": \"Kühlturm-Lösungen, die auf Ihre Anforderungen zugeschnitten sind.\", \"ui_solutions_page_lead_fallback\": \"Kühlturm-Lösungen, die auf Ihre Anforderungen zugeschnitten sind.\", \"ui_solutions_page_description\": \"Ensotek Lösungen: Kühlturm-Lösungen für Industrie-, HVAC- und Prozessanwendungen.\", \"ui_solutions_cta_offer\": \"Angebot anfordern\", \"ui_solutions_cta_services\": \"Services entdecken\", \"ui_solutions_other_title\": \"Weitere Lösungen\", \"ui_solutions_share_title\": \"Teilen\", \"ui_solutions_write_comment\": \"Bewertung schreiben\", \"ui_solutions_gallery_title\": \"Galerie\", \"ui_solutions_sidebar_contact_title\": \"Kontaktinformationen\", \"ui_solutions_card_more\": \"Details ansehen\", \"ui_solutions_card_1_title\": \"Industrielle Kühllösungen\", \"ui_solutions_card_1_desc\": \"Hocheffiziente Turmlösungen für Anlagen, Energieerzeugung und anspruchsvolle Umgebungen.\", \"ui_solutions_card_2_title\": \"HVAC Kühllösungen\", \"ui_solutions_card_2_desc\": \"Stabile Annäherungstemperatur und Energieoptimierung für kommerzielle HVAC-Systeme.\", \"ui_solutions_card_3_title\": \"Prozesskühllösungen\", \"ui_solutions_card_3_desc\": \"Auswahl von offen/geschlossenem Kreislauf und Zusatzkomponenten für prozesskritische Wasserqualität.\", \"ui_solutions_meta_title\": \"Lösungen | Ensotek\", \"ui_solutions_meta_description\": \"Ensotek Lösungen: Kühlturm-Lösungen für Industrie-, HVAC- und Prozessanwendungen.\", \"ui_solutions_detail_meta_description\": \"Sehen Sie sich die Lösungsdetails an und kontaktieren Sie uns für maßgeschneiderte Unterstützung und Beratung.\"}','2026-01-02 03:32:21.939','2026-01-02 03:32:21.939'),
('a7bc4f98-e78b-11f0-9483-e768515de04d','offer_pdf_labels','tr','{\"title\": \"Teklif\", \"quoteNo\": \"Teklif No\", \"date\": \"Tarih\", \"validity\": \"Geçerlilik\", \"status\": \"Durum\", \"customerInfo\": \"Müşteri Bilgileri\", \"name\": \"Ad Soyad\", \"company\": \"Firma\", \"email\": \"E-posta\", \"phone\": \"Telefon\", \"country\": \"Ülke\", \"formLanguage\": \"Form dili\", \"product\": \"Ürün\", \"service\": \"Hizmet\", \"summary\": \"Teklif Özeti\", \"subject\": \"Konu\", \"noMessage\": \"Müşteri mesajı bulunmamaktadır.\", \"pricing\": \"Fiyatlandırma\", \"net\": \"Net Tutar\", \"vat\": \"KDV\", \"shipping\": \"Nakliye\", \"total\": \"Genel Toplam\", \"pricingEmpty\": \"Fiyatlandırma henüz eklenmemiştir; bu belge ön teklif niteliğindedir.\", \"notes\": \"Notlar\", \"notesLegalTemplate\": \"Bu belge bilgilendirme amaçlıdır. Nihai fiyat ve ticari koşullar, {{validUntilPart}}Ensotek tarafından yazılı olarak onaylandığında geçerli olacaktır.\", \"validUntilPartTemplate\": \"{{validUntil}} tarihine kadar geçerli olup \", \"internalNotes\": \"İdari not (dahili kullanım)\", \"footerLeftTemplate\": \"{{siteName}} – Otomatik Teklif Sistemi\", \"footerRight\": \"Bu PDF sistem tarafından oluşturulmuştur, imza gerektirmez.\"}','2026-01-02 03:32:24.472','2026-01-02 03:32:24.472'),
('a7bc546a-e78b-11f0-9483-e768515de04d','offer_pdf_labels','en','{\"title\": \"Offer\", \"quoteNo\": \"Offer No\", \"date\": \"Date\", \"validity\": \"Valid Until\", \"status\": \"Status\", \"customerInfo\": \"Customer Information\", \"name\": \"Name\", \"company\": \"Company\", \"email\": \"Email\", \"phone\": \"Phone\", \"country\": \"Country\", \"formLanguage\": \"Form language\", \"product\": \"Product\", \"service\": \"Service\", \"summary\": \"Offer Summary\", \"subject\": \"Subject\", \"noMessage\": \"No customer message has been provided.\", \"pricing\": \"Pricing\", \"net\": \"Net Amount\", \"vat\": \"VAT\", \"shipping\": \"Shipping\", \"total\": \"Grand Total\", \"pricingEmpty\": \"Pricing has not been added yet; this document should be considered a preliminary offer.\", \"notes\": \"Notes\", \"notesLegalTemplate\": \"This document is for information purposes only. Final prices and commercial terms become valid only after written confirmation by Ensotek{{validUntilPart}}.\", \"validUntilPartTemplate\": \" and are valid until {{validUntil}}\", \"internalNotes\": \"Internal note\", \"footerLeftTemplate\": \"{{siteName}} – Automated Offer System\", \"footerRight\": \"This PDF is generated by the system and does not require a signature.\"}','2026-01-02 03:32:24.472','2026-01-02 03:32:24.472'),
('a7bc56e4-e78b-11f0-9483-e768515de04d','offer_pdf_labels','de','{\"title\": \"Angebot\", \"quoteNo\": \"Angebots-Nr.\", \"date\": \"Datum\", \"validity\": \"Gültig bis\", \"status\": \"Status\", \"customerInfo\": \"Kundendaten\", \"name\": \"Name\", \"company\": \"Firma\", \"email\": \"E-Mail\", \"phone\": \"Telefon\", \"country\": \"Land\", \"formLanguage\": \"Formularsprache\", \"product\": \"Produkt\", \"service\": \"Leistung\", \"summary\": \"Angebotsübersicht\", \"subject\": \"Betreff\", \"noMessage\": \"Es wurde keine Kundenmitteilung angegeben.\", \"pricing\": \"Preisübersicht\", \"net\": \"Nettobetrag\", \"vat\": \"MwSt.\", \"shipping\": \"Versand\", \"total\": \"Gesamtbetrag\", \"pricingEmpty\": \"Preise wurden noch nicht hinterlegt; dieses Dokument ist ein unverbindlicher Vorab-Entwurf.\", \"notes\": \"Hinweise\", \"notesLegalTemplate\": \"Dieses Dokument dient ausschließlich Informationszwecken. Endgültige Preise und Konditionen gelten erst nach schriftlicher Bestätigung durch Ensotek{{validUntilPart}}.\", \"validUntilPartTemplate\": \" und sind bis zum {{validUntil}} gültig\", \"internalNotes\": \"Interne Notiz\", \"footerLeftTemplate\": \"{{siteName}} – Automatisiertes Angebotssystem\", \"footerRight\": \"Dieses PDF wurde automatisch erstellt und benötigt keine Unterschrift.\"}','2026-01-02 03:32:24.472','2026-01-02 03:32:24.472');
/*!40000 ALTER TABLE `site_settings` ENABLE KEYS */;
UNLOCK TABLES;

--
-- Table structure for table `slider`
--

DROP TABLE IF EXISTS `slider`;
/*!40101 SET @saved_cs_client     = @@character_set_client */;
/*!40101 SET character_set_client = utf8mb4 */;
CREATE TABLE `slider` (
  `id` int(10) unsigned NOT NULL AUTO_INCREMENT,
  `uuid` char(36) NOT NULL,
  `image_url` text DEFAULT NULL,
  `image_asset_id` char(36) DEFAULT NULL,
  `featured` tinyint(1) unsigned NOT NULL DEFAULT 0,
  `is_active` tinyint(1) unsigned NOT NULL DEFAULT 1,
  `display_order` int(10) unsigned NOT NULL DEFAULT 0,
  `created_at` datetime(3) NOT NULL DEFAULT current_timestamp(3),
  `updated_at` datetime(3) NOT NULL DEFAULT current_timestamp(3) ON UPDATE current_timestamp(3),
  PRIMARY KEY (`id`),
  UNIQUE KEY `uniq_slider_uuid` (`uuid`),
  KEY `idx_slider_active` (`is_active`),
  KEY `idx_slider_order` (`display_order`),
  KEY `idx_slider_image_asset` (`image_asset_id`)
) ENGINE=InnoDB AUTO_INCREMENT=13 DEFAULT CHARSET=utf8mb4 COLLATE=utf8mb4_unicode_ci;
/*!40101 SET character_set_client = @saved_cs_client */;

--
-- Dumping data for table `slider`
--

LOCK TABLES `slider` WRITE;
/*!40000 ALTER TABLE `slider` DISABLE KEYS */;
INSERT INTO `slider` VALUES
(1,'99990001-1111-4111-8111-999999990001','https://res.cloudinary.com/dbozv7wqd/image/upload/v1752771273/uploads/metahub/gallery/1-1752771270894-986291286.webp',NULL,1,1,1,'2024-01-20 00:00:00.000','2024-01-20 00:00:00.000'),
(2,'99990002-1111-4111-8111-999999990002','https://res.cloudinary.com/dbozv7wqd/image/upload/v1752771255/uploads/metahub/gallery/2-1752771253118-97352961.webp',NULL,0,1,2,'2024-01-21 00:00:00.000','2024-01-21 00:00:00.000'),
(3,'99990003-1111-4111-8111-999999990003','https://res.cloudinary.com/dbozv7wqd/image/upload/v1752771220/uploads/metahub/gallery/3-1752771216789-111437706.webp',NULL,0,1,3,'2024-01-22 00:00:00.000','2024-01-22 00:00:00.000'),
(4,'99990004-1111-4111-8111-999999990004','https://res.cloudinary.com/dbozv7wqd/image/upload/v1752771195/uploads/metahub/gallery/4-1752771191653-812677165.webp',NULL,0,1,4,'2024-01-23 00:00:00.000','2024-01-23 00:00:00.000'),
(5,'99990005-1111-4111-8111-999999990005','https://res.cloudinary.com/dbozv7wqd/image/upload/v1752771156/uploads/metahub/gallery/5-1752771151250-964450161.webp',NULL,0,1,5,'2024-01-24 00:00:00.000','2024-01-24 00:00:00.000'),
(6,'99990006-1111-4111-8111-999999990006','https://res.cloudinary.com/dbozv7wqd/image/upload/v1752771124/uploads/metahub/gallery/6-1752771119350-50918009.webp',NULL,0,1,6,'2024-01-25 00:00:00.000','2024-01-25 00:00:00.000'),
(7,'99990007-1111-4111-8111-999999990007','https://res.cloudinary.com/dbozv7wqd/image/upload/v1752771102/uploads/metahub/gallery/7-1752771097801-678897496.webp',NULL,0,1,7,'2024-01-26 00:00:00.000','2024-01-26 00:00:00.000'),
(8,'99990008-1111-4111-8111-999999990008','https://res.cloudinary.com/dbozv7wqd/image/upload/v1752771064/uploads/metahub/gallery/8-1752771062653-586545826.webp',NULL,0,1,8,'2024-01-27 00:00:00.000','2024-01-27 00:00:00.000'),
(9,'99990009-1111-4111-8111-999999990009','https://res.cloudinary.com/dbozv7wqd/image/upload/v1752771032/uploads/metahub/gallery/9-1752771029999-123456789.webp',NULL,0,1,9,'2024-01-28 00:00:00.000','2024-01-28 00:00:00.000'),
(10,'99990010-1111-4111-8111-999999990010','https://res.cloudinary.com/dbozv7wqd/image/upload/v1752771000/uploads/metahub/gallery/10-1752770999876-123456789.webp',NULL,0,1,10,'2024-01-29 00:00:00.000','2024-01-29 00:00:00.000'),
(11,'99990011-1111-4111-8111-999999990011','https://res.cloudinary.com/dbozv7wqd/image/upload/v1752770975/uploads/metahub/gallery/11-1752770975123-123456789.webp',NULL,0,1,11,'2024-01-30 00:00:00.000','2024-01-30 00:00:00.000'),
(12,'99990012-1111-4111-8111-999999990012','https://res.cloudinary.com/dbozv7wqd/image/upload/v1752770940/uploads/metahub/gallery/12-1752770939876-123456789.webp',NULL,0,1,12,'2024-01-31 00:00:00.000','2024-01-31 00:00:00.000');
/*!40000 ALTER TABLE `slider` ENABLE KEYS */;
UNLOCK TABLES;

--
-- Table structure for table `slider_i18n`
--

DROP TABLE IF EXISTS `slider_i18n`;
/*!40101 SET @saved_cs_client     = @@character_set_client */;
/*!40101 SET character_set_client = utf8mb4 */;
CREATE TABLE `slider_i18n` (
  `id` int(10) unsigned NOT NULL AUTO_INCREMENT,
  `slider_id` int(10) unsigned NOT NULL,
  `locale` varchar(8) NOT NULL,
  `name` varchar(255) NOT NULL,
  `slug` varchar(255) NOT NULL,
  `description` text DEFAULT NULL,
  `alt` varchar(255) DEFAULT NULL,
  `button_text` varchar(100) DEFAULT NULL,
  `button_link` varchar(255) DEFAULT NULL,
  PRIMARY KEY (`id`),
  UNIQUE KEY `uniq_slider_i18n_slider_locale` (`slider_id`,`locale`),
  UNIQUE KEY `uniq_slider_i18n_slug_locale` (`slug`,`locale`),
  KEY `idx_slider_i18n_locale` (`locale`),
  CONSTRAINT `fk_slider_i18n_slider` FOREIGN KEY (`slider_id`) REFERENCES `slider` (`id`) ON DELETE CASCADE ON UPDATE CASCADE
) ENGINE=InnoDB AUTO_INCREMENT=37 DEFAULT CHARSET=utf8mb4 COLLATE=utf8mb4_unicode_ci;
/*!40101 SET character_set_client = @saved_cs_client */;

--
-- Dumping data for table `slider_i18n`
--

LOCK TABLES `slider_i18n` WRITE;
/*!40000 ALTER TABLE `slider_i18n` DISABLE KEYS */;
INSERT INTO `slider_i18n` VALUES
(1,1,'tr','Endüstriyel Su Soğutma Kulelerinde Uzman Çözüm Ortağınız','endustriyel-su-sogutma-kulelerinde-uzman-cozum-ortaginiz','Enerji santralleri, endüstriyel tesisler ve ticari binalar için yüksek verimli su soğutma kulesi çözümleri sunuyoruz.','Endüstriyel su soğutma kulesi çözümleri','Teklif Al','/offer'),
(2,2,'tr','Açık ve Kapalı Devre Su Soğutma Kuleleri','acik-ve-kapali-devre-su-sogutma-kuleleri','FRP, galvanizli çelik ve betonarme gövdeli su soğutma kuleleri ile prosesinize en uygun çözümü tasarlıyoruz.','Açık / kapalı devre su soğutma kuleleri','Çözümleri İncele','/solutions/water-cooling-towers'),
(3,3,'tr','Keşif, Projelendirme ve Anahtar Teslim Uygulama','kesif-projelendirme-ve-anahtar-teslim-uygulama','Saha keşfi, ısı yükü hesapları, mekanik tasarım, montaj koordinasyonu ve devreye alma süreçlerini Ensotek mühendisliği ile uçtan uca yönetiyoruz.','Su soğutma kulesi keşif ve projelendirme','Hizmeti İncele','/service/site-survey-engineering'),
(4,4,'tr','Periyodik Bakım, Onarım ve Revizyon','periyodik-bakim-onarim-ve-revizyon','Mevcut su soğutma kulelerinizde nozül, dolgu, fan ve mekanik aksam yenileme ile kapasite ve verimlilik iyileştirmeleri sağlıyoruz.','Su soğutma kulesi bakım ve revizyon hizmetleri','Bakım Planla','/service/maintenance-repair'),
(5,5,'tr','Otomasyon, SCADA ve Uzaktan İzleme','otomasyon-scada-ve-uzaktan-izleme','Su soğutma kulelerinizi enerji tüketimi, debi, sıcaklık ve arıza durumlarına göre gerçek zamanlı izleyebileceğiniz otomasyon altyapısı kuruyoruz.','Su soğutma kulesi otomasyon ve SCADA çözümleri','Hizmeti İncele','/service/automation-scada'),
(6,6,'tr','Yedek Parçalar ve Kritik Bileşen Tedariği','yedek-parcalar-ve-kritik-bilesen-tedarigi','Nozül, dolgu, fan kanadı, motor, redüktör, drift eliminator ve mekanik aksamlar için hızlı tedarik ve doğru parça eşleştirme desteği sunuyoruz.','Soğutma kulesi yedek parça ve bileşen tedariği','Hizmeti İncele','/service/spare-parts-components'),
(7,7,'tr','Modernizasyon ve Verimlilik Odaklı Retrofit','modernizasyon-ve-verimlilik-odakli-retrofit','Mevcut kulelerinizi daha düşük enerji tüketimi ve daha yüksek performans için yeniliyoruz: dolgu/nozül optimizasyonu, fan grubu yükseltme ve hidrolik iyileştirmeler.','Soğutma kulesi modernizasyon ve retrofit','Hizmeti İncele','/service/modernization-retrofit'),
(8,8,'tr','Proje Danışmanlığı ve Mühendislik Desteği','proje-danismanligi-ve-muhendislik-destegi','Isı yükü analizi, seçim/boyutlandırma, malzeme seçimi ve saha koşullarına göre uçtan uca mühendislik desteği sağlıyoruz.','Soğutma kulesi mühendislik danışmanlığı','Hizmeti İncele','/service/engineering-support'),
(9,9,'tr','Otomasyon ve Uzaktan İzleme Altyapısı','otomasyon-ve-uzaktan-izleme-altyapisi','Debi, sıcaklık, iletkenlik, seviye ve enerji tüketimi gibi kritik parametreleri izleyerek arızaları erken yakalayan izleme altyapıları kuruyoruz.','Soğutma kulesi otomasyon ve uzaktan izleme','Hizmeti İncele','/service/automation-scada'),
(10,10,'tr','Performans Optimizasyonu ve Enerji Verimliliği','performans-optimizasyonu-ve-enerji-verimliligi','Yerinde ölçümler ve raporlama ile yaklaşım sıcaklığı, kapasite, fan verimi ve su kimyası parametrelerini iyileştirerek enerji maliyetlerini düşürüyoruz.','Soğutma kulesi performans optimizasyonu','Hizmeti İncele','/service/performance-optimization'),
(11,11,'tr','Kurulum & Devreye Alma','kurulum-ve-devreye-alma','Montaj koordinasyonu, kontrol listeleri, testler ve güvenli ilk çalıştırma adımları ile sistemi devreye alıyor; operatör eğitimini tamamlıyoruz.','Soğutma kulesi kurulum ve devreye alma','Hizmeti İncele','/service/commissioning-startup'),
(12,12,'tr','Acil Servis ve Arıza Müdahalesi','acil-servis-ve-ariza-mudahalesi','Kritik duruşlara karşı hızlı müdahale, parça değişimi, devreye alma ve güvenli yeniden çalıştırma süreçlerinde saha ekibimizle yanınızdayız.','Soğutma kulesi acil servis ve arıza müdahalesi','Acil Destek','/service/emergency-response'),
(13,1,'en','Your Expert Partner in Industrial Cooling Tower Solutions','your-expert-partner-in-industrial-cooling-tower-solutions','We deliver high-efficiency cooling tower solutions for power plants, industrial facilities, and commercial buildings.','Industrial cooling tower solutions','Get a Quote','/offer'),
(14,2,'en','Open & Closed Circuit Cooling Towers','open-and-closed-circuit-cooling-towers','We design the best-fit solution for your process with FRP, galvanized steel, and reinforced concrete cooling towers.','Open / closed circuit cooling towers','Explore Solutions','/solutions/water-cooling-towers'),
(15,3,'en','Site Survey, Engineering & Turnkey Implementation','site-survey-engineering-and-turnkey-implementation','From site survey and heat load calculations to mechanical design, installation coordination, and commissioning—Ensotek manages the full lifecycle end-to-end.','Cooling tower site survey and engineering','View Service','/services/site-survey-engineering'),
(16,4,'en','Periodic Maintenance, Repair & Overhaul','periodic-maintenance-repair-and-overhaul','We improve capacity and efficiency through nozzle/fill replacement, fan upgrades, and mechanical refurbishment for your existing cooling towers.','Cooling tower maintenance and overhaul services','Plan Maintenance','/services/maintenance-repair'),
(17,5,'en','Automation, SCADA & Remote Monitoring','automation-scada-and-remote-monitoring','We implement automation infrastructure to monitor energy consumption, flow, temperature, and fault conditions in real time.','Cooling tower automation and SCADA solutions','View Service','/services/automation-scada'),
(18,6,'en','Spare Parts & Critical Components Supply','spare-parts-and-critical-components-supply','Fast sourcing and accurate part matching for nozzles, fill media, fan blades, motors, gearboxes, drift eliminators, and mechanical components.','Cooling tower spare parts and components supply','View Service','/services/spare-parts-components'),
(19,7,'en','Modernization & Efficiency-Focused Retrofit','modernization-and-efficiency-focused-retrofit','Upgrade existing towers for lower energy use and higher performance: fill/nozzle optimization, fan group upgrades, and hydraulic improvements.','Cooling tower modernization and retrofit','View Service','/services/modernization-retrofit'),
(20,8,'en','Project Consulting & Engineering Support','project-consulting-and-engineering-support','End-to-end engineering support based on heat load analysis, selection/sizing, material choice, and site conditions.','Cooling tower engineering consulting','View Service','/services/engineering-support'),
(21,9,'en','Automation & Remote Monitoring Infrastructure','automation-and-remote-monitoring-infrastructure','Build monitoring systems that detect issues early by tracking critical parameters such as flow, temperature, conductivity, level, and energy consumption.','Cooling tower automation and remote monitoring','View Service','/services/automation-scada'),
(22,10,'en','Performance Optimization & Energy Efficiency','performance-optimization-and-energy-efficiency','Reduce energy costs by improving approach temperature, capacity, fan efficiency, and water chemistry through on-site measurements and reporting.','Cooling tower performance optimization','View Service','/services/performance-optimization'),
(23,11,'en','Installation & Commissioning','installation-and-commissioning','We deliver commissioning with installation coordination, checklists, testing, safe startup procedures, and operator training.','Cooling tower installation and commissioning','View Service','/services/commissioning-startup'),
(24,12,'en','Emergency Service & Breakdown Response','emergency-service-and-breakdown-response','Rapid response for critical shutdowns, part replacement, commissioning support, and safe restart with our field team.','Cooling tower emergency service and breakdown response','Emergency Support','/contact'),
(25,1,'de','Ihr Partner für industrielle Kühlturmlösungen','ihr-partner-fuer-industrielle-kuehlturmloesungen','Wir bieten hocheffiziente Kühlturmlösungen für Kraftwerke, Industrieanlagen und Gewerbeimmobilien.','Industrielle Kühlturmlösungen','Angebot anfordern','/offer'),
(26,2,'de','Offene & geschlossene Kreislauf-Kühltürme','offene-und-geschlossene-kreislauf-kuehltuerme','Wir konzipieren die passende Lösung für Ihren Prozess mit Kühltürmen aus GFK, verzinktem Stahl und Stahlbeton.','Offene / geschlossene Kreislauf-Kühltürme','Lösungen ansehen','/solutions/water-cooling-towers'),
(27,3,'de','Standortanalyse, Engineering & schlüsselfertige Umsetzung','standortanalyse-engineering-und-schluesselfertige-umsetzung','Von der Standortanalyse und Wärmeleistungsberechnung über die mechanische Auslegung bis hin zur Montagekoordination und Inbetriebnahme – Ensotek übernimmt alles aus einer Hand.','Kühlturm Standortanalyse und Engineering','Service ansehen','/services/site-survey-engineering'),
(28,4,'de','Regelmäßige Wartung, Reparatur & Revision','regelmaessige-wartung-reparatur-und-revision','Wir steigern Kapazität und Effizienz durch Düsen-/Füllkörpertausch, Ventilator-Upgrades und mechanische Überholung Ihrer bestehenden Kühltürme.','Kühlturm Wartung und Revision','Wartung planen','/services/maintenance-repair'),
(29,5,'de','Automation, SCADA & Fernüberwachung','automation-scada-und-fernueberwachung','Wir implementieren Automationslösungen zur Echtzeitüberwachung von Energieverbrauch, Durchfluss, Temperatur und Störungen.','Kühlturm Automation und SCADA','Service ansehen','/services/automation-scada'),
(30,6,'de','Ersatzteile & kritische Komponenten','ersatzteile-und-kritische-komponenten','Schnelle Beschaffung und passgenaue Zuordnung für Düsen, Füllkörper, Ventilatorflügel, Motoren, Getriebe, Driftabscheider und mechanische Komponenten.','Kühlturm Ersatzteile und Komponenten','Service ansehen','/services/spare-parts-components'),
(31,7,'de','Modernisierung & effizienzorientiertes Retrofit','modernisierung-und-effizienzorientiertes-retrofit','Wir modernisieren bestehende Kühltürme für geringeren Energieverbrauch und höhere Leistung: Füllkörper-/Düsenoptimierung, Ventilator-Upgrades und hydraulische Verbesserungen.','Kühlturm Modernisierung und Retrofit','Service ansehen','/services/modernization-retrofit'),
(32,8,'de','Projektberatung & Engineering-Support','projektberatung-und-engineering-support','Umfassende Engineering-Unterstützung basierend auf Wärmeleistungsanalyse, Auswahl/Dimensionierung, Materialwahl und Standortbedingungen.','Kühlturm Engineering-Beratung','Service ansehen','/services/engineering-support'),
(33,9,'de','Automations- & Fernüberwachungsinfrastruktur','automations-und-fernueberwachungsinfrastruktur','Wir bauen Monitoring-Systeme, die Störungen früh erkennen – durch Überwachung von Durchfluss, Temperatur, Leitfähigkeit, Füllstand und Energieverbrauch.','Kühlturm Automation und Fernüberwachung','Service ansehen','/services/automation-scada'),
(34,10,'de','Performance-Optimierung & Energieeffizienz','performance-optimierung-und-energieeffizienz','Durch Vor-Ort-Messungen und Reportings verbessern wir Annäherungstemperatur, Kapazität, Ventilatoreffizienz und Wasserchemie – und senken Ihre Energiekosten.','Kühlturm Performance-Optimierung','Service ansehen','/services/performance-optimization'),
(35,11,'de','Montage & Inbetriebnahme','montage-und-inbetriebnahme','Wir realisieren die Inbetriebnahme inklusive Montagekoordination, Checklisten, Tests, sicherem Start-up und Bedienerschulung.','Kühlturm Montage und Inbetriebnahme','Service ansehen','/services/commissioning-startup'),
(36,12,'de','Notdienst & Störungsbehebung','notdienst-und-stoerungsbehebung','Schnelle Hilfe bei kritischen Stillständen, Teiletausch, Inbetriebnahme-Unterstützung und sicherem Wiederanlauf durch unser Außendienstteam.','Kühlturm Notdienst und Störungsbehebung','Soforthilfe','/contact');
/*!40000 ALTER TABLE `slider_i18n` ENABLE KEYS */;
UNLOCK TABLES;

--
-- Table structure for table `storage_assets`
--

DROP TABLE IF EXISTS `storage_assets`;
/*!40101 SET @saved_cs_client     = @@character_set_client */;
/*!40101 SET character_set_client = utf8mb4 */;
CREATE TABLE `storage_assets` (
  `id` char(36) NOT NULL,
  `user_id` char(36) DEFAULT NULL,
  `name` varchar(255) NOT NULL,
  `bucket` varchar(64) NOT NULL,
  `path` varchar(512) NOT NULL,
  `folder` varchar(255) DEFAULT NULL,
  `mime` varchar(127) NOT NULL,
  `size` bigint(20) unsigned NOT NULL,
  `width` int(10) unsigned DEFAULT NULL,
  `height` int(10) unsigned DEFAULT NULL,
  `url` text DEFAULT NULL,
  `hash` varchar(64) DEFAULT NULL,
  `provider` varchar(16) NOT NULL DEFAULT 'cloudinary',
  `provider_public_id` varchar(255) DEFAULT NULL,
  `provider_resource_type` varchar(16) DEFAULT NULL,
  `provider_format` varchar(32) DEFAULT NULL,
  `provider_version` int(10) unsigned DEFAULT NULL,
  `etag` varchar(64) DEFAULT NULL,
  `metadata` longtext CHARACTER SET utf8mb4 COLLATE utf8mb4_bin DEFAULT NULL CHECK (json_valid(`metadata`)),
  `created_at` datetime(3) NOT NULL DEFAULT current_timestamp(3),
  `updated_at` datetime(3) NOT NULL DEFAULT current_timestamp(3) ON UPDATE current_timestamp(3),
  PRIMARY KEY (`id`),
  UNIQUE KEY `uniq_bucket_path` (`bucket`,`path`),
  KEY `idx_storage_bucket` (`bucket`),
  KEY `idx_storage_folder` (`folder`),
  KEY `idx_storage_created` (`created_at`),
  KEY `idx_provider_pubid` (`provider_public_id`)
) ENGINE=InnoDB DEFAULT CHARSET=utf8mb4 COLLATE=utf8mb4_unicode_ci;
/*!40101 SET character_set_client = @saved_cs_client */;

--
-- Dumping data for table `storage_assets`
--

LOCK TABLES `storage_assets` WRITE;
/*!40000 ALTER TABLE `storage_assets` DISABLE KEYS */;
INSERT INTO `storage_assets` VALUES
('206778de-4f75-45fb-b78b-e110716cd6f9',NULL,'2.jpg','public','products/gallery/2.jpg','products/gallery','image/jpeg',299514,1306,979,'https://res.cloudinary.com/dbozv7wqd/image/upload/v1767325322/products/gallery/2.jpg','8dc4356ec18da615aeb2b5857ef22e8b','cloudinary','products/gallery/2','image','jpg',1767325322,'8dc4356ec18da615aeb2b5857ef22e8b','{\"module_key\":\"product\",\"locale\":\"de\",\"slug\":\"offene-kuehltuerme-dreifachzelle-tctp-serie\",\"item_type\":\"product\",\"section\":\"gallery\"}','2026-01-02 04:42:03.361','2026-01-02 04:42:03.361'),
('4d2c67e0-7719-4440-8e99-3004e3231203',NULL,'4.jpg','public','products/gallery/4.jpg','products/gallery','image/jpeg',332704,1920,1264,'https://res.cloudinary.com/dbozv7wqd/image/upload/v1767325323/products/gallery/4.jpg','3e6e88206a73fc2a55b1de6500dd6703','cloudinary','products/gallery/4','image','jpg',1767325323,'3e6e88206a73fc2a55b1de6500dd6703','{\"module_key\":\"product\",\"locale\":\"de\",\"slug\":\"offene-kuehltuerme-dreifachzelle-tctp-serie\",\"item_type\":\"product\",\"section\":\"gallery\"}','2026-01-02 04:42:04.366','2026-01-02 04:42:04.366'),
('648a23fb-95e6-4605-bf24-93e79da20939',NULL,'1.jpg','public','products/gallery/1.jpg','products/gallery','image/jpeg',92554,800,600,'https://res.cloudinary.com/dbozv7wqd/image/upload/v1767325321/products/gallery/1.jpg','857ec294744ee7044c4146fa6118aa0f','cloudinary','products/gallery/1','image','jpg',1767325321,'857ec294744ee7044c4146fa6118aa0f','{\"module_key\":\"product\",\"locale\":\"de\",\"slug\":\"offene-kuehltuerme-dreifachzelle-tctp-serie\",\"item_type\":\"product\",\"section\":\"gallery\"}','2026-01-02 04:42:02.204','2026-01-02 04:42:02.204'),
('919ca702-8adb-4c88-bd42-21ba4e0110aa',NULL,'ensotek-katalog.pdf','public','uploads/catalog/ensotek-katalog.pdf','uploads/catalog','application/pdf',4113891,NULL,NULL,'/uploads/catalog/ensotek-katalog.pdf',NULL,'cloudinary','catalog/ensotek-katalog.pdf','raw','pdf',NULL,NULL,'{\"module_key\":\"library\",\"library_id\":\"77777777-7777-7777-7777-777777777777\",\"original_name\":\"ensotek-katalog.pdf\",\"mime\":\"application/pdf\"}','2026-01-02 08:49:11.360','2026-01-02 08:49:11.360'),
('a82307fa-e78b-11f0-9483-e768515de04d',NULL,'hero.jpg','public','references/hero.jpg','references','image/jpeg',245120,NULL,NULL,'https://images.unsplash.com/photo-1581090700227-1e37b190418e?auto=format&fit=crop&w=1200&h=600&q=80',NULL,'cloudinary',NULL,'image','jpg',1,NULL,NULL,'2026-01-02 03:32:25.146','2026-01-02 03:32:25.146'),
('a82357ed-e78b-11f0-9483-e768515de04d',NULL,'ref1.jpg','public','references/ref1.jpg','references','image/jpeg',180300,NULL,NULL,'https://images.unsplash.com/photo-1581090700227-1e37b190418e?auto=format&fit=crop&w=1200&h=600&q=80',NULL,'cloudinary',NULL,'image','jpg',1,NULL,NULL,'2026-01-02 03:32:25.148','2026-01-02 03:32:25.148'),
('a8240a7a-e78b-11f0-9483-e768515de04d',NULL,'ref2.jpg','public','references/ref2.jpg','references','image/jpeg',171550,NULL,NULL,'https://images.unsplash.com/photo-1581090700227-1e37b190418e?auto=format&fit=crop&w=1200&h=600&q=80',NULL,'cloudinary',NULL,'image','jpg',1,NULL,NULL,'2026-01-02 03:32:25.154','2026-01-02 03:32:25.154'),
('a824dfcc-e78b-11f0-9483-e768515de04d',NULL,'g1a.jpg','public','references/g1a.jpg','references','image/jpeg',200000,NULL,NULL,'https://images.unsplash.com/photo-1581090700227-1e37b190418e?auto=format&fit=crop&w=1200&h=600&q=80',NULL,'cloudinary',NULL,'image','jpg',1,NULL,NULL,'2026-01-02 03:32:25.158','2026-01-02 03:32:25.158'),
('a82615da-e78b-11f0-9483-e768515de04d',NULL,'g1b.jpg','public','references/g1b.jpg','references','image/jpeg',210000,NULL,NULL,'https://images.unsplash.com/photo-1581090700227-1e37b190418e?auto=format&fit=crop&w=1200&h=600&q=80',NULL,'cloudinary',NULL,'image','jpg',1,NULL,NULL,'2026-01-02 03:32:25.166','2026-01-02 03:32:25.166'),
('a8277823-e78b-11f0-9483-e768515de04d',NULL,'g2a.jpg','public','references/g2a.jpg','references','image/jpeg',205000,NULL,NULL,'https://images.unsplash.com/photo-1581090700227-1e37b190418e?auto=format&fit=crop&w=1200&h=600&q=80',NULL,'cloudinary',NULL,'image','jpg',1,NULL,NULL,'2026-01-02 03:32:25.175','2026-01-02 03:32:25.175');
/*!40000 ALTER TABLE `storage_assets` ENABLE KEYS */;
UNLOCK TABLES;

--
-- Table structure for table `storage_assets_i18n`
--

DROP TABLE IF EXISTS `storage_assets_i18n`;
/*!40101 SET @saved_cs_client     = @@character_set_client */;
/*!40101 SET character_set_client = utf8mb4 */;
CREATE TABLE `storage_assets_i18n` (
  `id` char(36) NOT NULL,
  `asset_id` char(36) NOT NULL,
  `locale` varchar(10) NOT NULL,
  `title` varchar(255) DEFAULT NULL,
  `alt` varchar(255) DEFAULT NULL,
  `caption` varchar(1000) DEFAULT NULL,
  `description` text DEFAULT NULL,
  `created_at` datetime(3) NOT NULL DEFAULT current_timestamp(3),
  `updated_at` datetime(3) NOT NULL DEFAULT current_timestamp(3) ON UPDATE current_timestamp(3),
  PRIMARY KEY (`id`),
  UNIQUE KEY `ux_storage_assets_i18n_parent_locale` (`asset_id`,`locale`),
  KEY `idx_storage_assets_i18n_locale` (`locale`),
  CONSTRAINT `fk_storage_assets_i18n_asset` FOREIGN KEY (`asset_id`) REFERENCES `storage_assets` (`id`) ON DELETE CASCADE ON UPDATE CASCADE
) ENGINE=InnoDB DEFAULT CHARSET=utf8mb4 COLLATE=utf8mb4_unicode_ci;
/*!40101 SET character_set_client = @saved_cs_client */;

--
-- Dumping data for table `storage_assets_i18n`
--

LOCK TABLES `storage_assets_i18n` WRITE;
/*!40000 ALTER TABLE `storage_assets_i18n` DISABLE KEYS */;
INSERT INTO `storage_assets_i18n` VALUES
('a82e27f2-e78b-11f0-9483-e768515de04d','a82307fa-e78b-11f0-9483-e768515de04d','tr','Hero','Hero','Öne çıkan görsel',NULL,'2026-01-02 03:32:25.218','2026-01-02 03:32:25.218'),
('a82e49a8-e78b-11f0-9483-e768515de04d','a82357ed-e78b-11f0-9483-e768515de04d','tr','Ref1','Ref1','Öne çıkan görsel',NULL,'2026-01-02 03:32:25.219','2026-01-02 03:32:25.219'),
('a82e9280-e78b-11f0-9483-e768515de04d','a8240a7a-e78b-11f0-9483-e768515de04d','tr','Ref2','Ref2','Öne çıkan görsel',NULL,'2026-01-02 03:32:25.220','2026-01-02 03:32:25.220'),
('a82ebcad-e78b-11f0-9483-e768515de04d','a824dfcc-e78b-11f0-9483-e768515de04d','tr','Galeri1A','Galeri 1A','Galeri görseli',NULL,'2026-01-02 03:32:25.222','2026-01-02 03:32:25.222'),
('a82edf29-e78b-11f0-9483-e768515de04d','a82615da-e78b-11f0-9483-e768515de04d','tr','Galeri1B','Galeri 1B','Galeri görseli',NULL,'2026-01-02 03:32:25.223','2026-01-02 03:32:25.223'),
('a82f17c0-e78b-11f0-9483-e768515de04d','a8277823-e78b-11f0-9483-e768515de04d','tr','Galeri2A','Galeri 2A','Galeri görseli',NULL,'2026-01-02 03:32:25.224','2026-01-02 03:32:25.224'),
('a82f3ace-e78b-11f0-9483-e768515de04d','a82307fa-e78b-11f0-9483-e768515de04d','en','Hero','Hero','Featured image',NULL,'2026-01-02 03:32:25.225','2026-01-02 03:32:25.225'),
('a83031d8-e78b-11f0-9483-e768515de04d','a82357ed-e78b-11f0-9483-e768515de04d','en','Ref1','Ref1','Featured image',NULL,'2026-01-02 03:32:25.232','2026-01-02 03:32:25.232'),
('a8312b0d-e78b-11f0-9483-e768515de04d','a8240a7a-e78b-11f0-9483-e768515de04d','en','Ref2','Ref2','Featured image',NULL,'2026-01-02 03:32:25.238','2026-01-02 03:32:25.238'),
('a8323e0a-e78b-11f0-9483-e768515de04d','a824dfcc-e78b-11f0-9483-e768515de04d','en','Gallery1A','Gallery 1A','Gallery image',NULL,'2026-01-02 03:32:25.245','2026-01-02 03:32:25.245'),
('a8334008-e78b-11f0-9483-e768515de04d','a82615da-e78b-11f0-9483-e768515de04d','en','Gallery1B','Gallery 1B','Gallery image',NULL,'2026-01-02 03:32:25.252','2026-01-02 03:32:25.252'),
('a83363ae-e78b-11f0-9483-e768515de04d','a8277823-e78b-11f0-9483-e768515de04d','en','Gallery2A','Gallery 2A','Gallery image',NULL,'2026-01-02 03:32:25.253','2026-01-02 03:32:25.253'),
('a833964c-e78b-11f0-9483-e768515de04d','a82307fa-e78b-11f0-9483-e768515de04d','de','Hero','Hero','Öne çıkan görsel',NULL,'2026-01-02 03:32:25.253','2026-01-02 03:32:25.253'),
('a833979e-e78b-11f0-9483-e768515de04d','a82357ed-e78b-11f0-9483-e768515de04d','de','Ref1','Ref1','Öne çıkan görsel',NULL,'2026-01-02 03:32:25.253','2026-01-02 03:32:25.253'),
('a833983d-e78b-11f0-9483-e768515de04d','a8240a7a-e78b-11f0-9483-e768515de04d','de','Ref2','Ref2','Öne çıkan görsel',NULL,'2026-01-02 03:32:25.253','2026-01-02 03:32:25.253'),
('a83398de-e78b-11f0-9483-e768515de04d','a824dfcc-e78b-11f0-9483-e768515de04d','de','Galeri1A','Galeri 1A','Galeri görseli',NULL,'2026-01-02 03:32:25.253','2026-01-02 03:32:25.253'),
('a833997b-e78b-11f0-9483-e768515de04d','a82615da-e78b-11f0-9483-e768515de04d','de','Galeri1B','Galeri 1B','Galeri görseli',NULL,'2026-01-02 03:32:25.253','2026-01-02 03:32:25.253'),
('a8339a25-e78b-11f0-9483-e768515de04d','a8277823-e78b-11f0-9483-e768515de04d','de','Galeri2A','Galeri 2A','Galeri görseli',NULL,'2026-01-02 03:32:25.253','2026-01-02 03:32:25.253');
/*!40000 ALTER TABLE `storage_assets_i18n` ENABLE KEYS */;
UNLOCK TABLES;

--
-- Table structure for table `sub_categories`
--

DROP TABLE IF EXISTS `sub_categories`;
/*!40101 SET @saved_cs_client     = @@character_set_client */;
/*!40101 SET character_set_client = utf8mb4 */;
CREATE TABLE `sub_categories` (
  `id` char(36) NOT NULL,
  `category_id` char(36) NOT NULL,
  `image_url` varchar(1024) DEFAULT NULL,
  `storage_asset_id` char(36) DEFAULT NULL,
  `alt` varchar(255) DEFAULT NULL,
  `icon` varchar(255) DEFAULT NULL,
  `is_active` tinyint(1) NOT NULL DEFAULT 1,
  `is_featured` tinyint(1) NOT NULL DEFAULT 0,
  `display_order` int(11) NOT NULL DEFAULT 0,
  `created_at` timestamp NOT NULL DEFAULT current_timestamp(),
  `updated_at` timestamp NOT NULL DEFAULT current_timestamp() ON UPDATE current_timestamp(),
  PRIMARY KEY (`id`),
  KEY `idx_sub_categories_category_id` (`category_id`),
  KEY `idx_sub_categories_active_order` (`is_active`,`display_order`),
  CONSTRAINT `fk_sub_categories_category` FOREIGN KEY (`category_id`) REFERENCES `categories` (`id`) ON DELETE CASCADE ON UPDATE CASCADE
) ENGINE=InnoDB DEFAULT CHARSET=utf8mb4 COLLATE=utf8mb4_unicode_ci;
/*!40101 SET character_set_client = @saved_cs_client */;

--
-- Dumping data for table `sub_categories`
--

LOCK TABLES `sub_categories` WRITE;
/*!40000 ALTER TABLE `sub_categories` DISABLE KEYS */;
INSERT INTO `sub_categories` VALUES
('bbbb0001-1111-4111-8111-bbbbbbbb0001','aaaa0001-1111-4111-8111-aaaaaaaa0001',NULL,NULL,NULL,NULL,1,0,10,'2026-01-02 03:32:20','2026-01-02 03:32:20'),
('bbbb0002-1111-4111-8111-bbbbbbbb0002','aaaa0001-1111-4111-8111-aaaaaaaa0001',NULL,NULL,NULL,NULL,1,0,20,'2026-01-02 03:32:20','2026-01-02 03:32:20'),
('bbbb0003-1111-4111-8111-bbbbbbbb0003','aaaa0001-1111-4111-8111-aaaaaaaa0001',NULL,NULL,NULL,NULL,1,0,30,'2026-01-02 03:32:20','2026-01-02 03:32:20'),
('bbbb0004-1111-4111-8111-bbbbbbbb0004','aaaa0001-1111-4111-8111-aaaaaaaa0001',NULL,NULL,NULL,NULL,1,0,40,'2026-01-02 03:32:20','2026-01-02 03:32:20'),
('bbbb0101-1111-4111-8111-bbbbbbbb0101','aaaa0002-1111-4111-8111-aaaaaaaa0002',NULL,NULL,NULL,NULL,1,0,10,'2026-01-02 03:32:20','2026-01-02 03:32:20'),
('bbbb0102-1111-4111-8111-bbbbbbbb0102','aaaa0002-1111-4111-8111-aaaaaaaa0002',NULL,NULL,NULL,NULL,1,0,20,'2026-01-02 03:32:20','2026-01-02 03:32:20'),
('bbbb0103-1111-4111-8111-bbbbbbbb0103','aaaa0002-1111-4111-8111-aaaaaaaa0002',NULL,NULL,NULL,NULL,1,0,30,'2026-01-02 03:32:20','2026-01-02 03:32:20'),
('bbbb0201-1111-4111-8111-bbbbbbbb0201','aaaa0003-1111-4111-8111-aaaaaaaa0003',NULL,NULL,NULL,NULL,1,0,10,'2026-01-02 03:32:20','2026-01-02 03:32:20'),
('bbbb0202-1111-4111-8111-bbbbbbbb0202','aaaa0003-1111-4111-8111-aaaaaaaa0003',NULL,NULL,NULL,NULL,1,0,20,'2026-01-02 03:32:20','2026-01-02 03:32:20'),
('bbbb0203-1111-4111-8111-bbbbbbbb0203','aaaa0003-1111-4111-8111-aaaaaaaa0003',NULL,NULL,NULL,NULL,1,0,30,'2026-01-02 03:32:20','2026-01-02 03:32:20'),
('bbbb0301-1111-4111-8111-bbbbbbbb0301','aaaa0004-1111-4111-8111-aaaaaaaa0004',NULL,NULL,NULL,NULL,1,0,10,'2026-01-02 03:32:20','2026-01-02 03:32:20'),
('bbbb0302-1111-4111-8111-bbbbbbbb0302','aaaa0004-1111-4111-8111-aaaaaaaa0004',NULL,NULL,NULL,NULL,1,0,20,'2026-01-02 03:32:20','2026-01-02 03:32:20'),
('bbbb0303-1111-4111-8111-bbbbbbbb0303','aaaa0004-1111-4111-8111-aaaaaaaa0004',NULL,NULL,NULL,NULL,1,0,30,'2026-01-02 03:32:20','2026-01-02 03:32:20'),
('bbbb0401-1111-4111-8111-bbbbbbbb0401','aaaa0005-1111-4111-8111-aaaaaaaa0005',NULL,NULL,NULL,NULL,1,0,10,'2026-01-02 03:32:20','2026-01-02 03:32:20'),
('bbbb0402-1111-4111-8111-bbbbbbbb0402','aaaa0005-1111-4111-8111-aaaaaaaa0005',NULL,NULL,NULL,NULL,1,0,20,'2026-01-02 03:32:20','2026-01-02 03:32:20'),
('bbbb0403-1111-4111-8111-bbbbbbbb0403','aaaa0005-1111-4111-8111-aaaaaaaa0005',NULL,NULL,NULL,NULL,1,0,30,'2026-01-02 03:32:20','2026-01-02 03:32:20'),
('bbbb1001-1111-4111-8111-bbbbbbbb1001','aaaa1001-1111-4111-8111-aaaaaaaa1001',NULL,NULL,NULL,NULL,1,0,10,'2026-01-02 03:32:20','2026-01-02 03:32:20'),
('bbbb1002-1111-4111-8111-bbbbbbbb1002','aaaa1001-1111-4111-8111-aaaaaaaa1001',NULL,NULL,NULL,NULL,1,0,20,'2026-01-02 03:32:20','2026-01-02 03:32:20'),
('bbbb1003-1111-4111-8111-bbbbbbbb1003','aaaa1001-1111-4111-8111-aaaaaaaa1001',NULL,NULL,NULL,NULL,1,0,30,'2026-01-02 03:32:20','2026-01-02 03:32:20'),
('bbbb1004-1111-4111-8111-bbbbbbbb1004','aaaa1001-1111-4111-8111-aaaaaaaa1001',NULL,NULL,NULL,NULL,1,0,40,'2026-01-02 03:32:20','2026-01-02 03:32:20'),
('bbbb1005-1111-4111-8111-bbbbbbbb1005','aaaa1001-1111-4111-8111-aaaaaaaa1001',NULL,NULL,NULL,NULL,1,0,50,'2026-01-02 03:32:20','2026-01-02 03:32:20'),
('bbbb1006-1111-4111-8111-bbbbbbbb1006','aaaa1001-1111-4111-8111-aaaaaaaa1001',NULL,NULL,NULL,NULL,1,0,60,'2026-01-02 03:32:20','2026-01-02 03:32:20'),
('bbbb1501-1111-4111-8111-bbbbbbbb1501','aaaa1501-1111-4111-8111-aaaaaaaa1501',NULL,NULL,NULL,NULL,1,0,10,'2026-01-02 03:32:20','2026-01-02 03:32:20'),
('bbbb1502-1111-4111-8111-bbbbbbbb1502','aaaa1501-1111-4111-8111-aaaaaaaa1501',NULL,NULL,NULL,NULL,1,0,20,'2026-01-02 03:32:20','2026-01-02 03:32:20'),
('bbbb1503-1111-4111-8111-bbbbbbbb1503','aaaa1501-1111-4111-8111-aaaaaaaa1501',NULL,NULL,NULL,NULL,1,0,30,'2026-01-02 03:32:20','2026-01-02 03:32:20'),
('bbbb2001-1111-4111-8111-bbbbbbbb2001','aaaa2001-1111-4111-8111-aaaaaaaa2001',NULL,NULL,NULL,NULL,1,0,10,'2026-01-02 03:32:20','2026-01-02 03:32:20'),
('bbbb2002-1111-4111-8111-bbbbbbbb2002','aaaa2001-1111-4111-8111-aaaaaaaa2001',NULL,NULL,NULL,NULL,1,0,20,'2026-01-02 03:32:20','2026-01-02 03:32:20'),
('bbbb2003-1111-4111-8111-bbbbbbbb2003','aaaa2001-1111-4111-8111-aaaaaaaa2001',NULL,NULL,NULL,NULL,1,0,30,'2026-01-02 03:32:20','2026-01-02 03:32:20'),
('bbbb2101-1111-4111-8111-bbbbbbbb2101','aaaa2002-1111-4111-8111-aaaaaaaa2002',NULL,NULL,NULL,NULL,1,0,10,'2026-01-02 03:32:20','2026-01-02 03:32:20'),
('bbbb2102-1111-4111-8111-bbbbbbbb2102','aaaa2002-1111-4111-8111-aaaaaaaa2002',NULL,NULL,NULL,NULL,1,0,20,'2026-01-02 03:32:20','2026-01-02 03:32:20'),
('bbbb2201-1111-4111-8111-bbbbbbbb2201','aaaa2003-1111-4111-8111-aaaaaaaa2003',NULL,NULL,NULL,NULL,1,0,10,'2026-01-02 03:32:20','2026-01-02 03:32:20'),
('bbbb2202-1111-4111-8111-bbbbbbbb2202','aaaa2003-1111-4111-8111-aaaaaaaa2003',NULL,NULL,NULL,NULL,1,0,20,'2026-01-02 03:32:20','2026-01-02 03:32:20'),
('bbbb2301-1111-4111-8111-bbbbbbbb2301','aaaa2004-1111-4111-8111-aaaaaaaa2004',NULL,NULL,NULL,NULL,1,0,10,'2026-01-02 03:32:20','2026-01-02 03:32:20'),
('bbbb2302-1111-4111-8111-bbbbbbbb2302','aaaa2004-1111-4111-8111-aaaaaaaa2004',NULL,NULL,NULL,NULL,1,0,20,'2026-01-02 03:32:20','2026-01-02 03:32:20'),
('bbbb3001-1111-4111-8111-bbbbbbbb3001','aaaa3001-1111-4111-8111-aaaaaaaa3001',NULL,NULL,NULL,NULL,1,0,10,'2026-01-02 03:32:20','2026-01-02 03:32:20'),
('bbbb3002-1111-4111-8111-bbbbbbbb3002','aaaa3001-1111-4111-8111-aaaaaaaa3001',NULL,NULL,NULL,NULL,1,0,20,'2026-01-02 03:32:20','2026-01-02 03:32:20'),
('bbbb3003-1111-4111-8111-bbbbbbbb3003','aaaa3001-1111-4111-8111-aaaaaaaa3001',NULL,NULL,NULL,NULL,1,0,30,'2026-01-02 03:32:20','2026-01-02 03:32:20'),
('bbbb3101-1111-4111-8111-bbbbbbbb3101','aaaa3002-1111-4111-8111-aaaaaaaa3002',NULL,NULL,NULL,NULL,1,0,10,'2026-01-02 03:32:20','2026-01-02 03:32:20'),
('bbbb3102-1111-4111-8111-bbbbbbbb3102','aaaa3002-1111-4111-8111-aaaaaaaa3002',NULL,NULL,NULL,NULL,1,0,20,'2026-01-02 03:32:20','2026-01-02 03:32:20'),
('bbbb3201-1111-4111-8111-bbbbbbbb3201','aaaa3003-1111-4111-8111-aaaaaaaa3003',NULL,NULL,NULL,NULL,1,0,10,'2026-01-02 03:32:20','2026-01-02 03:32:20'),
('bbbb3202-1111-4111-8111-bbbbbbbb3202','aaaa3003-1111-4111-8111-aaaaaaaa3003',NULL,NULL,NULL,NULL,1,0,20,'2026-01-02 03:32:20','2026-01-02 03:32:20'),
('bbbb3301-1111-4111-8111-bbbbbbbb3301','aaaa3004-1111-4111-8111-aaaaaaaa3004',NULL,NULL,NULL,NULL,1,0,10,'2026-01-02 03:32:20','2026-01-02 03:32:20'),
('bbbb3302-1111-4111-8111-bbbbbbbb3302','aaaa3004-1111-4111-8111-aaaaaaaa3004',NULL,NULL,NULL,NULL,1,0,20,'2026-01-02 03:32:20','2026-01-02 03:32:20'),
('bbbb4001-1111-4111-8111-bbbbbbbb4001','aaaa4001-1111-4111-8111-aaaaaaaa4001',NULL,NULL,NULL,NULL,1,0,10,'2026-01-02 03:32:20','2026-01-02 03:32:20'),
('bbbb4002-1111-4111-8111-bbbbbbbb4002','aaaa4001-1111-4111-8111-aaaaaaaa4001',NULL,NULL,NULL,NULL,1,0,20,'2026-01-02 03:32:20','2026-01-02 03:32:20'),
('bbbb5201-1111-4111-8111-bbbbbbbb5201','aaaa5002-1111-4111-8111-aaaaaaaa5002',NULL,NULL,NULL,NULL,1,0,10,'2026-01-02 03:32:20','2026-01-02 03:32:20'),
('bbbb5202-1111-4111-8111-bbbbbbbb5202','aaaa5002-1111-4111-8111-aaaaaaaa5002',NULL,NULL,NULL,NULL,1,0,20,'2026-01-02 03:32:20','2026-01-02 03:32:20'),
('bbbb5203-1111-4111-8111-bbbbbbbb5203','aaaa5002-1111-4111-8111-aaaaaaaa5002',NULL,NULL,NULL,NULL,1,0,30,'2026-01-02 03:32:20','2026-01-02 03:32:20'),
('bbbb5204-1111-4111-8111-bbbbbbbb5204','aaaa5002-1111-4111-8111-aaaaaaaa5002',NULL,NULL,NULL,NULL,1,0,40,'2026-01-02 03:32:20','2026-01-02 03:32:20'),
('bbbb5205-1111-4111-8111-bbbbbbbb5205','aaaa5002-1111-4111-8111-aaaaaaaa5002',NULL,NULL,NULL,NULL,1,0,50,'2026-01-02 03:32:20','2026-01-02 03:32:20'),
('bbbb5206-1111-4111-8111-bbbbbbbb5206','aaaa5002-1111-4111-8111-aaaaaaaa5002',NULL,NULL,NULL,NULL,1,0,60,'2026-01-02 03:32:20','2026-01-02 03:32:20'),
('bbbb5207-1111-4111-8111-bbbbbbbb5207','aaaa5002-1111-4111-8111-aaaaaaaa5002',NULL,NULL,NULL,NULL,1,0,70,'2026-01-02 03:32:20','2026-01-02 03:32:20'),
('bbbb5208-1111-4111-8111-bbbbbbbb5208','aaaa5002-1111-4111-8111-aaaaaaaa5002',NULL,NULL,NULL,NULL,1,0,80,'2026-01-02 03:32:20','2026-01-02 03:32:20'),
('bbbb5209-1111-4111-8111-bbbbbbbb5209','aaaa5002-1111-4111-8111-aaaaaaaa5002',NULL,NULL,NULL,NULL,1,0,90,'2026-01-02 03:32:20','2026-01-02 03:32:20'),
('bbbb5301-1111-4111-8111-bbbbbbbb5301','aaaa5003-1111-4111-8111-aaaaaaaa5003',NULL,NULL,NULL,NULL,1,0,10,'2026-01-02 03:32:20','2026-01-02 03:32:20'),
('bbbb5302-1111-4111-8111-bbbbbbbb5302','aaaa5003-1111-4111-8111-aaaaaaaa5003',NULL,NULL,NULL,NULL,1,0,20,'2026-01-02 03:32:20','2026-01-02 03:32:20'),
('bbbb5303-1111-4111-8111-bbbbbbbb5303','aaaa5003-1111-4111-8111-aaaaaaaa5003',NULL,NULL,NULL,NULL,1,0,30,'2026-01-02 03:32:20','2026-01-02 03:32:20'),
('bbbb5304-1111-4111-8111-bbbbbbbb5304','aaaa5003-1111-4111-8111-aaaaaaaa5003',NULL,NULL,NULL,NULL,1,0,40,'2026-01-02 03:32:20','2026-01-02 03:32:20'),
('bbbb5305-1111-4111-8111-bbbbbbbb5305','aaaa5003-1111-4111-8111-aaaaaaaa5003',NULL,NULL,NULL,NULL,1,0,50,'2026-01-02 03:32:20','2026-01-02 03:32:20'),
('bbbb5306-1111-4111-8111-bbbbbbbb5306','aaaa5003-1111-4111-8111-aaaaaaaa5003',NULL,NULL,NULL,NULL,1,0,60,'2026-01-02 03:32:20','2026-01-02 03:32:20'),
('bbbb5307-1111-4111-8111-bbbbbbbb5307','aaaa5003-1111-4111-8111-aaaaaaaa5003',NULL,NULL,NULL,NULL,1,0,70,'2026-01-02 03:32:20','2026-01-02 03:32:20'),
('bbbb5308-1111-4111-8111-bbbbbbbb5308','aaaa5003-1111-4111-8111-aaaaaaaa5003',NULL,NULL,NULL,NULL,1,0,80,'2026-01-02 03:32:20','2026-01-02 03:32:20'),
('bbbb5309-1111-4111-8111-bbbbbbbb5309','aaaa5003-1111-4111-8111-aaaaaaaa5003',NULL,NULL,NULL,NULL,1,0,90,'2026-01-02 03:32:20','2026-01-02 03:32:20'),
('bbbb6001-1111-4111-8111-bbbbbbbb6001','aaaa6001-1111-4111-8111-aaaaaaaa6001',NULL,NULL,NULL,NULL,1,0,10,'2026-01-02 03:32:20','2026-01-02 03:32:20'),
('bbbb6002-1111-4111-8111-bbbbbbbb6002','aaaa6001-1111-4111-8111-aaaaaaaa6001',NULL,NULL,NULL,NULL,1,0,20,'2026-01-02 03:32:20','2026-01-02 03:32:20'),
('bbbb6003-1111-4111-8111-bbbbbbbb6003','aaaa6001-1111-4111-8111-aaaaaaaa6001',NULL,NULL,NULL,NULL,1,0,30,'2026-01-02 03:32:20','2026-01-02 03:32:20'),
('bbbb7001-1111-4111-8111-bbbbbbbb7001','aaaa7001-1111-4111-8111-aaaaaaaa7001',NULL,NULL,NULL,NULL,1,0,10,'2026-01-02 03:32:20','2026-01-02 03:32:20'),
('bbbb7002-1111-4111-8111-bbbbbbbb7002','aaaa7001-1111-4111-8111-aaaaaaaa7001',NULL,NULL,NULL,NULL,1,0,20,'2026-01-02 03:32:20','2026-01-02 03:32:20'),
('bbbb7003-1111-4111-8111-bbbbbbbb7003','aaaa7001-1111-4111-8111-aaaaaaaa7001',NULL,NULL,NULL,NULL,1,0,30,'2026-01-02 03:32:20','2026-01-02 03:32:20'),
('bbbb7004-1111-4111-8111-bbbbbbbb7004','aaaa7001-1111-4111-8111-aaaaaaaa7001',NULL,NULL,NULL,NULL,1,0,40,'2026-01-02 03:32:20','2026-01-02 03:32:20'),
('bbbb7005-1111-4111-8111-bbbbbbbb7005','aaaa7101-1111-4111-8111-aaaaaaaa7101',NULL,NULL,NULL,NULL,1,0,10,'2026-01-02 03:32:20','2026-01-02 03:32:20'),
('bbbb7006-1111-4111-8111-bbbbbbbb7006','aaaa7101-1111-4111-8111-aaaaaaaa7101',NULL,NULL,NULL,NULL,1,0,20,'2026-01-02 03:32:20','2026-01-02 03:32:20'),
('bbbb7007-1111-4111-8111-bbbbbbbb7007','aaaa7101-1111-4111-8111-aaaaaaaa7101',NULL,NULL,NULL,NULL,1,0,30,'2026-01-02 03:32:20','2026-01-02 03:32:20'),
('bbbb7008-1111-4111-8111-bbbbbbbb7008','aaaa7101-1111-4111-8111-aaaaaaaa7101',NULL,NULL,NULL,NULL,1,0,40,'2026-01-02 03:32:20','2026-01-02 03:32:20'),
('bbbb7009-1111-4111-8111-bbbbbbbb7009','aaaa7101-1111-4111-8111-aaaaaaaa7101',NULL,NULL,NULL,NULL,1,0,50,'2026-01-02 03:32:20','2026-01-02 03:32:20'),
('bbbb7010-1111-4111-8111-bbbbbbbb7010','aaaa7101-1111-4111-8111-aaaaaaaa7101',NULL,NULL,NULL,NULL,1,0,60,'2026-01-02 03:32:20','2026-01-02 03:32:20'),
('bbbb8001-1111-4111-8111-bbbbbbbb8001','aaaa8001-1111-4111-8111-aaaaaaaa8001',NULL,NULL,NULL,NULL,1,0,10,'2026-01-02 03:32:20','2026-01-02 03:32:20'),
('bbbb8002-1111-4111-8111-bbbbbbbb8002','aaaa8001-1111-4111-8111-aaaaaaaa8001',NULL,NULL,NULL,NULL,1,0,20,'2026-01-02 03:32:20','2026-01-02 03:32:20'),
('bbbb8003-1111-4111-8111-bbbbbbbb8003','aaaa8001-1111-4111-8111-aaaaaaaa8001',NULL,NULL,NULL,NULL,1,0,30,'2026-01-02 03:32:20','2026-01-02 03:32:20'),
('bbbb8004-1111-4111-8111-bbbbbbbb8004','aaaa8001-1111-4111-8111-aaaaaaaa8001',NULL,NULL,NULL,NULL,1,0,40,'2026-01-02 03:32:20','2026-01-02 03:32:20'),
('bbbb8005-1111-4111-8111-bbbbbbbb8005','aaaa8001-1111-4111-8111-aaaaaaaa8001',NULL,NULL,NULL,NULL,1,0,50,'2026-01-02 03:32:20','2026-01-02 03:32:20'),
('bbbb8006-1111-4111-8111-bbbbbbbb8006','aaaa8001-1111-4111-8111-aaaaaaaa8001',NULL,NULL,NULL,NULL,1,0,60,'2026-01-02 03:32:20','2026-01-02 03:32:20'),
('bbbb9001-1111-4111-8111-bbbbbbbb9001','aaaa9001-1111-4111-8111-aaaaaaaa9001',NULL,NULL,NULL,NULL,1,0,10,'2026-01-02 03:32:20','2026-01-02 03:32:20'),
('bbbb9002-1111-4111-8111-bbbbbbbb9002','aaaa9001-1111-4111-8111-aaaaaaaa9001',NULL,NULL,NULL,NULL,1,0,20,'2026-01-02 03:32:20','2026-01-02 03:32:20'),
('bbbb9003-1111-4111-8111-bbbbbbbb9003','aaaa9001-1111-4111-8111-aaaaaaaa9001',NULL,NULL,NULL,NULL,1,0,30,'2026-01-02 03:32:20','2026-01-02 03:32:20'),
('bbbb9004-1111-4111-8111-bbbbbbbb9004','aaaa9001-1111-4111-8111-aaaaaaaa9001',NULL,NULL,NULL,NULL,1,0,40,'2026-01-02 03:32:20','2026-01-02 03:32:20'),
('bbbb9101-1111-4111-8111-bbbbbbbb9101','aaaa9101-1111-4111-8111-aaaaaaaa9101',NULL,NULL,NULL,NULL,1,0,10,'2026-01-02 03:32:20','2026-01-02 03:32:20'),
('bbbb9102-1111-4111-8111-bbbbbbbb9102','aaaa9101-1111-4111-8111-aaaaaaaa9101',NULL,NULL,NULL,NULL,1,0,20,'2026-01-02 03:32:20','2026-01-02 03:32:20'),
('bbbb9103-1111-4111-8111-bbbbbbbb9103','aaaa9101-1111-4111-8111-aaaaaaaa9101',NULL,NULL,NULL,NULL,1,0,30,'2026-01-02 03:32:20','2026-01-02 03:32:20');
/*!40000 ALTER TABLE `sub_categories` ENABLE KEYS */;
UNLOCK TABLES;

--
-- Table structure for table `sub_category_i18n`
--

DROP TABLE IF EXISTS `sub_category_i18n`;
/*!40101 SET @saved_cs_client     = @@character_set_client */;
/*!40101 SET character_set_client = utf8mb4 */;
CREATE TABLE `sub_category_i18n` (
  `sub_category_id` char(36) NOT NULL,
  `locale` varchar(10) NOT NULL,
  `name` varchar(255) NOT NULL,
  `slug` varchar(255) NOT NULL,
  `description` text DEFAULT NULL,
  `alt` varchar(255) DEFAULT NULL,
  `created_at` timestamp NOT NULL DEFAULT current_timestamp(),
  `updated_at` timestamp NOT NULL DEFAULT current_timestamp() ON UPDATE current_timestamp(),
  PRIMARY KEY (`sub_category_id`,`locale`),
  UNIQUE KEY `uq_sub_category_i18n_locale_slug` (`locale`,`slug`),
  KEY `idx_sub_category_i18n_locale` (`locale`),
  CONSTRAINT `fk_sub_category_i18n_sub_category` FOREIGN KEY (`sub_category_id`) REFERENCES `sub_categories` (`id`) ON DELETE CASCADE ON UPDATE CASCADE
) ENGINE=InnoDB DEFAULT CHARSET=utf8mb4 COLLATE=utf8mb4_unicode_ci;
/*!40101 SET character_set_client = @saved_cs_client */;

--
-- Dumping data for table `sub_category_i18n`
--

LOCK TABLES `sub_category_i18n` WRITE;
/*!40000 ALTER TABLE `sub_category_i18n` DISABLE KEYS */;
INSERT INTO `sub_category_i18n` VALUES
('bbbb0001-1111-4111-8111-bbbbbbbb0001','de','Industrielle Kühltürme','industrielle-kuehltuerme',NULL,NULL,'2026-01-02 03:32:20','2026-01-02 03:32:20'),
('bbbb0001-1111-4111-8111-bbbbbbbb0001','en','Industrial Cooling Towers','industrial-cooling-towers',NULL,NULL,'2026-01-02 03:32:20','2026-01-02 03:32:20'),
('bbbb0001-1111-4111-8111-bbbbbbbb0001','tr','Endüstriyel Soğutma Kuleleri','endustriyel-sogutma-kuleleri',NULL,NULL,'2026-01-02 03:32:20','2026-01-02 03:32:20'),
('bbbb0002-1111-4111-8111-bbbbbbbb0002','de','HVAC-Kühltürme','hvac-kuehltuerme',NULL,NULL,'2026-01-02 03:32:20','2026-01-02 03:32:20'),
('bbbb0002-1111-4111-8111-bbbbbbbb0002','en','HVAC Cooling Towers','hvac-cooling-towers',NULL,NULL,'2026-01-02 03:32:20','2026-01-02 03:32:20'),
('bbbb0002-1111-4111-8111-bbbbbbbb0002','tr','HVAC Soğutma Kuleleri','hvac-sogutma-kuleleri',NULL,NULL,'2026-01-02 03:32:20','2026-01-02 03:32:20'),
('bbbb0003-1111-4111-8111-bbbbbbbb0003','de','Prozesskühlung Anwendungen','prozesskuehlung-anwendungen',NULL,NULL,'2026-01-02 03:32:20','2026-01-02 03:32:20'),
('bbbb0003-1111-4111-8111-bbbbbbbb0003','en','Process Cooling Applications','process-cooling-applications',NULL,NULL,'2026-01-02 03:32:20','2026-01-02 03:32:20'),
('bbbb0003-1111-4111-8111-bbbbbbbb0003','tr','Proses Soğutma Uygulamaları','proses-sogutma-uygulamalari',NULL,NULL,'2026-01-02 03:32:20','2026-01-02 03:32:20'),
('bbbb0004-1111-4111-8111-bbbbbbbb0004','de','Hochleistungstürme','hochleistungstuerme',NULL,NULL,'2026-01-02 03:32:20','2026-01-02 03:32:20'),
('bbbb0004-1111-4111-8111-bbbbbbbb0004','en','High Capacity Towers','high-capacity-towers',NULL,NULL,'2026-01-02 03:32:20','2026-01-02 03:32:20'),
('bbbb0004-1111-4111-8111-bbbbbbbb0004','tr','Yüksek Kapasiteli Kuleler','yuksek-kapasiteli-kuleler',NULL,NULL,'2026-01-02 03:32:20','2026-01-02 03:32:20'),
('bbbb0101-1111-4111-8111-bbbbbbbb0101','de','Offene Kühltürme mit Direktkontakt','offene-kuehltuerme-direktkontakt',NULL,NULL,'2026-01-02 03:32:20','2026-01-02 03:32:20'),
('bbbb0101-1111-4111-8111-bbbbbbbb0101','en','Direct Contact Open Circuit Towers','direct-contact-open-circuit-towers',NULL,NULL,'2026-01-02 03:32:20','2026-01-02 03:32:20'),
('bbbb0101-1111-4111-8111-bbbbbbbb0101','tr','Doğrudan Temaslı Açık Devre Kuleler','dogrudan-temasli-acik-devre-kuleler',NULL,NULL,'2026-01-02 03:32:20','2026-01-02 03:32:20'),
('bbbb0102-1111-4111-8111-bbbbbbbb0102','de','Mechanisch belüftete offene Kühltürme','mechanisch-belueftete-offene-kuehltuerme',NULL,NULL,'2026-01-02 03:32:20','2026-01-02 03:32:20'),
('bbbb0102-1111-4111-8111-bbbbbbbb0102','en','Mechanical Draft Open Circuit Towers','mechanical-draft-open-circuit-towers',NULL,NULL,'2026-01-02 03:32:20','2026-01-02 03:32:20'),
('bbbb0102-1111-4111-8111-bbbbbbbb0102','tr','Mekanik Çekişli Açık Devre Kuleler','mekanik-cekisli-acik-devre-kuleler',NULL,NULL,'2026-01-02 03:32:20','2026-01-02 03:32:20'),
('bbbb0103-1111-4111-8111-bbbbbbbb0103','de','Naturzug offene Kühltürme','naturzug-offene-kuehltuerme',NULL,NULL,'2026-01-02 03:32:20','2026-01-02 03:32:20'),
('bbbb0103-1111-4111-8111-bbbbbbbb0103','en','Natural Draft Open Circuit Towers','natural-draft-open-circuit-towers',NULL,NULL,'2026-01-02 03:32:20','2026-01-02 03:32:20'),
('bbbb0103-1111-4111-8111-bbbbbbbb0103','tr','Doğal Çekişli Açık Devre Kuleler','dogal-cekisli-acik-devre-kuleler',NULL,NULL,'2026-01-02 03:32:20','2026-01-02 03:32:20'),
('bbbb0201-1111-4111-8111-bbbbbbbb0201','de','Sprüh-Typ geschlossene Kühltürme','sprueh-typ-geschlossene-kuehltuerme',NULL,NULL,'2026-01-02 03:32:20','2026-01-02 03:32:20'),
('bbbb0201-1111-4111-8111-bbbbbbbb0201','en','Spray Type Closed Circuit Towers','spray-type-closed-circuit-towers',NULL,NULL,'2026-01-02 03:32:20','2026-01-02 03:32:20'),
('bbbb0201-1111-4111-8111-bbbbbbbb0201','tr','Sıçratmalı Kapalı Devre Kuleler','sicratmali-kapali-devre-kuleler',NULL,NULL,'2026-01-02 03:32:20','2026-01-02 03:32:20'),
('bbbb0202-1111-4111-8111-bbbbbbbb0202','de','Film-Typ geschlossene Kühltürme','film-typ-geschlossene-kuehltuerme',NULL,NULL,'2026-01-02 03:32:20','2026-01-02 03:32:20'),
('bbbb0202-1111-4111-8111-bbbbbbbb0202','en','Film Type Closed Circuit Towers','film-type-closed-circuit-cooling-towers',NULL,NULL,'2026-01-02 03:32:20','2026-01-02 03:32:20'),
('bbbb0202-1111-4111-8111-bbbbbbbb0202','tr','Film Tip Kapalı Devre Kuleler','film-tip-kapali-devre-kuleler',NULL,NULL,'2026-01-02 03:32:20','2026-01-02 03:32:20'),
('bbbb0203-1111-4111-8111-bbbbbbbb0203','de','Adiabatische Lösungen (geschlossen)','adiabatische-loesungen-geschlossen',NULL,NULL,'2026-01-02 03:32:20','2026-01-02 03:32:20'),
('bbbb0203-1111-4111-8111-bbbbbbbb0203','en','Adiabatic Closed Circuit Solutions','adiabatic-closed-circuit-solutions',NULL,NULL,'2026-01-02 03:32:20','2026-01-02 03:32:20'),
('bbbb0203-1111-4111-8111-bbbbbbbb0203','tr','Adyabatik Kapalı Devre Çözümler','adyabatik-kapali-devre-cozumler',NULL,NULL,'2026-01-02 03:32:20','2026-01-02 03:32:20'),
('bbbb0301-1111-4111-8111-bbbbbbbb0301','de','Hybrid-adiabatische Systeme','hybrid-adiabatische-systeme',NULL,NULL,'2026-01-02 03:32:20','2026-01-02 03:32:20'),
('bbbb0301-1111-4111-8111-bbbbbbbb0301','en','Hybrid Adiabatic Systems','hybrid-adiabatic-systems',NULL,NULL,'2026-01-02 03:32:20','2026-01-02 03:32:20'),
('bbbb0301-1111-4111-8111-bbbbbbbb0301','tr','Hibrit Adyabatik Sistemler','hibrit-adyabatik-sistemler',NULL,NULL,'2026-01-02 03:32:20','2026-01-02 03:32:20'),
('bbbb0302-1111-4111-8111-bbbbbbbb0302','de','Hybridturm + Trockenkühler','hybridturm-trockenkuehler',NULL,NULL,'2026-01-02 03:32:20','2026-01-02 03:32:20'),
('bbbb0302-1111-4111-8111-bbbbbbbb0302','en','Hybrid Tower + Dry Cooler','hybrid-tower-dry-cooler',NULL,NULL,'2026-01-02 03:32:20','2026-01-02 03:32:20'),
('bbbb0302-1111-4111-8111-bbbbbbbb0302','tr','Hibrit Kule + Kuru Soğutucu','hibrit-kule-kuru-sogutucu',NULL,NULL,'2026-01-02 03:32:20','2026-01-02 03:32:20'),
('bbbb0303-1111-4111-8111-bbbbbbbb0303','de','Saisonale Hybridlösungen','saisonale-hybridloesungen',NULL,NULL,'2026-01-02 03:32:20','2026-01-02 03:32:20'),
('bbbb0303-1111-4111-8111-bbbbbbbb0303','en','Seasonal Hybrid Solutions','seasonal-hybrid-solutions',NULL,NULL,'2026-01-02 03:32:20','2026-01-02 03:32:20'),
('bbbb0303-1111-4111-8111-bbbbbbbb0303','tr','Mevsimsel Hibrit Çözümler','mevsimsel-hibrit-cozumler',NULL,NULL,'2026-01-02 03:32:20','2026-01-02 03:32:20'),
('bbbb0401-1111-4111-8111-bbbbbbbb0401','de','Wärmetauscher-Lösungen','waermetauscher-loesungen',NULL,NULL,'2026-01-02 03:32:20','2026-01-02 03:32:20'),
('bbbb0401-1111-4111-8111-bbbbbbbb0401','en','Heat Exchanger Solutions','heat-exchanger-solutions',NULL,NULL,'2026-01-02 03:32:20','2026-01-02 03:32:20'),
('bbbb0401-1111-4111-8111-bbbbbbbb0401','tr','Eşanjör Çözümleri','esanjor-cozumleri',NULL,NULL,'2026-01-02 03:32:20','2026-01-02 03:32:20'),
('bbbb0402-1111-4111-8111-bbbbbbbb0402','de','Trockenkühler','trockenkuehler',NULL,NULL,'2026-01-02 03:32:20','2026-01-02 03:32:20'),
('bbbb0402-1111-4111-8111-bbbbbbbb0402','en','Dry Coolers','dry-coolers',NULL,NULL,'2026-01-02 03:32:20','2026-01-02 03:32:20'),
('bbbb0402-1111-4111-8111-bbbbbbbb0402','tr','Kuru Soğutucular (Dry Cooler)','kuru-sogutucular-dry-cooler',NULL,NULL,'2026-01-02 03:32:20','2026-01-02 03:32:20'),
('bbbb0403-1111-4111-8111-bbbbbbbb0403','de','Spezielle Wärmeübertragungs-Anwendungen','spezielle-waermeuebertragungs-anwendungen',NULL,NULL,'2026-01-02 03:32:20','2026-01-02 03:32:20'),
('bbbb0403-1111-4111-8111-bbbbbbbb0403','en','Custom Heat Transfer Applications','custom-heat-transfer-applications',NULL,NULL,'2026-01-02 03:32:20','2026-01-02 03:32:20'),
('bbbb0403-1111-4111-8111-bbbbbbbb0403','tr','Özel Isı Transfer Uygulamaları','ozel-isi-transfer-uygulamalari',NULL,NULL,'2026-01-02 03:32:20','2026-01-02 03:32:20'),
('bbbb1001-1111-4111-8111-bbbbbbbb1001','de','Turm-Hauptkomponenten','turm-hauptkomponenten',NULL,NULL,'2026-01-02 03:32:20','2026-01-02 03:32:20'),
('bbbb1001-1111-4111-8111-bbbbbbbb1001','en','Tower Main Components','tower-main-components',NULL,NULL,'2026-01-02 03:32:20','2026-01-02 03:32:20'),
('bbbb1001-1111-4111-8111-bbbbbbbb1001','tr','Kule Ana Bileşenleri','kule-ana-bilesenleri',NULL,NULL,'2026-01-02 03:32:20','2026-01-02 03:32:20'),
('bbbb1002-1111-4111-8111-bbbbbbbb1002','de','Ersatzteile & Zubehör','ersatzteile-zubehoer',NULL,NULL,'2026-01-02 03:32:20','2026-01-02 03:32:20'),
('bbbb1002-1111-4111-8111-bbbbbbbb1002','en','Spare Parts & Accessories','spare-parts-accessories',NULL,NULL,'2026-01-02 03:32:20','2026-01-02 03:32:20'),
('bbbb1002-1111-4111-8111-bbbbbbbb1002','tr','Yedek Parçalar ve Aksesuarlar','yedek-parcalar-ve-aksesuarlar',NULL,NULL,'2026-01-02 03:32:20','2026-01-02 03:32:20'),
('bbbb1003-1111-4111-8111-bbbbbbbb1003','de','Füllkörper / Füllmaterial','fuellkoerper-fuellmaterial',NULL,NULL,'2026-01-02 03:32:20','2026-01-02 03:32:20'),
('bbbb1003-1111-4111-8111-bbbbbbbb1003','en','Fill Media','fill-media',NULL,NULL,'2026-01-02 03:32:20','2026-01-02 03:32:20'),
('bbbb1003-1111-4111-8111-bbbbbbbb1003','tr','Dolgu Malzemeleri','dolgu-malzemeleri',NULL,NULL,'2026-01-02 03:32:20','2026-01-02 03:32:20'),
('bbbb1004-1111-4111-8111-bbbbbbbb1004','de','Ventilator- & Motorgruppe','ventilator-motorgruppe',NULL,NULL,'2026-01-02 03:32:20','2026-01-02 03:32:20'),
('bbbb1004-1111-4111-8111-bbbbbbbb1004','en','Fan & Motor Group','fan-motor-group',NULL,NULL,'2026-01-02 03:32:20','2026-01-02 03:32:20'),
('bbbb1004-1111-4111-8111-bbbbbbbb1004','tr','Fan ve Motor Grubu','fan-ve-motor-grubu',NULL,NULL,'2026-01-02 03:32:20','2026-01-02 03:32:20'),
('bbbb1005-1111-4111-8111-bbbbbbbb1005','de','Wärmeübertragung & Wärmetauscher','waermeuebertragung-waermetauscher',NULL,NULL,'2026-01-02 03:32:20','2026-01-02 03:32:20'),
('bbbb1005-1111-4111-8111-bbbbbbbb1005','en','Heat Transfer & Exchanger','heat-transfer-exchanger',NULL,NULL,'2026-01-02 03:32:20','2026-01-02 03:32:20'),
('bbbb1005-1111-4111-8111-bbbbbbbb1005','tr','Isı Transfer ve Eşanjör','isi-transfer-ve-esanjor',NULL,NULL,'2026-01-02 03:32:20','2026-01-02 03:32:20'),
('bbbb1006-1111-4111-8111-bbbbbbbb1006','de','Pumpe & Umwälzung','pumpe-umwaelzung',NULL,NULL,'2026-01-02 03:32:20','2026-01-02 03:32:20'),
('bbbb1006-1111-4111-8111-bbbbbbbb1006','en','Pump & Circulation','pump-circulation',NULL,NULL,'2026-01-02 03:32:20','2026-01-02 03:32:20'),
('bbbb1006-1111-4111-8111-bbbbbbbb1006','tr','Pompa ve Sirkülasyon','pompa-ve-sirkulasyon',NULL,NULL,'2026-01-02 03:32:20','2026-01-02 03:32:20'),
('bbbb2001-1111-4111-8111-bbbbbbbb2001','de','Ankündigungen','ankuendigungen',NULL,NULL,'2026-01-02 03:32:20','2026-01-02 03:32:20'),
('bbbb2001-1111-4111-8111-bbbbbbbb2001','en','Announcements','announcements',NULL,NULL,'2026-01-02 03:32:20','2026-01-02 03:32:20'),
('bbbb2001-1111-4111-8111-bbbbbbbb2001','tr','Duyurular','duyurular',NULL,NULL,'2026-01-02 03:32:20','2026-01-02 03:32:20'),
('bbbb2002-1111-4111-8111-bbbbbbbb2002','de','Pressemitteilungen','pressemitteilungen',NULL,NULL,'2026-01-02 03:32:20','2026-01-02 03:32:20'),
('bbbb2002-1111-4111-8111-bbbbbbbb2002','en','Press Releases','press-releases',NULL,NULL,'2026-01-02 03:32:20','2026-01-02 03:32:20'),
('bbbb2002-1111-4111-8111-bbbbbbbb2002','tr','Basın Bültenleri','basin-bultenleri',NULL,NULL,'2026-01-02 03:32:20','2026-01-02 03:32:20'),
('bbbb2003-1111-4111-8111-bbbbbbbb2003','de','Branchennachrichten','branchennachrichten',NULL,NULL,'2026-01-02 03:32:20','2026-01-02 03:32:20'),
('bbbb2003-1111-4111-8111-bbbbbbbb2003','en','Industry News','industry-news',NULL,NULL,'2026-01-02 03:32:20','2026-01-02 03:32:20'),
('bbbb2003-1111-4111-8111-bbbbbbbb2003','tr','Sektör Haberleri','sektor-haberleri',NULL,NULL,'2026-01-02 03:32:20','2026-01-02 03:32:20'),
('bbbb2101-1111-4111-8111-bbbbbbbb2101','de','Neue Projekte','neue-projekte',NULL,NULL,'2026-01-02 03:32:20','2026-01-02 03:32:20'),
('bbbb2101-1111-4111-8111-bbbbbbbb2101','en','New Projects','new-projects',NULL,NULL,'2026-01-02 03:32:20','2026-01-02 03:32:20'),
('bbbb2101-1111-4111-8111-bbbbbbbb2101','tr','Yeni Projeler','yeni-projeler',NULL,NULL,'2026-01-02 03:32:20','2026-01-02 03:32:20'),
('bbbb2102-1111-4111-8111-bbbbbbbb2102','de','Auszeichnungen & Erfolge','auszeichnungen-erfolge',NULL,NULL,'2026-01-02 03:32:20','2026-01-02 03:32:20'),
('bbbb2102-1111-4111-8111-bbbbbbbb2102','en','Awards & Achievements','awards-and-achievements',NULL,NULL,'2026-01-02 03:32:20','2026-01-02 03:32:20'),
('bbbb2102-1111-4111-8111-bbbbbbbb2102','tr','Ödül ve Başarılar','odul-ve-basarilar',NULL,NULL,'2026-01-02 03:32:20','2026-01-02 03:32:20'),
('bbbb2201-1111-4111-8111-bbbbbbbb2201','de','Allgemeine Ankündigungen','allgemeine-ankuendigungen',NULL,NULL,'2026-01-02 03:32:20','2026-01-02 03:32:20'),
('bbbb2201-1111-4111-8111-bbbbbbbb2201','en','General Announcements','general-announcements',NULL,NULL,'2026-01-02 03:32:20','2026-01-02 03:32:20'),
('bbbb2201-1111-4111-8111-bbbbbbbb2201','tr','Genel Duyurular','genel-duyurular',NULL,NULL,'2026-01-02 03:32:20','2026-01-02 03:32:20'),
('bbbb2202-1111-4111-8111-bbbbbbbb2202','de','Wartung / Service Hinweise','wartung-service-hinweise',NULL,NULL,'2026-01-02 03:32:20','2026-01-02 03:32:20'),
('bbbb2202-1111-4111-8111-bbbbbbbb2202','en','Maintenance / Service Announcements','maintenance-service-announcements',NULL,NULL,'2026-01-02 03:32:20','2026-01-02 03:32:20'),
('bbbb2202-1111-4111-8111-bbbbbbbb2202','tr','Bakım / Servis Duyuruları','bakim-servis-duyurulari',NULL,NULL,'2026-01-02 03:32:20','2026-01-02 03:32:20'),
('bbbb2301-1111-4111-8111-bbbbbbbb2301','de','Zeitung & Magazin','zeitung-magazin',NULL,NULL,'2026-01-02 03:32:20','2026-01-02 03:32:20'),
('bbbb2301-1111-4111-8111-bbbbbbbb2301','en','Newspaper & Magazine','newspaper-and-magazine',NULL,NULL,'2026-01-02 03:32:20','2026-01-02 03:32:20'),
('bbbb2301-1111-4111-8111-bbbbbbbb2301','tr','Gazete & Dergi','gazete-dergi',NULL,NULL,'2026-01-02 03:32:20','2026-01-02 03:32:20'),
('bbbb2302-1111-4111-8111-bbbbbbbb2302','de','Online-News','online-news',NULL,NULL,'2026-01-02 03:32:20','2026-01-02 03:32:20'),
('bbbb2302-1111-4111-8111-bbbbbbbb2302','en','Online News','online-news',NULL,NULL,'2026-01-02 03:32:20','2026-01-02 03:32:20'),
('bbbb2302-1111-4111-8111-bbbbbbbb2302','tr','Online Haberler','online-haberler',NULL,NULL,'2026-01-02 03:32:20','2026-01-02 03:32:20'),
('bbbb3001-1111-4111-8111-bbbbbbbb3001','de','Wartungsleitfäden','wartungsleitfaeden',NULL,NULL,'2026-01-02 03:32:20','2026-01-02 03:32:20'),
('bbbb3001-1111-4111-8111-bbbbbbbb3001','en','Maintenance Guides','maintenance-guides',NULL,NULL,'2026-01-02 03:32:20','2026-01-02 03:32:20'),
('bbbb3001-1111-4111-8111-bbbbbbbb3001','tr','Bakım Rehberleri','bakim-rehberleri',NULL,NULL,'2026-01-02 03:32:20','2026-01-02 03:32:20'),
('bbbb3002-1111-4111-8111-bbbbbbbb3002','de','Design-Tipps','design-tipps',NULL,NULL,'2026-01-02 03:32:20','2026-01-02 03:32:20'),
('bbbb3002-1111-4111-8111-bbbbbbbb3002','en','Design Tips','design-tips',NULL,NULL,'2026-01-02 03:32:20','2026-01-02 03:32:20'),
('bbbb3002-1111-4111-8111-bbbbbbbb3002','tr','Tasarım Önerileri','tasarim-onerileri',NULL,NULL,'2026-01-02 03:32:20','2026-01-02 03:32:20'),
('bbbb3003-1111-4111-8111-bbbbbbbb3003','de','Häufige Fragen','haeufige-fragen-blog',NULL,NULL,'2026-01-02 03:32:20','2026-01-02 03:32:20'),
('bbbb3003-1111-4111-8111-bbbbbbbb3003','en','Frequently Asked Questions','frequently-asked-questions-blog',NULL,NULL,'2026-01-02 03:32:20','2026-01-02 03:32:20'),
('bbbb3003-1111-4111-8111-bbbbbbbb3003','tr','Sık Sorulan Sorular','sik-sorulan-sorular-blog',NULL,NULL,'2026-01-02 03:32:20','2026-01-02 03:32:20'),
('bbbb3101-1111-4111-8111-bbbbbbbb3101','de','Technische Leitfäden','technische-leitfaeden',NULL,NULL,'2026-01-02 03:32:20','2026-01-02 03:32:20'),
('bbbb3101-1111-4111-8111-bbbbbbbb3101','en','Technical Guides','technical-guides',NULL,NULL,'2026-01-02 03:32:20','2026-01-02 03:32:20'),
('bbbb3101-1111-4111-8111-bbbbbbbb3101','tr','Teknik Rehberler','teknik-rehberler',NULL,NULL,'2026-01-02 03:32:20','2026-01-02 03:32:20'),
('bbbb3102-1111-4111-8111-bbbbbbbb3102','de','Fehlersuche','fehlersuche',NULL,NULL,'2026-01-02 03:32:20','2026-01-02 03:32:20'),
('bbbb3102-1111-4111-8111-bbbbbbbb3102','en','Troubleshooting','troubleshooting',NULL,NULL,'2026-01-02 03:32:20','2026-01-02 03:32:20'),
('bbbb3102-1111-4111-8111-bbbbbbbb3102','tr','Arıza Çözümleri','ariza-cozumleri',NULL,NULL,'2026-01-02 03:32:20','2026-01-02 03:32:20'),
('bbbb3201-1111-4111-8111-bbbbbbbb3201','de','Marktanalyse','marktanalyse',NULL,NULL,'2026-01-02 03:32:20','2026-01-02 03:32:20'),
('bbbb3201-1111-4111-8111-bbbbbbbb3201','en','Market Analysis','market-analysis',NULL,NULL,'2026-01-02 03:32:20','2026-01-02 03:32:20'),
('bbbb3201-1111-4111-8111-bbbbbbbb3201','tr','Pazar Analizi','pazar-analizi',NULL,NULL,'2026-01-02 03:32:20','2026-01-02 03:32:20'),
('bbbb3202-1111-4111-8111-bbbbbbbb3202','de','Trends & Entwicklungen','trends-entwicklungen',NULL,NULL,'2026-01-02 03:32:20','2026-01-02 03:32:20'),
('bbbb3202-1111-4111-8111-bbbbbbbb3202','en','Trends & Developments','trends-and-developments',NULL,NULL,'2026-01-02 03:32:20','2026-01-02 03:32:20'),
('bbbb3202-1111-4111-8111-bbbbbbbb3202','tr','Trendler & Gelişmeler','trendler-gelismeler',NULL,NULL,'2026-01-02 03:32:20','2026-01-02 03:32:20'),
('bbbb3301-1111-4111-8111-bbbbbbbb3301','de','Allgemeine Leitfäden','allgemeine-leitfaeden',NULL,NULL,'2026-01-02 03:32:20','2026-01-02 03:32:20'),
('bbbb3301-1111-4111-8111-bbbbbbbb3301','en','General Guides','general-guides',NULL,NULL,'2026-01-02 03:32:20','2026-01-02 03:32:20'),
('bbbb3301-1111-4111-8111-bbbbbbbb3301','tr','Genel Rehberler','genel-rehberler',NULL,NULL,'2026-01-02 03:32:20','2026-01-02 03:32:20'),
('bbbb3302-1111-4111-8111-bbbbbbbb3302','de','Inspirierende Geschichten','inspirierende-geschichten',NULL,NULL,'2026-01-02 03:32:20','2026-01-02 03:32:20'),
('bbbb3302-1111-4111-8111-bbbbbbbb3302','en','Inspiring Stories','inspiring-stories',NULL,NULL,'2026-01-02 03:32:20','2026-01-02 03:32:20'),
('bbbb3302-1111-4111-8111-bbbbbbbb3302','tr','İlham Veren Hikayeler','ilham-veren-hikayeler',NULL,NULL,'2026-01-02 03:32:20','2026-01-02 03:32:20'),
('bbbb4001-1111-4111-8111-bbbbbbbb4001','de','Startseiten-Slider','startseiten-slider',NULL,NULL,'2026-01-02 03:32:20','2026-01-02 03:32:20'),
('bbbb4001-1111-4111-8111-bbbbbbbb4001','en','Homepage Slider','homepage-slider',NULL,NULL,'2026-01-02 03:32:20','2026-01-02 03:32:20'),
('bbbb4001-1111-4111-8111-bbbbbbbb4001','tr','Ana Sayfa Sliderı','ana-sayfa-slideri',NULL,NULL,'2026-01-02 03:32:20','2026-01-02 03:32:20'),
('bbbb4002-1111-4111-8111-bbbbbbbb4002','de','Kampagnen-Slider','kampagnen-slider',NULL,NULL,'2026-01-02 03:32:20','2026-01-02 03:32:20'),
('bbbb4002-1111-4111-8111-bbbbbbbb4002','en','Campaign Slider','campaign-slider',NULL,NULL,'2026-01-02 03:32:20','2026-01-02 03:32:20'),
('bbbb4002-1111-4111-8111-bbbbbbbb4002','tr','Kampanya Sliderı','kampanya-slideri',NULL,NULL,'2026-01-02 03:32:20','2026-01-02 03:32:20'),
('bbbb5201-1111-4111-8111-bbbbbbbb5201','de','KRAFTWERKE','kraftwerke',NULL,NULL,'2026-01-02 03:32:20','2026-01-02 03:32:20'),
('bbbb5201-1111-4111-8111-bbbbbbbb5201','en','Power Plants','power-plants',NULL,NULL,'2026-01-02 03:32:20','2026-01-02 03:32:20'),
('bbbb5201-1111-4111-8111-bbbbbbbb5201','tr','Enerji Santralleri','enerji-santralleri',NULL,NULL,'2026-01-02 03:32:20','2026-01-02 03:32:20'),
('bbbb5202-1111-4111-8111-bbbbbbbb5202','de','PETROCHEMIE & CHEMIEANLAGEN','petrochemie-chemieanlagen',NULL,NULL,'2026-01-02 03:32:20','2026-01-02 03:32:20'),
('bbbb5202-1111-4111-8111-bbbbbbbb5202','en','Petrochemical & Chemical Plants','petrochemical-chemical-plants',NULL,NULL,'2026-01-02 03:32:20','2026-01-02 03:32:20'),
('bbbb5202-1111-4111-8111-bbbbbbbb5202','tr','Petrokimya & Kimya Tesisleri','petrokimya-kimya-tesisleri',NULL,NULL,'2026-01-02 03:32:20','2026-01-02 03:32:20'),
('bbbb5203-1111-4111-8111-bbbbbbbb5203','de','ZEMENT & BERGBAU','zement-bergbau',NULL,NULL,'2026-01-02 03:32:20','2026-01-02 03:32:20'),
('bbbb5203-1111-4111-8111-bbbbbbbb5203','en','Cement & Mining','cement-mining',NULL,NULL,'2026-01-02 03:32:20','2026-01-02 03:32:20'),
('bbbb5203-1111-4111-8111-bbbbbbbb5203','tr','Çimento & Madencilik','cimento-madencilik',NULL,NULL,'2026-01-02 03:32:20','2026-01-02 03:32:20'),
('bbbb5204-1111-4111-8111-bbbbbbbb5204','de','LEBENSMITTEL- & GETRÄNKEANLAGEN','lebensmittel-getraenkeanlagen',NULL,NULL,'2026-01-02 03:32:20','2026-01-02 03:32:20'),
('bbbb5204-1111-4111-8111-bbbbbbbb5204','en','Food & Beverage Plants','food-beverage-plants',NULL,NULL,'2026-01-02 03:32:20','2026-01-02 03:32:20'),
('bbbb5204-1111-4111-8111-bbbbbbbb5204','tr','Gıda & İçecek Tesisleri','gida-icecek-tesisleri',NULL,NULL,'2026-01-02 03:32:20','2026-01-02 03:32:20'),
('bbbb5205-1111-4111-8111-bbbbbbbb5205','de','STAHL- & METALLINDUSTRIE','stahl-metallindustrie',NULL,NULL,'2026-01-02 03:32:20','2026-01-02 03:32:20'),
('bbbb5205-1111-4111-8111-bbbbbbbb5205','en','Steel & Metal Industry','steel-metal-industry',NULL,NULL,'2026-01-02 03:32:20','2026-01-02 03:32:20'),
('bbbb5205-1111-4111-8111-bbbbbbbb5205','tr','Çelik & Metal Sanayi','celik-metal-sanayi',NULL,NULL,'2026-01-02 03:32:20','2026-01-02 03:32:20'),
('bbbb5206-1111-4111-8111-bbbbbbbb5206','de','AUTOMOBIL- & ZULIEFERINDUSTRIE','automobil-zulieferindustrie',NULL,NULL,'2026-01-02 03:32:20','2026-01-02 03:32:20'),
('bbbb5206-1111-4111-8111-bbbbbbbb5206','en','Automotive & Supplier Industry','automotive-supplier-industry',NULL,NULL,'2026-01-02 03:32:20','2026-01-02 03:32:20'),
('bbbb5206-1111-4111-8111-bbbbbbbb5206','tr','Otomotiv & Yan Sanayi','otomotiv-yan-sanayi',NULL,NULL,'2026-01-02 03:32:20','2026-01-02 03:32:20'),
('bbbb5207-1111-4111-8111-bbbbbbbb5207','de','EINKAUFSZENTREN & GEWERBEGEBÄUDE','einkaufszentren-gewerbegebaeude',NULL,NULL,'2026-01-02 03:32:20','2026-01-02 03:32:20'),
('bbbb5207-1111-4111-8111-bbbbbbbb5207','en','Malls & Commercial Buildings','malls-commercial-buildings',NULL,NULL,'2026-01-02 03:32:20','2026-01-02 03:32:20'),
('bbbb5207-1111-4111-8111-bbbbbbbb5207','tr','AVM & Ticari Binalar','avm-ticari-binalar',NULL,NULL,'2026-01-02 03:32:20','2026-01-02 03:32:20'),
('bbbb5208-1111-4111-8111-bbbbbbbb5208','de','RECHENZENTREN & KRANKENHÄUSER','rechenzentren-krankenhaeuser',NULL,NULL,'2026-01-02 03:32:20','2026-01-02 03:32:20'),
('bbbb5208-1111-4111-8111-bbbbbbbb5208','en','Data Centers & Hospitals','data-centers-hospitals',NULL,NULL,'2026-01-02 03:32:20','2026-01-02 03:32:20'),
('bbbb5208-1111-4111-8111-bbbbbbbb5208','tr','Veri Merkezi & Hastane','veri-merkezi-hastane',NULL,NULL,'2026-01-02 03:32:20','2026-01-02 03:32:20'),
('bbbb5209-1111-4111-8111-bbbbbbbb5209','de','SONSTIGE PROJEKTE','sonstige-projekte',NULL,NULL,'2026-01-02 03:32:20','2026-01-02 03:32:20'),
('bbbb5209-1111-4111-8111-bbbbbbbb5209','en','Other Projects','other-projects',NULL,NULL,'2026-01-02 03:32:20','2026-01-02 03:32:20'),
('bbbb5209-1111-4111-8111-bbbbbbbb5209','tr','Diğer Projeler','diger-projeler',NULL,NULL,'2026-01-02 03:32:20','2026-01-02 03:32:20'),
('bbbb5301-1111-4111-8111-bbbbbbbb5301','de','KRAFTWERKE','kraftwerke-ausland',NULL,NULL,'2026-01-02 03:32:20','2026-01-02 03:32:20'),
('bbbb5301-1111-4111-8111-bbbbbbbb5301','en','Power Plants','power-plants-international',NULL,NULL,'2026-01-02 03:32:20','2026-01-02 03:32:20'),
('bbbb5301-1111-4111-8111-bbbbbbbb5301','tr','Enerji Santralleri','enerji-santralleri-yurtdisi',NULL,NULL,'2026-01-02 03:32:20','2026-01-02 03:32:20'),
('bbbb5302-1111-4111-8111-bbbbbbbb5302','de','PETROCHEMIE & CHEMIEANLAGEN','petrochemie-chemieanlagen-ausland',NULL,NULL,'2026-01-02 03:32:20','2026-01-02 03:32:20'),
('bbbb5302-1111-4111-8111-bbbbbbbb5302','en','Petrochemical & Chemical Plants','petrochemical-chemical-plants-international',NULL,NULL,'2026-01-02 03:32:20','2026-01-02 03:32:20'),
('bbbb5302-1111-4111-8111-bbbbbbbb5302','tr','Petrokimya & Kimya Tesisleri','petrokimya-kimya-tesisleri-yurtdisi',NULL,NULL,'2026-01-02 03:32:20','2026-01-02 03:32:20'),
('bbbb5303-1111-4111-8111-bbbbbbbb5303','de','ZEMENT & BERGBAU','zement-bergbau-ausland',NULL,NULL,'2026-01-02 03:32:20','2026-01-02 03:32:20'),
('bbbb5303-1111-4111-8111-bbbbbbbb5303','en','Cement & Mining','cement-mining-international',NULL,NULL,'2026-01-02 03:32:20','2026-01-02 03:32:20'),
('bbbb5303-1111-4111-8111-bbbbbbbb5303','tr','Çimento & Madencilik','cimento-madencilik-yurtdisi',NULL,NULL,'2026-01-02 03:32:20','2026-01-02 03:32:20'),
('bbbb5304-1111-4111-8111-bbbbbbbb5304','de','LEBENSMITTEL- & GETRÄNKEANLAGEN','lebensmittel-getraenkeanlagen-ausland',NULL,NULL,'2026-01-02 03:32:20','2026-01-02 03:32:20'),
('bbbb5304-1111-4111-8111-bbbbbbbb5304','en','Food & Beverage Plants','food-beverage-plants-international',NULL,NULL,'2026-01-02 03:32:20','2026-01-02 03:32:20'),
('bbbb5304-1111-4111-8111-bbbbbbbb5304','tr','Gıda & İçecek Tesisleri','gida-icecek-tesisleri-yurtdisi',NULL,NULL,'2026-01-02 03:32:20','2026-01-02 03:32:20'),
('bbbb5305-1111-4111-8111-bbbbbbbb5305','de','STAHL- & METALLINDUSTRIE','stahl-metallindustrie-ausland',NULL,NULL,'2026-01-02 03:32:20','2026-01-02 03:32:20'),
('bbbb5305-1111-4111-8111-bbbbbbbb5305','en','Steel & Metal Industry','steel-metal-industry-international',NULL,NULL,'2026-01-02 03:32:20','2026-01-02 03:32:20'),
('bbbb5305-1111-4111-8111-bbbbbbbb5305','tr','Çelik & Metal Sanayi','celik-metal-sanayi-yurtdisi',NULL,NULL,'2026-01-02 03:32:20','2026-01-02 03:32:20'),
('bbbb5306-1111-4111-8111-bbbbbbbb5306','de','AUTOMOBIL- & ZULIEFERINDUSTRIE','automobil-zulieferindustrie-ausland',NULL,NULL,'2026-01-02 03:32:20','2026-01-02 03:32:20'),
('bbbb5306-1111-4111-8111-bbbbbbbb5306','en','Automotive & Supplier Industry','automotive-supplier-industry-international',NULL,NULL,'2026-01-02 03:32:20','2026-01-02 03:32:20'),
('bbbb5306-1111-4111-8111-bbbbbbbb5306','tr','Otomotiv & Yan Sanayi','otomotiv-yan-sanayi-yurtdisi',NULL,NULL,'2026-01-02 03:32:20','2026-01-02 03:32:20'),
('bbbb5307-1111-4111-8111-bbbbbbbb5307','de','EINKAUFSZENTREN & GEWERBEGEBÄUDE','einkaufszentren-gewerbegebaeude-ausland',NULL,NULL,'2026-01-02 03:32:20','2026-01-02 03:32:20'),
('bbbb5307-1111-4111-8111-bbbbbbbb5307','en','Malls & Commercial Buildings','malls-commercial-buildings-international',NULL,NULL,'2026-01-02 03:32:20','2026-01-02 03:32:20'),
('bbbb5307-1111-4111-8111-bbbbbbbb5307','tr','AVM & Ticari Binalar','avm-ticari-binalar-yurtdisi',NULL,NULL,'2026-01-02 03:32:20','2026-01-02 03:32:20'),
('bbbb5308-1111-4111-8111-bbbbbbbb5308','de','RECHENZENTREN & KRANKENHÄUSER','rechenzentren-krankenhaeuser-ausland',NULL,NULL,'2026-01-02 03:32:20','2026-01-02 03:32:20'),
('bbbb5308-1111-4111-8111-bbbbbbbb5308','en','Data Centers & Hospitals','data-centers-hospitals-international',NULL,NULL,'2026-01-02 03:32:20','2026-01-02 03:32:20'),
('bbbb5308-1111-4111-8111-bbbbbbbb5308','tr','Veri Merkezi & Hastane','veri-merkezi-hastane-yurtdisi',NULL,NULL,'2026-01-02 03:32:20','2026-01-02 03:32:20'),
('bbbb5309-1111-4111-8111-bbbbbbbb5309','de','SONSTIGE PROJEKTE','sonstige-projekte-ausland',NULL,NULL,'2026-01-02 03:32:20','2026-01-02 03:32:20'),
('bbbb5309-1111-4111-8111-bbbbbbbb5309','en','Other Projects','other-projects-international',NULL,NULL,'2026-01-02 03:32:20','2026-01-02 03:32:20'),
('bbbb5309-1111-4111-8111-bbbbbbbb5309','tr','Diğer Projeler','diger-projeler-yurtdisi',NULL,NULL,'2026-01-02 03:32:20','2026-01-02 03:32:20'),
('bbbb6001-1111-4111-8111-bbbbbbbb6001','de','PDF-Dokumente','pdf-dokumente',NULL,NULL,'2026-01-02 03:32:20','2026-01-02 03:32:20'),
('bbbb6001-1111-4111-8111-bbbbbbbb6001','en','PDF Documents','pdf-documents',NULL,NULL,'2026-01-02 03:32:20','2026-01-02 03:32:20'),
('bbbb6001-1111-4111-8111-bbbbbbbb6001','tr','PDF Dokümanlar','pdf-dokumanlar',NULL,NULL,'2026-01-02 03:32:20','2026-01-02 03:32:20'),
('bbbb6002-1111-4111-8111-bbbbbbbb6002','de','Bildergalerie','bildergalerie',NULL,NULL,'2026-01-02 03:32:20','2026-01-02 03:32:20'),
('bbbb6002-1111-4111-8111-bbbbbbbb6002','en','Image Gallery','image-gallery',NULL,NULL,'2026-01-02 03:32:20','2026-01-02 03:32:20'),
('bbbb6002-1111-4111-8111-bbbbbbbb6002','tr','Görsel Galeri','gorsel-galeri',NULL,NULL,'2026-01-02 03:32:20','2026-01-02 03:32:20'),
('bbbb6003-1111-4111-8111-bbbbbbbb6003','de','Videoinhalte','videoinhalte',NULL,NULL,'2026-01-02 03:32:20','2026-01-02 03:32:20'),
('bbbb6003-1111-4111-8111-bbbbbbbb6003','en','Video Content','video-content',NULL,NULL,'2026-01-02 03:32:20','2026-01-02 03:32:20'),
('bbbb6003-1111-4111-8111-bbbbbbbb6003','tr','Video İçerikler','video-icerikler',NULL,NULL,'2026-01-02 03:32:20','2026-01-02 03:32:20'),
('bbbb7001-1111-4111-8111-bbbbbbbb7001','de','Über uns','ueber-uns',NULL,NULL,'2026-01-02 03:32:20','2026-01-02 03:32:20'),
('bbbb7001-1111-4111-8111-bbbbbbbb7001','en','About Us','about-us-page',NULL,NULL,'2026-01-02 03:32:20','2026-01-02 03:32:20'),
('bbbb7001-1111-4111-8111-bbbbbbbb7001','tr','Hakkımızda','hakkimizda',NULL,NULL,'2026-01-02 03:32:20','2026-01-02 03:32:20'),
('bbbb7002-1111-4111-8111-bbbbbbbb7002','de','Mission','mission-vision',NULL,NULL,'2026-01-02 03:32:20','2026-01-02 03:32:20'),
('bbbb7002-1111-4111-8111-bbbbbbbb7002','en','Mission','mission',NULL,NULL,'2026-01-02 03:32:20','2026-01-02 03:32:20'),
('bbbb7002-1111-4111-8111-bbbbbbbb7002','tr','Misyon','misyon',NULL,NULL,'2026-01-02 03:32:20','2026-01-02 03:32:20'),
('bbbb7003-1111-4111-8111-bbbbbbbb7003','de','Vision','vision-de',NULL,NULL,'2026-01-02 03:32:20','2026-01-02 03:32:20'),
('bbbb7003-1111-4111-8111-bbbbbbbb7003','en','Vision','vision',NULL,NULL,'2026-01-02 03:32:20','2026-01-02 03:32:20'),
('bbbb7003-1111-4111-8111-bbbbbbbb7003','tr','Vizyon','vizyon',NULL,NULL,'2026-01-02 03:32:20','2026-01-02 03:32:20'),
('bbbb7004-1111-4111-8111-bbbbbbbb7004','de','Qualität & Zertifikate','qualitaet-zertifikate','Ensotek Qualitätsmanagement-Ansatz und international anerkannte Zertifikate.',NULL,'2026-01-02 03:32:20','2026-01-02 03:32:20'),
('bbbb7004-1111-4111-8111-bbbbbbbb7004','en','Quality & Certificates','quality-certificates','Ensotek quality management approach and internationally recognised certificates.',NULL,'2026-01-02 03:32:20','2026-01-02 03:32:20'),
('bbbb7004-1111-4111-8111-bbbbbbbb7004','tr','Kalite & Sertifikalar','kalite-sertifikalar','Ensotek kalite yönetim yaklaşımı ve uluslararası sertifikalarımız.',NULL,'2026-01-02 03:32:20','2026-01-02 03:32:20'),
('bbbb7005-1111-4111-8111-bbbbbbbb7005','de','Datenschutzerklärung','datenschutzerklaerung','Ensotek Datenschutzerklärung und Ansatz zum Schutz personenbezogener Daten.',NULL,'2026-01-02 03:32:20','2026-01-02 03:32:20'),
('bbbb7005-1111-4111-8111-bbbbbbbb7005','en','Privacy Policy','privacy-policy','Ensotek privacy policy and approach to protecting personal data.',NULL,'2026-01-02 03:32:20','2026-01-02 03:32:20'),
('bbbb7005-1111-4111-8111-bbbbbbbb7005','tr','Gizlilik Politikası','gizlilik-politikasi','Ensotek gizlilik politikası ve kişisel verilerin korunmasına ilişkin yaklaşım.',NULL,'2026-01-02 03:32:20','2026-01-02 03:32:20'),
('bbbb7006-1111-4111-8111-bbbbbbbb7006','de','DSGVO / KVKK','dsgvo-kvkk','Information zur Verarbeitung personenbezogener Daten (DSGVO/KVKK-Kontext).',NULL,'2026-01-02 03:32:20','2026-01-02 03:32:20'),
('bbbb7006-1111-4111-8111-bbbbbbbb7006','en','PDPL (KVKK)','pdpl-kvkk','Information regarding processing of personal data under Turkish PDPL (KVKK No. 6698).',NULL,'2026-01-02 03:32:20','2026-01-02 03:32:20'),
('bbbb7006-1111-4111-8111-bbbbbbbb7006','tr','KVKK','kvkk','6698 sayılı KVKK kapsamında kişisel verilerin işlenmesine ilişkin bilgilendirme.',NULL,'2026-01-02 03:32:20','2026-01-02 03:32:20'),
('bbbb7007-1111-4111-8111-bbbbbbbb7007','de','Nutzungsbedingungen','nutzungsbedingungen','Nutzungsbedingungen der Website und Haftungsbeschränkung.',NULL,'2026-01-02 03:32:20','2026-01-02 03:32:20'),
('bbbb7007-1111-4111-8111-bbbbbbbb7007','en','Terms of Use','terms-of-use','Website terms of use and limitation of liability.',NULL,'2026-01-02 03:32:20','2026-01-02 03:32:20'),
('bbbb7007-1111-4111-8111-bbbbbbbb7007','tr','Kullanım Koşulları','kullanim-kosullari','Web sitesi kullanım koşulları ve sorumluluk sınırları.',NULL,'2026-01-02 03:32:20','2026-01-02 03:32:20'),
('bbbb7008-1111-4111-8111-bbbbbbbb7008','de','Cookie-Richtlinie','cookie-richtlinie','Verwendung von Cookies und Verwaltung der Einstellungen.',NULL,'2026-01-02 03:32:20','2026-01-02 03:32:20'),
('bbbb7008-1111-4111-8111-bbbbbbbb7008','en','Cookie Policy','cookie-policy','Use of cookies and preference management.',NULL,'2026-01-02 03:32:20','2026-01-02 03:32:20'),
('bbbb7008-1111-4111-8111-bbbbbbbb7008','tr','Çerez Politikası','cerez-politikasi','Çerezlerin kullanımı ve tercih yönetimi.',NULL,'2026-01-02 03:32:20','2026-01-02 03:32:20'),
('bbbb7009-1111-4111-8111-bbbbbbbb7009','de','Informationspflicht','informationspflicht','Informationspflichten zur Verarbeitung personenbezogener Daten.',NULL,'2026-01-02 03:32:20','2026-01-02 03:32:20'),
('bbbb7009-1111-4111-8111-bbbbbbbb7009','en','Information Notice','information-notice','Information notice regarding processing of personal data.',NULL,'2026-01-02 03:32:20','2026-01-02 03:32:20'),
('bbbb7009-1111-4111-8111-bbbbbbbb7009','tr','Aydınlatma Metni','aydinlatma-metni','Kişisel verilerin işlenmesine dair aydınlatma metni.',NULL,'2026-01-02 03:32:20','2026-01-02 03:32:20'),
('bbbb7010-1111-4111-8111-bbbbbbbb7010','de','Impressum / Rechtliche Hinweise','impressum-rechtliche-hinweise','Unternehmensangaben, rechtliche Hinweise und Haftungsausschluss.',NULL,'2026-01-02 03:32:20','2026-01-02 03:32:20'),
('bbbb7010-1111-4111-8111-bbbbbbbb7010','en','Legal Notice','legal-notice','Company information, legal notices and disclaimers.',NULL,'2026-01-02 03:32:20','2026-01-02 03:32:20'),
('bbbb7010-1111-4111-8111-bbbbbbbb7010','tr','Yasal Bilgilendirme','yasal-bilgilendirme','Şirket bilgileri, yasal uyarılar ve sorumluluk reddi.',NULL,'2026-01-02 03:32:20','2026-01-02 03:32:20'),
('bbbb8001-1111-4111-8111-bbbbbbbb8001','de','Produktion','produktion','Ensotek ist spezialisiert auf die Herstellung industrieller Wasserkühltürme. Wir produzieren langlebige, hochwertige offene und geschlossene FRP-Kühltürme nach hohen Qualitätsstandards.',NULL,'2026-01-02 03:32:20','2026-01-02 03:32:20'),
('bbbb8001-1111-4111-8111-bbbbbbbb8001','en','Production','production','Ensotek is specialized in manufacturing industrial water cooling towers. The production covers durable, long life open and closed circuit FRP cooling towers with high quality standards.',NULL,'2026-01-02 03:32:20','2026-01-02 03:32:20'),
('bbbb8001-1111-4111-8111-bbbbbbbb8001','tr','Üretim','uretim','Ensotek, endüstriyel su soğutma kuleleri üretiminde uzmandır. Açık ve kapalı devre FRP (cam elyaf takviyeli polyester) malzemeden, dayanıklı, uzun ömürlü ve yüksek kaliteli soğutma kuleleri üretir.',NULL,'2026-01-02 03:32:20','2026-01-02 03:32:20'),
('bbbb8002-1111-4111-8111-bbbbbbbb8002','de','Wartung & Reparatur','wartung-reparatur','Ensotek bietet regelmäßige Wartung und professionelle Reparatur für industrielle Wasserkühltürme, verlängert die Lebensdauer der Systeme und verhindert Leistungs- und Effizienzverluste.',NULL,'2026-01-02 03:32:20','2026-01-02 03:32:20'),
('bbbb8002-1111-4111-8111-bbbbbbbb8002','en','Maintenance & Repair','maintenance-and-repair','Ensotek provides periodic maintenance and professional repair services for industrial water cooling towers, extending system lifetime and preserving performance and efficiency.',NULL,'2026-01-02 03:32:20','2026-01-02 03:32:20'),
('bbbb8002-1111-4111-8111-bbbbbbbb8002','tr','Bakım ve Onarım','bakim-ve-onarim','Ensotek, endüstriyel su soğutma kulelerinizin sorunsuz çalışmasını sağlamak amacıyla periyodik bakım ve profesyonel onarım hizmetleri sunar. Deneyimli ekibimiz ile sistemlerinizin ömrünü uzatır ve performans kaybını önleriz. Mevcut soğutma kulelerinin verimliliğini sağlamak için düzenli bakım ve onarım hizmetleri sunuyoruz.',NULL,'2026-01-02 03:32:20','2026-01-02 03:32:20'),
('bbbb8003-1111-4111-8111-bbbbbbbb8003','de','Modernisierung','modernisierung','Ensotek bietet Modernisierungslösungen, um bestehende Kühltürme auf aktuelle Effizienz- und Leistungsstandards zu bringen und die Energieeffizienz mit geringeren Investitionskosten zu steigern.',NULL,'2026-01-02 03:32:20','2026-01-02 03:32:20'),
('bbbb8003-1111-4111-8111-bbbbbbbb8003','en','Modernization','modernization','Ensotek offers modernization solutions to bring existing cooling towers up to current efficiency and performance standards, increasing energy efficiency with lower investment costs.',NULL,'2026-01-02 03:32:20','2026-01-02 03:32:20'),
('bbbb8003-1111-4111-8111-bbbbbbbb8003','tr','Modernizasyon','modernizasyon','Ensotek, mevcut su soğutma kulelerinin daha verimli ve güncel standartlara uygun çalışabilmesi için modernizasyon çözümleri sunar. Eskiyen sistemlerinizi daha düşük maliyetle yenilemek ve enerji verimliliğini artırmak mümkündür. Eski soğutma kulelerinin performansını artırmak için modernizasyon hizmetleri sunuyoruz.',NULL,'2026-01-02 03:32:20','2026-01-02 03:32:20'),
('bbbb8004-1111-4111-8111-bbbbbbbb8004','de','Ersatzteile & Komponenten','ersatzteile-komponenten','Ensotek liefert ein breites Portfolio an Ersatzteilen und Komponenten für Kühltürme und gewährleistet einen zuverlässigen, langlebigen und effizienten Betrieb Ihrer Anlagen.',NULL,'2026-01-02 03:32:20','2026-01-02 03:32:20'),
('bbbb8004-1111-4111-8111-bbbbbbbb8004','en','Spare Parts & Components','spare-parts-and-components','Ensotek supplies a wide portfolio of spare parts and components for cooling towers, ensuring reliable, long life and efficient operation of your systems.',NULL,'2026-01-02 03:32:20','2026-01-02 03:32:20'),
('bbbb8004-1111-4111-8111-bbbbbbbb8004','tr','Yedek Parçalar ve Bileşenler','yedek-parcalar-ve-bilesenler','Ensotek, su soğutma kuleleri için geniş bir yedek parça ve bileşen portföyü sunar. Tüm yedek parçalarımız, kulelerinizin uzun ömürlü ve verimli çalışması için kaliteli ve güvenilirdir. Soğutma kulelerinin sorunsuz çalışmasını sağlamak için geniş yedek parça ve bileşen seçenekleri sunuyoruz.',NULL,'2026-01-02 03:32:20','2026-01-02 03:32:20'),
('bbbb8005-1111-4111-8111-bbbbbbbb8005','de','Anwendungen & Referenzen','anwendungen-referenzen','Ensotek verfügt über zahlreiche Referenzprojekte in Industrie und Gewerbe und liefert langlebige, effiziente Kühlturmlösungen für Energie, Chemie, Lebensmittel, Pharma, Automotive und weitere Branchen.',NULL,'2026-01-02 03:32:20','2026-01-02 03:32:20'),
('bbbb8005-1111-4111-8111-bbbbbbbb8005','en','Applications & References','applications-and-references','Ensotek has many reference projects and applications in industrial and commercial fields, delivering long life and efficient cooling tower solutions for energy, chemical, food, pharmaceutical, automotive and many other sectors.',NULL,'2026-01-02 03:32:20','2026-01-02 03:32:20'),
('bbbb8005-1111-4111-8111-bbbbbbbb8005','tr','Uygulamalar ve Referanslar','uygulamalar-ve-referanslar','Ensotek, endüstriyel ve ticari alanlarda çok sayıda referans projeye ve uygulamaya sahiptir. Enerji, kimya, gıda, ilaç, otomotiv ve daha birçok sektörde su soğutma kuleleriyle yerli ve yabancı yüzlerce projeye çözüm sunmuştur. Deneyimimiz ve uzman ekibimiz sayesinde müşterilerimizin farklı ihtiyaçlarına uygun, uzun ömürlü ve verimli soğutma sistemleri sağlıyoruz. Referanslarımız ve uygulama örneklerimiz, yüksek kalite ve güvenin göstergesidir.',NULL,'2026-01-02 03:32:20','2026-01-02 03:32:20'),
('bbbb8006-1111-4111-8111-bbbbbbbb8006','de','Engineering-Support','engineering-support','Ensotek bietet umfassenden Engineering-Support für Kühlturmprojekte – von Auslegung und Beratung über Systemoptimierung und Performance-Analyse bis hin zu Schulungen und Inbetriebnahme.',NULL,'2026-01-02 03:32:20','2026-01-02 03:32:20'),
('bbbb8006-1111-4111-8111-bbbbbbbb8006','en','Engineering Support','engineering-support','Ensotek provides comprehensive engineering support for cooling tower projects, including design, consulting, system optimisation, performance analysis and technical training from concept to commissioning.',NULL,'2026-01-02 03:32:20','2026-01-02 03:32:20'),
('bbbb8006-1111-4111-8111-bbbbbbbb8006','tr','Mühendislik Desteği','muhendislik-destegi','Ensotek, projelendirme, danışmanlık, sistem optimizasyonu, performans analizi ve teknik eğitim dahil olmak üzere kapsamlı mühendislik destek hizmetleri sağlar. Uzman mühendislerimiz, projelerin tasarımından devreye alınmasına kadar her aşamada müşterilerimizin yanında olur. En iyi verim, düşük maliyet ve uzun ömürlü çözümler için profesyonel destek sunuyoruz. Ensotek, müşterilerine soğutma kuleleri alanında uzman mühendislik desteği sunar.',NULL,'2026-01-02 03:32:20','2026-01-02 03:32:20'),
('bbbb9001-1111-4111-8111-bbbbbbbb9001','de','Allgemeine Fragen','allgemeine-fragen',NULL,NULL,'2026-01-02 03:32:20','2026-01-02 03:32:20'),
('bbbb9001-1111-4111-8111-bbbbbbbb9001','en','General Questions','general-questions',NULL,NULL,'2026-01-02 03:32:20','2026-01-02 03:32:20'),
('bbbb9001-1111-4111-8111-bbbbbbbb9001','tr','Genel Sorular','genel-sorular',NULL,NULL,'2026-01-02 03:32:20','2026-01-02 03:32:20'),
('bbbb9002-1111-4111-8111-bbbbbbbb9002','de','Zu den Produkten','zu-den-produkten',NULL,NULL,'2026-01-02 03:32:20','2026-01-02 03:32:20'),
('bbbb9002-1111-4111-8111-bbbbbbbb9002','en','About Products','about-products',NULL,NULL,'2026-01-02 03:32:20','2026-01-02 03:32:20'),
('bbbb9002-1111-4111-8111-bbbbbbbb9002','tr','Ürünler Hakkında','urunler-hakkinda',NULL,NULL,'2026-01-02 03:32:20','2026-01-02 03:32:20'),
('bbbb9003-1111-4111-8111-bbbbbbbb9003','de','Technischer Support','technischer-support',NULL,NULL,'2026-01-02 03:32:20','2026-01-02 03:32:20'),
('bbbb9003-1111-4111-8111-bbbbbbbb9003','en','Technical Support','technical-support',NULL,NULL,'2026-01-02 03:32:20','2026-01-02 03:32:20'),
('bbbb9003-1111-4111-8111-bbbbbbbb9003','tr','Teknik Destek','teknik-destek',NULL,NULL,'2026-01-02 03:32:20','2026-01-02 03:32:20'),
('bbbb9004-1111-4111-8111-bbbbbbbb9004','de','Wartung & Service','wartung-service',NULL,NULL,'2026-01-02 03:32:20','2026-01-02 03:32:20'),
('bbbb9004-1111-4111-8111-bbbbbbbb9004','en','Maintenance & Service','maintenance-and-service',NULL,NULL,'2026-01-02 03:32:20','2026-01-02 03:32:20'),
('bbbb9004-1111-4111-8111-bbbbbbbb9004','tr','Bakım ve Servis','bakim-ve-servis',NULL,NULL,'2026-01-02 03:32:20','2026-01-02 03:32:20'),
('bbbb9101-1111-4111-8111-bbbbbbbb9101','de','Management & Gründer','management-gruender',NULL,NULL,'2026-01-02 03:32:20','2026-01-02 03:32:20'),
('bbbb9101-1111-4111-8111-bbbbbbbb9101','en','Management & Founders','management-and-founders',NULL,NULL,'2026-01-02 03:32:20','2026-01-02 03:32:20'),
('bbbb9101-1111-4111-8111-bbbbbbbb9101','tr','Yönetim ve Kurucu Ortaklar','yonetim-ve-kurucu-ortaklar',NULL,NULL,'2026-01-02 03:32:20','2026-01-02 03:32:20'),
('bbbb9102-1111-4111-8111-bbbbbbbb9102','de','Engineering-Team','engineering-team',NULL,NULL,'2026-01-02 03:32:20','2026-01-02 03:32:20'),
('bbbb9102-1111-4111-8111-bbbbbbbb9102','en','Engineering Team','engineering-team',NULL,NULL,'2026-01-02 03:32:20','2026-01-02 03:32:20'),
('bbbb9102-1111-4111-8111-bbbbbbbb9102','tr','Mühendislik Ekibi','muhendislik-ekibi',NULL,NULL,'2026-01-02 03:32:20','2026-01-02 03:32:20'),
('bbbb9103-1111-4111-8111-bbbbbbbb9103','de','Außendienst & Service-Team','aussendienst-service-team',NULL,NULL,'2026-01-02 03:32:20','2026-01-02 03:32:20'),
('bbbb9103-1111-4111-8111-bbbbbbbb9103','en','Field & Service Team','field-and-service-team',NULL,NULL,'2026-01-02 03:32:20','2026-01-02 03:32:20'),
('bbbb9103-1111-4111-8111-bbbbbbbb9103','tr','Saha ve Servis Ekibi','saha-ve-servis-ekibi',NULL,NULL,'2026-01-02 03:32:20','2026-01-02 03:32:20');
/*!40000 ALTER TABLE `sub_category_i18n` ENABLE KEYS */;
UNLOCK TABLES;

--
-- Table structure for table `support_tickets`
--

DROP TABLE IF EXISTS `support_tickets`;
/*!40101 SET @saved_cs_client     = @@character_set_client */;
/*!40101 SET character_set_client = utf8mb4 */;
CREATE TABLE `support_tickets` (
  `id` char(36) NOT NULL,
  `user_id` char(36) NOT NULL,
  `subject` varchar(255) NOT NULL,
  `message` longtext NOT NULL,
  `status` enum('open','in_progress','waiting_response','closed') NOT NULL DEFAULT 'open',
  `priority` enum('low','medium','high','urgent') NOT NULL DEFAULT 'medium',
  `created_at` datetime(3) NOT NULL DEFAULT current_timestamp(3),
  `updated_at` datetime(3) NOT NULL DEFAULT current_timestamp(3) ON UPDATE current_timestamp(3),
  PRIMARY KEY (`id`),
  KEY `idx_support_tickets_user` (`user_id`),
  KEY `idx_support_tickets_created` (`created_at`),
  KEY `idx_support_tickets_updated` (`updated_at`),
  KEY `idx_support_tickets_status` (`status`),
  KEY `idx_support_tickets_priority` (`priority`)
) ENGINE=InnoDB DEFAULT CHARSET=utf8mb4 COLLATE=utf8mb4_unicode_ci;
/*!40101 SET character_set_client = @saved_cs_client */;

--
-- Dumping data for table `support_tickets`
--

LOCK TABLES `support_tickets` WRITE;
/*!40000 ALTER TABLE `support_tickets` DISABLE KEYS */;
INSERT INTO `support_tickets` VALUES
('ebea761f-8dbe-42ff-9805-2a8c552d9388','7129bc31-88dc-42da-ab80-415a21f2ea9a','qweqweqwe','asdasdsa','open','urgent','2025-10-13 17:02:16.000','2025-10-13 17:02:16.000'),
('f20fa9f8-5d93-463a-bf7b-60449fa5dfa4','7129bc31-88dc-42da-ab80-415a21f2ea9a','Rast','RASt','open','medium','2025-10-15 14:50:50.000','2025-10-15 14:55:56.000');
/*!40000 ALTER TABLE `support_tickets` ENABLE KEYS */;
UNLOCK TABLES;

--
-- Table structure for table `ticket_replies`
--

DROP TABLE IF EXISTS `ticket_replies`;
/*!40101 SET @saved_cs_client     = @@character_set_client */;
/*!40101 SET character_set_client = utf8mb4 */;
CREATE TABLE `ticket_replies` (
  `id` char(36) NOT NULL,
  `ticket_id` char(36) NOT NULL,
  `user_id` char(36) DEFAULT NULL,
  `message` longtext NOT NULL,
  `is_admin` tinyint(1) NOT NULL DEFAULT 0,
  `created_at` datetime(3) NOT NULL DEFAULT current_timestamp(3),
  PRIMARY KEY (`id`),
  KEY `idx_ticket_replies_ticket` (`ticket_id`),
  KEY `idx_ticket_replies_created` (`created_at`),
  CONSTRAINT `fk_ticket_replies_ticket` FOREIGN KEY (`ticket_id`) REFERENCES `support_tickets` (`id`) ON DELETE CASCADE
) ENGINE=InnoDB DEFAULT CHARSET=utf8mb4 COLLATE=utf8mb4_unicode_ci;
/*!40101 SET character_set_client = @saved_cs_client */;

--
-- Dumping data for table `ticket_replies`
--

LOCK TABLES `ticket_replies` WRITE;
/*!40000 ALTER TABLE `ticket_replies` DISABLE KEYS */;
INSERT INTO `ticket_replies` VALUES
('e76247c0-95dc-4295-8661-3d6b901e4950','ebea761f-8dbe-42ff-9805-2a8c552d9388','7129bc31-88dc-42da-ab80-415a21f2ea9a','rdgdfgdfgdfgdfgdfgdfgdfg',1,'2025-10-13 15:33:27.000'),
('ff93ce04-575c-4c7a-9cbd-b7aec9b9c88b','f20fa9f8-5d93-463a-bf7b-60449fa5dfa4','7129bc31-88dc-42da-ab80-415a21f2ea9a','asd',1,'2025-10-15 14:23:24.000');
/*!40000 ALTER TABLE `ticket_replies` ENABLE KEYS */;
UNLOCK TABLES;

--
-- Table structure for table `user_roles`
--

DROP TABLE IF EXISTS `user_roles`;
/*!40101 SET @saved_cs_client     = @@character_set_client */;
/*!40101 SET character_set_client = utf8mb4 */;
CREATE TABLE `user_roles` (
  `id` char(36) NOT NULL,
  `user_id` char(36) NOT NULL,
  `role` enum('admin','moderator','user') NOT NULL DEFAULT 'user',
  `created_at` datetime(3) NOT NULL DEFAULT current_timestamp(3),
  PRIMARY KEY (`id`),
  UNIQUE KEY `user_roles_user_id_role_unique` (`user_id`,`role`),
  KEY `user_roles_user_id_idx` (`user_id`),
  KEY `user_roles_role_idx` (`role`),
  KEY `user_roles_user_id_created_at_idx` (`user_id`,`created_at`),
  CONSTRAINT `fk_user_roles_user_id_users_id` FOREIGN KEY (`user_id`) REFERENCES `users` (`id`) ON DELETE CASCADE ON UPDATE CASCADE
) ENGINE=InnoDB DEFAULT CHARSET=utf8mb4 COLLATE=utf8mb4_unicode_ci;
/*!40101 SET character_set_client = @saved_cs_client */;

--
-- Dumping data for table `user_roles`
--

LOCK TABLES `user_roles` WRITE;
/*!40000 ALTER TABLE `user_roles` DISABLE KEYS */;
INSERT INTO `user_roles` VALUES
('a4fbc39d-e78b-11f0-9483-e768515de04d','4f618a8d-6fdb-498c-898a-395d368b2193','admin','2026-01-02 03:32:19.855');
/*!40000 ALTER TABLE `user_roles` ENABLE KEYS */;
UNLOCK TABLES;

--
-- Table structure for table `users`
--

DROP TABLE IF EXISTS `users`;
/*!40101 SET @saved_cs_client     = @@character_set_client */;
/*!40101 SET character_set_client = utf8mb4 */;
CREATE TABLE `users` (
  `id` char(36) NOT NULL,
  `email` varchar(255) NOT NULL,
  `password_hash` varchar(255) NOT NULL,
  `full_name` varchar(255) DEFAULT NULL,
  `phone` varchar(50) DEFAULT NULL,
  `is_active` tinyint(1) NOT NULL DEFAULT 1,
  `email_verified` tinyint(1) NOT NULL DEFAULT 0,
  `reset_token` varchar(255) DEFAULT NULL,
  `reset_token_expires` datetime(3) DEFAULT NULL,
  `created_at` datetime(3) NOT NULL DEFAULT current_timestamp(3),
  `updated_at` datetime(3) NOT NULL DEFAULT current_timestamp(3) ON UPDATE current_timestamp(3),
  `last_sign_in_at` datetime(3) DEFAULT NULL,
  PRIMARY KEY (`id`),
  UNIQUE KEY `users_email_unique` (`email`)
) ENGINE=InnoDB DEFAULT CHARSET=utf8mb4 COLLATE=utf8mb4_unicode_ci;
/*!40101 SET character_set_client = @saved_cs_client */;

--
-- Dumping data for table `users`
--

LOCK TABLES `users` WRITE;
/*!40000 ALTER TABLE `users` DISABLE KEYS */;
INSERT INTO `users` VALUES
('0ac37a5c-a8be-4d25-b853-1e5c9574c1b3','mehmet@gmail.com','$2b$12$temporary.hash.needs.reset','Mehmet Kuber','05454905148',1,0,NULL,NULL,'2025-10-07 09:49:06.000','2025-10-16 09:26:05.000',NULL),
('19a2bc26-63d1-43ad-ab56-d7f3c3719a34','hostingisletmesi@gmail.com','$2b$12$temporary.hash.needs.reset','Nuri Muh','05414417854',1,0,NULL,NULL,'2025-10-13 15:07:15.000','2025-10-16 09:26:05.000',NULL),
('4a8fb7f7-0668-4429-9309-fe88ac90eed2','mlhgs1@gmail.com','$2b$12$temporary.hash.needs.reset','Sultan Abdü','05427354197',1,0,NULL,NULL,'2025-10-13 20:14:20.000','2025-10-16 09:26:05.000',NULL),
('4f618a8d-6fdb-498c-898a-395d368b2193','orhanguzell@gmail.com','$2b$12$7yYBo04HTe.Q01nKqvY73eZ.7D6EjcmMFloHQvDslhBGE5QkT41OG','Orhan Güzel','+905551112233',1,1,NULL,NULL,'2026-01-02 03:32:19.801','2026-01-02 09:34:12.727','2026-01-02 09:34:12.727'),
('7129bc31-88dc-42da-ab80-415a21f2ea9a','melihkececi@yandex.com','$2b$12$temporary.hash.needs.reset','Melih Keçeci',NULL,1,0,NULL,NULL,'2025-10-06 18:08:24.000','2025-10-16 09:26:05.000',NULL),
('d279bb9d-797d-4972-a8bd-a77a40caba91','kececimelih@gmail.com','$2b$12$temporary.hash.needs.reset','Keçeci Melih','05425547474',1,0,NULL,NULL,'2025-10-14 07:49:48.000','2025-10-16 09:26:05.000',NULL);
/*!40000 ALTER TABLE `users` ENABLE KEYS */;
UNLOCK TABLES;

--
-- Dumping events for database 'ensotek'
--

--
-- Dumping routines for database 'ensotek'
--
/*!40103 SET TIME_ZONE=@OLD_TIME_ZONE */;

/*!40101 SET SQL_MODE=@OLD_SQL_MODE */;
/*!40014 SET FOREIGN_KEY_CHECKS=@OLD_FOREIGN_KEY_CHECKS */;
/*!40014 SET UNIQUE_CHECKS=@OLD_UNIQUE_CHECKS */;
/*!40101 SET CHARACTER_SET_CLIENT=@OLD_CHARACTER_SET_CLIENT */;
/*!40101 SET CHARACTER_SET_RESULTS=@OLD_CHARACTER_SET_RESULTS */;
/*!40101 SET COLLATION_CONNECTION=@OLD_COLLATION_CONNECTION */;
/*!40111 SET SQL_NOTES=@OLD_SQL_NOTES */;

-- Dump completed on 2026-01-02 10:35:48
